Time,TÂ° OD:600,B1,B2,B3,B4,B5,B6,B7,B8,B9,B10,C1,C2,C3,C4,C5,C6,C7,C8,C9
0:09:10,28.0,0.117,0.117,0.118,0.120,0.120,0.121,0.122,0.121,0.122,0.078,0.078,0.079,0.079,0.079,0.079,0.078,0.078,0.078,0.079
0:19:10,28.0,0.116,0.117,0.118,0.120,0.121,0.121,0.123,0.121,0.122,0.078,0.078,0.079,0.079,0.079,0.080,0.078,0.078,0.078,0.079
0:29:10,28.0,0.115,0.117,0.118,0.121,0.122,0.120,0.123,0.122,0.123,0.078,0.078,0.079,0.079,0.079,0.080,0.078,0.078,0.078,0.079
0:39:10,28.1,0.115,0.117,0.117,0.122,0.121,0.120,0.125,0.124,0.124,0.078,0.079,0.079,0.079,0.080,0.080,0.078,0.079,0.078,0.079
0:49:10,28.1,0.115,0.117,0.117,0.120,0.120,0.119,0.126,0.125,0.125,0.078,0.079,0.079,0.079,0.080,0.080,0.078,0.078,0.078,0.079
0:59:10,28.2,0.117,0.117,0.118,0.120,0.121,0.121,0.128,0.126,0.127,0.078,0.079,0.079,0.079,0.080,0.080,0.078,0.078,0.078,0.079
1:09:10,28.2,0.119,0.118,0.118,0.120,0.121,0.121,0.129,0.128,0.128,0.078,0.079,0.079,0.079,0.080,0.080,0.078,0.078,0.078,0.079
1:19:10,28.3,0.120,0.119,0.119,0.121,0.121,0.121,0.130,0.129,0.129,0.078,0.079,0.079,0.079,0.080,0.080,0.078,0.079,0.078,0.079
1:29:10,28.4,0.120,0.119,0.121,0.121,0.121,0.121,0.131,0.130,0.131,0.078,0.079,0.079,0.079,0.080,0.080,0.078,0.079,0.078,0.079
1:39:10,28.4,0.121,0.121,0.123,0.120,0.121,0.120,0.133,0.131,0.132,0.078,0.079,0.079,0.079,0.080,0.080,0.078,0.079,0.078,0.079
1:49:10,28.4,0.122,0.120,0.124,0.121,0.121,0.121,0.134,0.132,0.134,0.078,0.079,0.079,0.079,0.080,0.080,0.078,0.078,0.078,0.079
1:59:10,28.4,0.123,0.123,0.125,0.121,0.121,0.120,0.136,0.134,0.135,0.078,0.079,0.079,0.079,0.080,0.080,0.078,0.079,0.078,0.079
2:09:10,28.5,0.124,0.125,0.127,0.121,0.121,0.120,0.137,0.136,0.137,0.078,0.079,0.079,0.079,0.080,0.080,0.078,0.079,0.078,0.079
2:19:10,28.5,0.123,0.127,0.128,0.121,0.121,0.120,0.139,0.137,0.139,0.078,0.079,0.079,0.079,0.080,0.080,0.078,0.079,0.078,0.079
2:29:10,28.5,0.125,0.129,0.129,0.120,0.120,0.120,0.141,0.139,0.140,0.078,0.079,0.079,0.079,0.080,0.080,0.078,0.079,0.078,0.079
2:39:10,28.5,0.126,0.132,0.131,0.120,0.120,0.120,0.142,0.141,0.143,0.079,0.079,0.079,0.079,0.080,0.080,0.078,0.079,0.078,0.079
2:49:10,28.5,0.127,0.133,0.132,0.121,0.120,0.120,0.145,0.144,0.146,0.078,0.079,0.079,0.079,0.080,0.080,0.078,0.079,0.078,0.079
2:59:10,28.5,0.129,0.135,0.133,0.121,0.120,0.120,0.145,0.144,0.146,0.078,0.079,0.079,0.079,0.080,0.080,0.078,0.079,0.078,0.079
3:09:10,28.5,0.129,0.135,0.133,0.121,0.120,0.120,0.148,0.147,0.148,0.078,0.079,0.079,0.079,0.080,0.080,0.079,0.079,0.078,0.079
3:19:10,28.5,0.131,0.137,0.135,0.121,0.120,0.120,0.149,0.149,0.150,0.078,0.079,0.079,0.079,0.080,0.080,0.078,0.079,0.078,0.079
3:29:10,28.5,0.132,0.137,0.136,0.121,0.120,0.120,0.151,0.153,0.154,0.078,0.079,0.079,0.079,0.080,0.080,0.079,0.079,0.078,0.079
3:39:10,28.5,0.134,0.139,0.138,0.121,0.120,0.120,0.154,0.152,0.155,0.078,0.079,0.079,0.079,0.080,0.080,0.079,0.079,0.078,0.079
3:49:10,28.5,0.135,0.140,0.139,0.121,0.120,0.120,0.157,0.157,0.159,0.078,0.079,0.079,0.079,0.080,0.080,0.079,0.079,0.078,0.079
3:59:10,28.5,0.137,0.142,0.141,0.121,0.120,0.120,0.161,0.160,0.162,0.078,0.079,0.079,0.079,0.080,0.080,0.079,0.079,0.078,0.079
4:09:10,28.5,0.138,0.143,0.143,0.121,0.120,0.121,0.166,0.163,0.167,0.078,0.079,0.079,0.079,0.080,0.080,0.078,0.079,0.078,0.079
4:19:10,28.5,0.140,0.145,0.146,0.122,0.121,0.122,0.171,0.169,0.171,0.079,0.079,0.079,0.079,0.080,0.080,0.079,0.079,0.078,0.079
4:29:10,28.5,0.141,0.146,0.147,0.122,0.121,0.122,0.178,0.175,0.177,0.078,0.079,0.079,0.079,0.080,0.080,0.079,0.079,0.078,0.079
4:39:10,28.5,0.144,0.148,0.151,0.123,0.123,0.124,0.186,0.183,0.184,0.078,0.079,0.079,0.079,0.080,0.080,0.079,0.079,0.078,0.079
4:49:10,28.5,0.146,0.151,0.154,0.124,0.124,0.126,0.194,0.190,0.192,0.078,0.079,0.079,0.079,0.080,0.080,0.079,0.079,0.078,0.079
4:59:10,28.5,0.148,0.153,0.157,0.126,0.125,0.127,0.203,0.199,0.199,0.078,0.079,0.079,0.079,0.080,0.080,0.079,0.079,0.078,0.079
5:09:10,28.5,0.151,0.157,0.161,0.128,0.127,0.129,0.211,0.207,0.206,0.079,0.079,0.080,0.079,0.080,0.081,0.079,0.079,0.079,0.080
5:19:10,28.5,0.154,0.161,0.165,0.130,0.129,0.132,0.221,0.217,0.215,0.079,0.079,0.080,0.079,0.080,0.081,0.079,0.079,0.079,0.080
5:29:10,28.5,0.156,0.164,0.169,0.132,0.131,0.134,0.228,0.223,0.222,0.078,0.079,0.080,0.079,0.080,0.080,0.079,0.079,0.078,0.079
5:39:10,28.5,0.159,0.167,0.172,0.135,0.134,0.137,0.238,0.233,0.231,0.078,0.079,0.079,0.079,0.080,0.080,0.079,0.079,0.078,0.080
5:49:10,28.5,0.162,0.170,0.176,0.138,0.136,0.140,0.251,0.242,0.240,0.078,0.080,0.080,0.079,0.080,0.080,0.079,0.079,0.078,0.080
5:59:10,28.5,0.165,0.174,0.181,0.143,0.140,0.144,0.276,0.258,0.254,0.078,0.079,0.080,0.079,0.080,0.081,0.079,0.079,0.079,0.080
6:09:10,28.5,0.169,0.181,0.187,0.148,0.145,0.150,0.314,0.288,0.276,0.079,0.080,0.080,0.080,0.080,0.081,0.079,0.079,0.079,0.080
6:19:10,28.5,0.173,0.185,0.188,0.153,0.149,0.154,0.355,0.318,0.292,0.079,0.079,0.080,0.079,0.080,0.081,0.079,0.079,0.078,0.080
6:29:10,28.5,0.178,0.188,0.192,0.159,0.155,0.161,0.392,0.359,0.327,0.078,0.080,0.080,0.079,0.080,0.081,0.079,0.079,0.078,0.080
6:39:10,28.5,0.182,0.191,0.195,0.165,0.159,0.166,0.427,0.399,0.370,0.079,0.080,0.080,0.079,0.080,0.081,0.079,0.079,0.079,0.080
6:49:10,28.5,0.186,0.197,0.200,0.172,0.166,0.173,0.472,0.449,0.427,0.078,0.080,0.080,0.079,0.080,0.081,0.079,0.079,0.078,0.080
6:59:10,28.5,0.195,0.204,0.206,0.179,0.172,0.180,0.536,0.514,0.486,0.079,0.080,0.080,0.080,0.080,0.081,0.079,0.079,0.079,0.080
7:09:10,28.5,0.200,0.208,0.211,0.186,0.178,0.188,0.595,0.567,0.530,0.079,0.080,0.080,0.080,0.080,0.081,0.079,0.079,0.079,0.080
7:19:10,28.5,0.206,0.213,0.217,0.196,0.187,0.197,0.642,0.602,0.562,0.079,0.079,0.080,0.080,0.080,0.081,0.079,0.079,0.079,0.080
7:29:10,28.5,0.211,0.216,0.219,0.204,0.193,0.203,0.642,0.605,0.580,0.078,0.079,0.080,0.079,0.080,0.081,0.079,0.079,0.079,0.080
7:39:10,28.5,0.217,0.220,0.224,0.222,0.203,0.215,0.617,0.584,0.571,0.079,0.079,0.080,0.080,0.080,0.081,0.079,0.079,0.079,0.080
7:49:10,28.5,0.223,0.227,0.229,0.250,0.225,0.242,0.615,0.584,0.578,0.079,0.079,0.080,0.080,0.080,0.081,0.079,0.079,0.082,0.080
7:59:10,28.5,0.226,0.234,0.231,0.292,0.263,0.288,0.642,0.606,0.609,0.079,0.079,0.080,0.080,0.080,0.081,0.079,0.079,0.079,0.080
8:09:10,28.5,0.235,0.236,0.235,0.312,0.281,0.308,0.631,0.595,0.597,0.079,0.079,0.080,0.080,0.080,0.081,0.079,0.079,0.080,0.080
8:19:10,28.5,0.233,0.239,0.235,0.345,0.322,0.350,0.629,0.594,0.597,0.079,0.079,0.080,0.080,0.080,0.081,0.079,0.079,0.079,0.080
8:29:10,28.5,0.234,0.240,0.234,0.376,0.356,0.387,0.632,0.600,0.603,0.079,0.079,0.080,0.080,0.080,0.081,0.079,0.079,0.079,0.080
8:39:10,28.5,0.237,0.242,0.237,0.404,0.385,0.420,0.632,0.600,0.604,0.079,0.079,0.080,0.080,0.080,0.081,0.079,0.079,0.079,0.080
8:49:10,28.5,0.238,0.240,0.235,0.452,0.432,0.471,0.643,0.614,0.620,0.079,0.079,0.080,0.080,0.080,0.081,0.079,0.079,0.079,0.080
8:59:10,28.5,0.241,0.243,0.238,0.488,0.466,0.505,0.647,0.618,0.624,0.079,0.079,0.080,0.080,0.080,0.081,0.079,0.079,0.079,0.080
9:09:10,28.5,0.245,0.246,0.240,0.526,0.502,0.540,0.651,0.622,0.629,0.079,0.079,0.080,0.080,0.080,0.081,0.079,0.079,0.079,0.080
9:19:10,28.5,0.256,0.255,0.251,0.545,0.520,0.555,0.659,0.631,0.640,0.087,0.079,0.080,0.080,0.080,0.081,0.079,0.079,0.079,0.080
9:29:10,28.5,0.265,0.262,0.260,0.566,0.540,0.574,0.661,0.636,0.644,0.085,0.079,0.080,0.080,0.080,0.081,0.079,0.079,0.079,0.080
9:39:10,28.5,0.266,0.267,0.267,0.580,0.558,0.588,0.665,0.644,0.651,0.086,0.079,0.080,0.080,0.080,0.081,0.079,0.079,0.079,0.080
9:49:10,28.5,0.272,0.271,0.272,0.604,0.583,0.612,0.672,0.650,0.659,0.079,0.079,0.080,0.080,0.081,0.081,0.079,0.079,0.079,0.080
9:59:10,28.5,0.276,0.277,0.280,0.604,0.586,0.615,0.691,0.673,0.681,0.086,0.079,0.080,0.080,0.080,0.081,0.079,0.079,0.079,0.080
10:09:10,28.5,0.281,0.280,0.281,0.614,0.599,0.625,0.684,0.667,0.675,0.079,0.079,0.080,0.080,0.080,0.081,0.079,0.079,0.079,0.080
10:19:10,28.5,0.305,0.302,0.295,0.630,0.617,0.642,0.684,0.667,0.676,0.079,0.079,0.080,0.080,0.081,0.081,0.079,0.079,0.079,0.080
10:29:10,28.5,0.322,0.319,0.313,0.634,0.623,0.647,0.704,0.688,0.696,0.079,0.079,0.080,0.080,0.081,0.081,0.079,0.079,0.079,0.080
10:39:10,28.5,0.364,0.348,0.339,0.647,0.638,0.659,0.707,0.691,0.700,0.080,0.079,0.080,0.080,0.081,0.081,0.079,0.079,0.079,0.080
10:49:10,28.5,0.405,0.390,0.383,0.653,0.644,0.666,0.716,0.702,0.712,0.086,0.079,0.080,0.080,0.081,0.081,0.079,0.079,0.079,0.080
10:59:10,28.5,0.445,0.428,0.421,0.658,0.651,0.672,0.709,0.695,0.707,0.080,0.079,0.080,0.080,0.081,0.081,0.079,0.079,0.079,0.080
11:09:10,28.5,0.501,0.474,0.472,0.663,0.659,0.683,0.742,0.730,0.740,0.078,0.079,0.080,0.080,0.081,0.081,0.079,0.079,0.079,0.080
11:19:10,28.5,0.529,0.512,0.511,0.670,0.667,0.692,0.759,0.747,0.758,0.079,0.079,0.080,0.080,0.080,0.081,0.079,0.079,0.079,0.080
11:29:10,28.5,0.524,0.519,0.519,0.674,0.671,0.693,0.742,0.730,0.743,0.079,0.079,0.080,0.080,0.081,0.081,0.079,0.079,0.079,0.080
11:39:10,28.5,0.544,0.539,0.542,0.678,0.673,0.694,0.743,0.730,0.743,0.079,0.079,0.080,0.080,0.081,0.081,0.079,0.079,0.079,0.080
11:49:10,28.5,0.592,0.580,0.585,0.687,0.683,0.707,0.763,0.753,0.765,0.079,0.079,0.080,0.080,0.081,0.081,0.079,0.079,0.079,0.080
11:59:10,28.5,0.594,0.585,0.591,0.688,0.684,0.708,0.764,0.753,0.767,0.079,0.079,0.080,0.080,0.081,0.081,0.079,0.079,0.079,0.080
12:09:10,28.5,0.628,0.618,0.626,0.696,0.694,0.719,0.782,0.774,0.787,0.079,0.079,0.080,0.080,0.081,0.081,0.079,0.079,0.079,0.080
12:19:10,28.5,0.632,0.623,0.628,0.700,0.696,0.720,0.778,0.769,0.784,0.079,0.079,0.080,0.080,0.081,0.081,0.079,0.079,0.079,0.080
12:29:10,28.5,0.646,0.640,0.649,0.706,0.703,0.728,0.791,0.782,0.797,0.079,0.079,0.080,0.080,0.081,0.081,0.079,0.079,0.079,0.080
12:39:10,28.5,0.667,0.664,0.673,0.712,0.711,0.737,0.806,0.798,0.813,0.079,0.079,0.080,0.080,0.081,0.081,0.079,0.079,0.079,0.080
12:49:10,28.5,0.678,0.679,0.688,0.718,0.717,0.744,0.816,0.809,0.824,0.079,0.079,0.080,0.080,0.081,0.081,0.079,0.079,0.079,0.080
12:59:10,28.5,0.680,0.683,0.692,0.718,0.716,0.742,0.817,0.809,0.824,0.079,0.079,0.080,0.080,0.081,0.081,0.079,0.079,0.079,0.080
13:09:10,28.5,0.706,0.703,0.713,0.728,0.727,0.754,0.835,0.827,0.844,0.079,0.079,0.080,0.080,0.081,0.081,0.079,0.079,0.079,0.080
13:19:10,28.5,0.712,0.707,0.714,0.728,0.726,0.751,0.834,0.827,0.843,0.079,0.079,0.080,0.080,0.081,0.081,0.079,0.079,0.079,0.080
13:29:10,28.5,0.731,0.721,0.729,0.734,0.734,0.759,0.845,0.838,0.854,0.079,0.079,0.080,0.080,0.081,0.081,0.079,0.079,0.079,0.080
13:39:10,28.5,0.747,0.730,0.740,0.738,0.739,0.764,0.855,0.849,0.866,0.079,0.079,0.080,0.080,0.081,0.081,0.079,0.079,0.079,0.080
13:49:10,28.5,0.762,0.736,0.747,0.740,0.739,0.765,0.861,0.854,0.871,0.079,0.079,0.080,0.080,0.081,0.081,0.079,0.079,0.079,0.080
13:59:10,28.5,0.788,0.760,0.772,0.757,0.762,0.791,0.885,0.881,0.898,0.079,0.079,0.080,0.080,0.081,0.081,0.079,0.079,0.079,0.080
14:09:10,28.5,0.798,0.760,0.775,0.751,0.752,0.777,0.883,0.877,0.895,0.079,0.079,0.080,0.080,0.081,0.081,0.079,0.079,0.079,0.080
14:19:10,28.5,0.813,0.775,0.790,0.759,0.763,0.790,0.895,0.890,0.908,0.078,0.079,0.080,0.080,0.081,0.081,0.079,0.079,0.079,0.080
14:29:10,28.5,0.825,0.783,0.799,0.761,0.766,0.794,0.900,0.896,0.914,0.079,0.079,0.080,0.080,0.081,0.081,0.079,0.079,0.079,0.080
14:39:10,28.5,0.838,0.791,0.805,0.760,0.762,0.789,0.908,0.902,0.921,0.079,0.079,0.080,0.080,0.081,0.081,0.079,0.079,0.079,0.080
14:49:10,28.5,0.853,0.806,0.821,0.771,0.776,0.805,0.921,0.917,0.936,0.079,0.079,0.079,0.080,0.081,0.081,0.079,0.079,0.079,0.080
14:59:10,28.5,0.865,0.814,0.828,0.770,0.774,0.803,0.924,0.920,0.940,0.079,0.079,0.079,0.080,0.081,0.081,0.079,0.079,0.079,0.080
15:09:10,28.5,0.874,0.823,0.833,0.768,0.772,0.799,0.929,0.925,0.945,0.079,0.079,0.079,0.080,0.081,0.081,0.079,0.079,0.079,0.080
15:19:10,28.5,0.887,0.835,0.845,0.776,0.782,0.811,0.939,0.937,0.957,0.079,0.079,0.079,0.080,0.081,0.081,0.079,0.079,0.079,0.080
15:29:10,28.5,0.903,0.853,0.864,0.796,0.807,0.837,0.957,0.957,0.978,0.079,0.079,0.079,0.080,0.081,0.081,0.079,0.079,0.079,0.080
15:39:10,28.5,0.913,0.860,0.867,0.792,0.799,0.828,0.957,0.955,0.977,0.079,0.079,0.079,0.080,0.081,0.081,0.079,0.079,0.079,0.080
15:49:10,28.5,0.925,0.874,0.884,0.806,0.817,0.847,0.972,0.971,0.994,0.079,0.079,0.079,0.080,0.081,0.081,0.079,0.079,0.079,0.080
15:59:10,28.5,0.934,0.882,0.888,0.803,0.814,0.844,0.974,0.973,0.997,0.079,0.079,0.079,0.080,0.081,0.081,0.079,0.079,0.079,0.080
16:09:10,28.5,0.945,0.895,0.902,0.818,0.831,0.862,0.986,0.987,1.012,0.079,0.079,0.079,0.080,0.081,0.081,0.079,0.079,0.079,0.080
16:19:10,28.4,0.953,0.902,0.904,0.814,0.823,0.860,0.988,0.987,1.012,0.079,0.079,0.079,0.080,0.081,0.081,0.079,0.079,0.079,0.080
16:29:10,28.4,0.960,0.909,0.909,0.810,0.820,0.833,0.991,0.992,1.016,0.079,0.079,0.079,0.080,0.081,0.081,0.079,0.079,0.079,0.080
16:39:10,28.4,0.968,0.917,0.916,0.789,0.811,0.810,0.996,0.998,1.022,0.079,0.079,0.079,0.080,0.081,0.081,0.079,0.079,0.079,0.080
16:49:10,28.4,0.979,0.928,0.931,0.831,0.867,0.893,1.008,1.013,1.038,0.079,0.079,0.079,0.080,0.081,0.081,0.079,0.079,0.079,0.080
16:59:10,28.4,0.983,0.932,0.933,0.769,0.804,0.801,1.008,1.011,1.038,0.079,0.079,0.079,0.080,0.081,0.081,0.079,0.079,0.079,0.080
17:09:10,28.4,0.989,0.939,0.939,0.713,0.750,0.736,1.010,1.015,1.041,0.079,0.079,0.079,0.080,0.081,0.081,0.079,0.079,0.079,0.080
17:19:10,28.4,0.998,0.947,0.948,0.739,0.789,0.779,1.018,1.023,1.050,0.079,0.079,0.079,0.080,0.081,0.081,0.079,0.079,0.079,0.080
17:29:10,28.4,1.004,0.954,0.954,0.684,0.744,0.718,1.022,1.028,1.055,0.078,0.079,0.079,0.080,0.081,0.081,0.079,0.079,0.079,0.080
17:39:10,28.4,1.008,0.957,0.959,0.617,0.661,0.646,1.022,1.029,1.056,0.079,0.079,0.079,0.080,0.081,0.081,0.079,0.079,0.079,0.080
17:49:10,28.4,1.017,0.965,0.967,0.663,0.698,0.704,1.031,1.037,1.066,0.079,0.079,0.079,0.080,0.081,0.081,0.079,0.079,0.079,0.080
17:59:10,28.4,1.024,0.973,0.976,0.682,0.718,0.728,1.040,1.047,1.075,0.079,0.079,0.079,0.080,0.081,0.081,0.079,0.079,0.079,0.080
18:09:10,28.4,1.031,0.979,0.979,0.610,0.625,0.641,1.043,1.049,1.079,0.079,0.079,0.079,0.080,0.081,0.081,0.079,0.079,0.079,0.080
18:19:10,28.4,1.034,0.982,0.983,0.600,0.613,0.630,1.044,1.050,1.080,0.079,0.079,0.079,0.080,0.081,0.081,0.079,0.080,0.079,0.080
18:29:10,28.4,1.040,0.987,0.989,0.604,0.617,0.635,1.050,1.055,1.084,0.079,0.079,0.079,0.080,0.081,0.081,0.079,0.079,0.079,0.080
18:39:10,28.4,1.043,0.991,0.992,0.594,0.605,0.622,1.053,1.058,1.088,0.079,0.079,0.079,0.080,0.081,0.081,0.079,0.080,0.079,0.080
18:49:10,28.4,1.048,0.996,0.997,0.601,0.611,0.630,1.058,1.062,1.092,0.079,0.079,0.079,0.080,0.081,0.081,0.079,0.079,0.079,0.080
18:59:10,28.4,1.052,0.999,1.001,0.595,0.604,0.621,1.062,1.065,1.096,0.079,0.079,0.079,0.080,0.081,0.081,0.079,0.079,0.079,0.080
19:09:10,28.4,1.060,1.007,1.009,0.646,0.668,0.690,1.073,1.076,1.108,0.079,0.079,0.079,0.080,0.081,0.081,0.079,0.079,0.079,0.080
19:19:10,28.5,1.062,1.009,1.012,0.608,0.621,0.639,1.073,1.077,1.108,0.079,0.079,0.079,0.080,0.081,0.081,0.079,0.079,0.079,0.080
19:29:10,28.4,1.067,1.015,1.016,0.612,0.625,0.640,1.078,1.081,1.113,0.079,0.079,0.080,0.080,0.081,0.081,0.079,0.080,0.079,0.080
19:39:10,28.4,1.077,1.024,1.025,0.633,0.653,0.672,1.091,1.095,1.128,0.079,0.079,0.079,0.080,0.081,0.081,0.079,0.079,0.079,0.080
19:49:10,28.4,1.079,1.026,1.027,0.602,0.614,0.629,1.090,1.095,1.127,0.078,0.079,0.079,0.080,0.081,0.081,0.079,0.079,0.079,0.080
19:59:10,28.4,1.082,1.031,1.031,0.608,0.621,0.637,1.095,1.099,1.131,0.079,0.079,0.080,0.080,0.081,0.081,0.079,0.079,0.079,0.079
20:09:10,28.4,1.088,1.037,1.037,0.627,0.646,0.666,1.103,1.108,1.141,0.079,0.079,0.079,0.080,0.081,0.081,0.079,0.080,0.079,0.079
20:19:10,28.5,1.094,1.046,1.047,0.670,0.696,0.718,1.117,1.123,1.156,0.078,0.079,0.080,0.080,0.081,0.081,0.079,0.080,0.079,0.079
20:29:10,28.5,1.100,1.052,1.052,0.653,0.674,0.695,1.125,1.130,1.164,0.079,0.079,0.079,0.080,0.081,0.081,0.079,0.080,0.079,0.080
20:39:10,28.5,1.102,1.055,1.055,0.646,0.665,0.686,1.127,1.133,1.168,0.078,0.079,0.080,0.080,0.081,0.081,0.079,0.079,0.079,0.079
20:49:10,28.5,1.098,1.055,1.055,0.608,0.619,0.634,1.125,1.129,1.165,0.078,0.079,0.080,0.080,0.081,0.081,0.079,0.079,0.079,0.079
20:59:10,28.5,1.099,1.058,1.058,0.610,0.621,0.636,1.130,1.135,1.169,0.079,0.079,0.080,0.080,0.081,0.081,0.079,0.080,0.079,0.079
21:09:10,28.5,1.098,1.060,1.060,0.605,0.616,0.631,1.136,1.140,1.175,0.079,0.079,0.080,0.080,0.081,0.081,0.080,0.080,0.079,0.079
21:19:10,28.5,1.100,1.064,1.063,0.607,0.618,0.634,1.144,1.147,1.183,0.079,0.079,0.080,0.079,0.081,0.081,0.079,0.080,0.079,0.079
21:29:10,28.5,1.098,1.065,1.064,0.601,0.611,0.627,1.149,1.152,1.187,0.079,0.079,0.080,0.079,0.081,0.081,0.079,0.080,0.079,0.079
21:39:10,28.5,1.105,1.071,1.070,0.630,0.648,0.669,1.159,1.162,1.198,0.079,0.079,0.080,0.079,0.081,0.080,0.079,0.080,0.079,0.079
21:49:10,28.5,1.111,1.077,1.076,0.655,0.674,0.697,1.169,1.175,1.210,0.079,0.079,0.080,0.079,0.081,0.081,0.079,0.080,0.079,0.079
21:59:10,28.5,1.110,1.077,1.076,0.608,0.617,0.633,1.173,1.176,1.212,0.078,0.079,0.080,0.079,0.081,0.081,0.079,0.079,0.079,0.079
22:09:10,28.6,1.114,1.080,1.078,0.619,0.630,0.648,1.179,1.183,1.218,0.079,0.079,0.080,0.079,0.081,0.080,0.079,0.080,0.079,0.079
22:19:10,28.6,1.119,1.084,1.081,0.608,0.619,0.635,1.190,1.193,1.228,0.079,0.079,0.080,0.080,0.081,0.081,0.080,0.080,0.079,0.079
22:29:10,28.6,1.123,1.087,1.084,0.623,0.634,0.653,1.198,1.200,1.235,0.079,0.079,0.080,0.079,0.081,0.080,0.079,0.080,0.079,0.079
22:39:10,28.6,1.127,1.090,1.087,0.624,0.637,0.656,1.205,1.209,1.244,0.078,0.079,0.080,0.079,0.081,0.081,0.079,0.080,0.079,0.079
22:49:10,28.6,1.129,1.094,1.089,0.619,0.631,0.649,1.213,1.216,1.252,0.079,0.079,0.080,0.079,0.081,0.081,0.079,0.080,0.079,0.079
22:59:10,28.6,1.132,1.099,1.094,0.638,0.653,0.674,1.224,1.225,1.262,0.079,0.079,0.080,0.079,0.081,0.081,0.079,0.080,0.079,0.079
23:09:10,28.6,1.131,1.097,1.092,0.610,0.621,0.638,1.228,1.229,1.263,0.079,0.079,0.080,0.079,0.081,0.081,0.079,0.080,0.079,0.079
23:19:10,28.7,1.132,1.100,1.095,0.632,0.645,0.666,1.236,1.239,1.275,0.079,0.079,0.080,0.080,0.081,0.081,0.079,0.080,0.079,0.079
23:29:10,28.7,1.133,1.102,1.096,0.621,0.632,0.651,1.244,1.247,1.284,0.079,0.079,0.080,0.079,0.081,0.081,0.080,0.080,0.079,0.079
23:39:10,28.7,1.135,1.105,1.098,0.614,0.624,0.642,1.252,1.258,1.292,0.079,0.079,0.080,0.079,0.081,0.081,0.079,0.080,0.079,0.079
23:49:10,28.7,1.132,1.105,1.097,0.613,0.624,0.643,1.259,1.262,1.291,0.079,0.079,0.080,0.080,0.081,0.081,0.080,0.080,0.079,0.079
23:59:10,28.7,1.135,1.110,1.100,0.609,0.620,0.639,1.269,1.271,1.301,0.078,0.079,0.080,0.080,0.081,0.081,0.079,0.080,0.079,0.079
24:09:10,28.8,1.136,1.111,1.100,0.601,0.613,0.631,1.270,1.268,1.301,0.079,0.079,0.080,0.079,0.081,0.081,0.079,0.080,0.079,0.079
24:19:10,28.8,1.136,1.112,1.103,0.608,0.620,0.639,1.273,1.280,1.309,0.079,0.079,0.080,0.079,0.080,0.081,0.079,0.080,0.079,0.079
24:29:10,28.8,1.137,1.114,1.107,0.626,0.641,0.664,1.284,1.288,1.316,0.079,0.079,0.080,0.079,0.080,0.081,0.079,0.080,0.079,0.079
24:39:10,28.8,1.138,1.117,1.109,0.615,0.627,0.648,1.294,1.300,1.329,0.078,0.079,0.080,0.079,0.080,0.081,0.079,0.080,0.079,0.079
24:49:10,28.8,1.140,1.120,1.113,0.611,0.624,0.643,1.298,1.304,1.334,0.079,0.079,0.080,0.079,0.080,0.081,0.079,0.080,0.079,0.079
24:59:10,28.8,1.142,1.123,1.116,0.614,0.626,0.646,1.306,1.309,1.340,0.079,0.079,0.079,0.079,0.080,0.081,0.079,0.080,0.079,0.079
25:09:10,28.8,1.141,1.126,1.119,0.632,0.646,0.669,1.315,1.311,1.342,0.079,0.079,0.079,0.079,0.080,0.081,0.079,0.080,0.079,0.079
25:19:10,28.8,1.141,1.128,1.122,0.640,0.655,0.679,1.323,1.318,1.349,0.078,0.079,0.079,0.079,0.080,0.081,0.079,0.080,0.079,0.079
25:29:10,28.8,1.141,1.131,1.125,0.626,0.639,0.660,1.327,1.326,1.357,0.079,0.079,0.079,0.079,0.080,0.081,0.080,0.080,0.079,0.079
25:39:10,28.8,1.139,1.131,1.126,0.624,0.637,0.659,1.331,1.330,1.361,0.079,0.079,0.079,0.079,0.080,0.081,0.080,0.080,0.079,0.079
25:49:10,28.8,1.137,1.133,1.127,0.606,0.619,0.638,1.335,1.340,1.368,0.079,0.079,0.079,0.079,0.080,0.081,0.079,0.080,0.080,0.079
25:59:10,28.7,1.139,1.138,1.133,0.651,0.666,0.690,1.339,1.347,1.375,0.079,0.079,0.079,0.079,0.080,0.081,0.079,0.080,0.079,0.079
26:09:10,28.7,1.137,1.139,1.134,0.623,0.637,0.657,1.344,1.349,1.378,0.079,0.079,0.079,0.079,0.080,0.081,0.079,0.080,0.079,0.079
26:19:10,28.7,1.137,1.142,1.137,0.627,0.640,0.663,1.352,1.357,1.384,0.079,0.079,0.079,0.079,0.080,0.081,0.079,0.080,0.079,0.079
26:29:10,28.7,1.135,1.143,1.139,0.625,0.637,0.659,1.354,1.359,1.388,0.079,0.079,0.079,0.079,0.080,0.081,0.079,0.080,0.079,0.079
26:39:10,28.7,1.131,1.143,1.139,0.601,0.613,0.632,1.358,1.364,1.391,0.079,0.079,0.079,0.079,0.080,0.081,0.080,0.080,0.078,0.079
26:49:10,28.6,1.133,1.149,1.145,0.648,0.664,0.688,1.368,1.373,1.400,0.079,0.079,0.079,0.079,0.080,0.081,0.080,0.080,0.078,0.079
26:59:10,28.6,1.134,1.154,1.149,0.618,0.631,0.651,1.375,1.380,1.407,0.079,0.079,0.079,0.079,0.080,0.081,0.079,0.080,0.078,0.079
27:09:10,28.6,1.129,1.153,1.149,0.606,0.618,0.637,1.378,1.382,1.410,0.079,0.079,0.079,0.079,0.080,0.081,0.080,0.080,0.078,0.079
27:19:10,28.6,1.129,1.156,1.152,0.617,0.630,0.650,1.384,1.389,1.416,0.079,0.079,0.079,0.079,0.080,0.081,0.079,0.080,0.078,0.079
27:29:10,28.6,1.129,1.159,1.155,0.604,0.617,0.636,1.391,1.396,1.424,0.079,0.079,0.079,0.079,0.080,0.081,0.079,0.080,0.078,0.079
27:39:10,28.6,1.128,1.164,1.160,0.622,0.635,0.658,1.399,1.403,1.434,0.079,0.079,0.079,0.079,0.080,0.081,0.079,0.080,0.078,0.079
27:49:10,28.6,1.127,1.165,1.162,0.609,0.622,0.642,1.403,1.409,1.437,0.079,0.079,0.079,0.079,0.080,0.081,0.079,0.080,0.078,0.079
27:59:10,28.6,1.128,1.168,1.166,0.628,0.641,0.665,1.411,1.417,1.446,0.078,0.079,0.079,0.079,0.080,0.081,0.079,0.080,0.078,0.079
28:09:10,28.6,1.127,1.169,1.168,0.613,0.625,0.646,1.416,1.423,1.451,0.079,0.079,0.079,0.079,0.080,0.081,0.079,0.080,0.078,0.079
28:19:10,28.6,1.127,1.171,1.169,0.607,0.619,0.640,1.423,1.428,1.456,0.078,0.079,0.079,0.079,0.080,0.081,0.078,0.080,0.078,0.079
28:29:10,28.6,1.127,1.170,1.170,0.598,0.610,0.631,1.428,1.431,1.460,0.078,0.079,0.079,0.079,0.080,0.081,0.079,0.080,0.078,0.079
28:39:10,28.6,1.131,1.174,1.174,0.598,0.611,0.630,1.440,1.442,1.472,0.078,0.079,0.079,0.079,0.080,0.081,0.079,0.079,0.078,0.080
28:49:10,28.6,1.130,1.173,1.174,0.594,0.607,0.627,1.442,1.444,1.474,0.078,0.079,0.079,0.079,0.080,0.080,0.079,0.079,0.078,0.080
28:59:10,28.6,1.131,1.174,1.176,0.600,0.613,0.633,1.447,1.450,1.480,0.079,0.079,0.079,0.079,0.080,0.081,0.079,0.079,0.078,0.080
29:09:10,28.6,1.137,1.182,1.185,0.627,0.642,0.663,1.464,1.468,1.497,0.078,0.079,0.079,0.079,0.080,0.081,0.079,0.079,0.078,0.080
29:19:10,28.6,1.138,1.185,1.189,0.611,0.626,0.645,1.468,1.472,1.502,0.079,0.079,0.079,0.079,0.080,0.081,0.079,0.079,0.078,0.080
29:29:10,28.6,1.139,1.186,1.189,0.602,0.617,0.636,1.472,1.476,1.504,0.078,0.079,0.079,0.079,0.080,0.081,0.079,0.079,0.078,0.079
29:39:10,28.6,1.141,1.189,1.194,0.614,0.628,0.648,1.480,1.484,1.512,0.079,0.079,0.079,0.079,0.080,0.081,0.079,0.079,0.078,0.080
29:49:10,28.6,1.142,1.189,1.193,0.607,0.619,0.638,1.484,1.488,1.516,0.079,0.079,0.079,0.079,0.080,0.081,0.079,0.079,0.078,0.079
29:59:10,28.6,1.146,1.190,1.195,0.598,0.611,0.628,1.489,1.494,1.520,0.079,0.079,0.079,0.079,0.080,0.081,0.079,0.079,0.078,0.080
30:09:10,28.6,1.150,1.195,1.202,0.617,0.630,0.650,1.498,1.503,1.529,0.079,0.079,0.079,0.079,0.080,0.081,0.079,0.079,0.079,0.080
30:19:10,28.6,1.153,1.195,1.202,0.615,0.627,0.648,1.500,1.504,1.529,0.079,0.079,0.080,0.079,0.080,0.081,0.079,0.079,0.079,0.080
30:29:10,28.6,1.156,1.200,1.208,0.610,0.622,0.641,1.511,1.515,1.540,0.079,0.079,0.079,0.079,0.080,0.081,0.079,0.079,0.079,0.080
30:39:10,28.5,1.165,1.207,1.216,0.607,0.618,0.638,1.511,1.516,1.540,0.079,0.079,0.079,0.079,0.080,0.081,0.079,0.079,0.079,0.080
30:49:10,28.5,1.174,1.218,1.224,0.610,0.621,0.641,1.518,1.522,1.546,0.079,0.079,0.079,0.079,0.080,0.081,0.079,0.079,0.079,0.080
30:59:10,28.5,1.180,1.226,1.231,0.627,0.639,0.661,1.523,1.526,1.550,0.079,0.079,0.079,0.079,0.080,0.080,0.078,0.078,0.079,0.080
31:09:10,28.5,1.184,1.231,1.234,0.631,0.643,0.665,1.529,1.533,1.556,0.079,0.079,0.079,0.079,0.080,0.081,0.079,0.079,0.079,0.080
31:19:10,28.5,1.182,1.228,1.229,0.606,0.617,0.636,1.532,1.536,1.559,0.079,0.079,0.079,0.079,0.080,0.081,0.079,0.079,0.079,0.080
31:29:10,28.5,1.179,1.228,1.229,0.640,0.650,0.672,1.541,1.546,1.575,0.079,0.079,0.079,0.079,0.080,0.081,0.079,0.079,0.079,0.080
31:39:10,28.5,1.175,1.226,1.226,0.641,0.651,0.673,1.557,1.561,1.583,0.079,0.079,0.079,0.079,0.080,0.081,0.078,0.079,0.079,0.080
31:49:10,28.5,1.169,1.223,1.220,0.607,0.617,0.635,1.563,1.567,1.586,0.079,0.079,0.079,0.079,0.080,0.081,0.079,0.079,0.079,0.080
31:59:10,28.5,1.162,1.212,1.210,0.601,0.612,0.630,1.561,1.564,1.583,0.079,0.079,0.079,0.079,0.080,0.081,0.079,0.079,0.079,0.080
32:09:10,28.5,1.160,1.208,1.206,0.617,0.627,0.646,1.565,1.568,1.587,0.079,0.079,0.079,0.079,0.080,0.081,0.078,0.079,0.079,0.080
32:19:10,28.5,1.154,1.206,1.204,0.614,0.625,0.644,1.569,1.572,1.590,0.078,0.079,0.079,0.079,0.080,0.081,0.078,0.079,0.079,0.080
32:29:10,28.5,1.147,1.199,1.198,0.617,0.628,0.647,1.569,1.571,1.590,0.079,0.079,0.079,0.079,0.080,0.081,0.078,0.079,0.079,0.080
32:39:10,28.5,1.141,1.191,1.188,0.614,0.624,0.643,1.569,1.571,1.588,0.079,0.079,0.079,0.079,0.080,0.081,0.078,0.079,0.079,0.080
32:49:10,28.5,1.130,1.186,1.184,0.628,0.638,0.658,1.569,1.571,1.588,0.078,0.079,0.079,0.079,0.080,0.081,0.078,0.079,0.079,0.080
32:59:10,28.5,1.123,1.184,1.182,0.622,0.630,0.648,1.570,1.573,1.589,0.079,0.079,0.079,0.079,0.080,0.081,0.078,0.079,0.079,0.080
33:09:10,28.5,1.115,1.175,1.174,0.635,0.644,0.664,1.568,1.570,1.587,0.079,0.079,0.079,0.079,0.080,0.081,0.078,0.079,0.079,0.080
33:19:10,28.5,1.115,1.171,1.169,0.651,0.661,0.681,1.571,1.573,1.589,0.079,0.079,0.079,0.079,0.080,0.081,0.078,0.079,0.079,0.080
33:29:10,28.5,1.096,1.156,1.152,0.614,0.623,0.641,1.564,1.565,1.581,0.079,0.079,0.079,0.079,0.080,0.081,0.078,0.079,0.079,0.080
33:39:10,28.5,1.091,1.144,1.142,0.609,0.618,0.636,1.562,1.564,1.579,0.079,0.079,0.079,0.079,0.080,0.081,0.078,0.079,0.079,0.080
33:49:10,28.5,1.080,1.135,1.135,0.613,0.622,0.641,1.559,1.561,1.576,0.079,0.079,0.079,0.079,0.080,0.081,0.078,0.079,0.079,0.080
33:59:10,28.5,1.078,1.134,1.133,0.632,0.643,0.663,1.562,1.564,1.580,0.078,0.079,0.079,0.079,0.080,0.081,0.078,0.079,0.079,0.080
34:09:10,28.5,1.068,1.112,1.113,0.612,0.623,0.641,1.554,1.557,1.572,0.078,0.079,0.079,0.079,0.080,0.081,0.078,0.079,0.079,0.080
34:19:10,28.5,1.068,1.109,1.115,0.610,0.622,0.639,1.560,1.562,1.578,0.078,0.079,0.079,0.079,0.080,0.081,0.078,0.079,0.079,0.080
34:29:10,28.5,1.055,1.088,1.100,0.605,0.616,0.633,1.550,1.552,1.567,0.079,0.079,0.079,0.079,0.080,0.081,0.078,0.079,0.079,0.080
34:39:10,28.5,1.054,1.091,1.103,0.624,0.635,0.654,1.551,1.553,1.568,0.079,0.079,0.079,0.079,0.080,0.081,0.078,0.079,0.079,0.080
34:49:10,28.5,1.048,1.076,1.087,0.603,0.612,0.630,1.542,1.544,1.558,0.079,0.079,0.079,0.079,0.080,0.081,0.078,0.079,0.079,0.080
34:59:10,28.5,1.050,1.078,1.088,0.611,0.621,0.638,1.542,1.544,1.560,0.079,0.079,0.079,0.079,0.080,0.081,0.078,0.079,0.079,0.080
35:09:10,28.5,1.049,1.074,1.082,0.613,0.622,0.641,1.542,1.543,1.558,0.079,0.079,0.079,0.079,0.080,0.081,0.078,0.079,0.079,0.080
35:19:10,28.5,1.047,1.070,1.079,0.617,0.626,0.644,1.539,1.541,1.556,0.079,0.079,0.079,0.079,0.080,0.081,0.078,0.079,0.079,0.080
35:29:10,28.5,1.045,1.066,1.076,0.612,0.620,0.638,1.536,1.538,1.553,0.079,0.079,0.079,0.079,0.080,0.081,0.078,0.079,0.079,0.080
35:39:10,28.5,1.057,1.079,1.089,0.621,0.629,0.647,1.543,1.546,1.561,0.079,0.079,0.079,0.079,0.080,0.081,0.078,0.079,0.079,0.080
35:49:10,28.5,1.056,1.077,1.088,0.614,0.623,0.641,1.539,1.541,1.557,0.079,0.079,0.079,0.079,0.080,0.081,0.078,0.079,0.079,0.080
35:59:10,28.4,1.054,1.072,1.083,0.616,0.624,0.642,1.533,1.535,1.550,0.079,0.079,0.079,0.079,0.080,0.081,0.078,0.079,0.079,0.080
36:09:10,28.4,1.059,1.083,1.093,0.615,0.624,0.642,1.534,1.536,1.551,0.079,0.079,0.079,0.079,0.080,0.081,0.079,0.079,0.079,0.080
36:19:10,28.4,1.055,1.074,1.085,0.612,0.621,0.639,1.524,1.526,1.541,0.079,0.079,0.079,0.079,0.080,0.081,0.079,0.079,0.079,0.080
36:29:10,28.4,1.056,1.084,1.092,0.606,0.615,0.632,1.526,1.528,1.543,0.079,0.079,0.079,0.079,0.080,0.081,0.079,0.079,0.079,0.080
36:39:10,28.4,1.052,1.077,1.084,0.614,0.623,0.641,1.516,1.518,1.533,0.079,0.079,0.079,0.079,0.080,0.081,0.078,0.079,0.079,0.080
36:49:10,28.4,1.048,1.075,1.082,0.605,0.615,0.632,1.511,1.513,1.528,0.079,0.079,0.079,0.079,0.080,0.081,0.078,0.079,0.079,0.080
36:59:10,28.4,1.045,1.072,1.079,0.608,0.617,0.634,1.507,1.507,1.523,0.079,0.079,0.079,0.079,0.080,0.081,0.079,0.079,0.079,0.080
37:09:10,28.4,1.049,1.080,1.086,0.617,0.627,0.645,1.508,1.509,1.524,0.079,0.079,0.079,0.079,0.080,0.081,0.078,0.079,0.079,0.080
37:19:10,28.4,1.050,1.085,1.091,0.648,0.661,0.680,1.510,1.511,1.526,0.079,0.079,0.079,0.079,0.080,0.081,0.079,0.079,0.079,0.080
37:29:10,28.4,1.047,1.082,1.088,0.617,0.624,0.641,1.508,1.508,1.524,0.079,0.079,0.079,0.079,0.080,0.081,0.079,0.079,0.079,0.080
37:39:10,28.4,1.043,1.071,1.076,0.623,0.630,0.647,1.496,1.496,1.510,0.079,0.079,0.079,0.079,0.080,0.081,0.079,0.079,0.079,0.080
37:49:10,28.4,1.041,1.069,1.074,0.613,0.619,0.636,1.489,1.490,1.504,0.079,0.079,0.079,0.079,0.080,0.081,0.079,0.079,0.079,0.080
37:59:10,28.4,1.044,1.079,1.085,0.655,0.664,0.682,1.498,1.499,1.513,0.078,0.079,0.079,0.079,0.080,0.081,0.079,0.079,0.079,0.080
38:09:10,28.4,1.041,1.073,1.081,0.645,0.652,0.669,1.493,1.494,1.508,0.079,0.079,0.079,0.079,0.080,0.081,0.079,0.079,0.079,0.080
38:19:10,28.4,1.044,1.079,1.085,0.627,0.632,0.649,1.496,1.495,1.510,0.079,0.079,0.079,0.079,0.080,0.081,0.079,0.079,0.079,0.080
38:29:10,28.4,1.042,1.074,1.080,0.623,0.630,0.648,1.488,1.487,1.501,0.079,0.079,0.079,0.079,0.080,0.081,0.079,0.079,0.079,0.080
38:39:10,28.4,1.044,1.075,1.081,0.624,0.631,0.649,1.487,1.487,1.499,0.079,0.079,0.079,0.079,0.080,0.081,0.079,0.079,0.079,0.080
38:49:10,28.4,1.042,1.067,1.073,0.617,0.625,0.642,1.478,1.477,1.492,0.079,0.079,0.079,0.079,0.080,0.081,0.079,0.079,0.079,0.080
38:59:10,28.4,1.036,1.060,1.066,0.614,0.621,0.637,1.470,1.470,1.482,0.079,0.079,0.079,0.079,0.080,0.081,0.079,0.079,0.079,0.080
39:09:10,28.4,1.042,1.078,1.084,0.627,0.634,0.651,1.485,1.485,1.498,0.079,0.079,0.079,0.079,0.080,0.081,0.079,0.079,0.079,0.080
39:19:10,28.4,1.041,1.069,1.075,0.637,0.646,0.663,1.473,1.474,1.486,0.079,0.079,0.079,0.079,0.080,0.081,0.079,0.079,0.079,0.080
39:29:10,28.4,1.034,1.059,1.066,0.616,0.622,0.639,1.461,1.461,1.474,0.079,0.079,0.079,0.079,0.080,0.081,0.079,0.079,0.079,0.080
39:39:10,28.4,1.038,1.062,1.069,0.624,0.632,0.649,1.460,1.461,1.473,0.079,0.079,0.079,0.079,0.080,0.081,0.079,0.079,0.079,0.080
39:49:10,28.4,1.035,1.060,1.066,0.614,0.621,0.637,1.455,1.456,1.468,0.079,0.079,0.079,0.079,0.080,0.081,0.079,0.079,0.079,0.080
39:59:10,28.4,1.036,1.063,1.069,0.619,0.625,0.642,1.454,1.456,1.470,0.079,0.079,0.080,0.079,0.080,0.081,0.079,0.079,0.079,0.080
40:09:10,28.4,1.036,1.064,1.072,0.642,0.650,0.667,1.454,1.456,1.470,0.079,0.079,0.079,0.079,0.080,0.081,0.079,0.079,0.079,0.080
40:19:10,28.4,1.037,1.066,1.073,0.624,0.629,0.646,1.453,1.454,1.470,0.079,0.079,0.079,0.079,0.080,0.081,0.079,0.079,0.079,0.080
40:29:10,28.4,1.041,1.068,1.076,0.629,0.635,0.651,1.455,1.457,1.471,0.079,0.079,0.079,0.079,0.080,0.081,0.079,0.079,0.079,0.080
40:39:10,28.4,1.039,1.066,1.073,0.626,0.630,0.647,1.450,1.451,1.464,0.079,0.079,0.079,0.079,0.080,0.081,0.079,0.079,0.079,0.080
40:49:10,28.4,1.038,1.063,1.071,0.627,0.631,0.648,1.448,1.449,1.461,0.078,0.079,0.079,0.079,0.080,0.081,0.079,0.079,0.079,0.080
40:59:10,28.4,1.034,1.062,1.068,0.626,0.630,0.645,1.444,1.443,1.455,0.078,0.079,0.079,0.079,0.080,0.081,0.079,0.079,0.079,0.080
41:09:10,28.4,1.036,1.059,1.066,0.631,0.635,0.651,1.439,1.437,1.449,0.079,0.079,0.079,0.079,0.080,0.081,0.079,0.079,0.079,0.080
41:19:10,28.4,1.032,1.056,1.064,0.628,0.632,0.648,1.437,1.435,1.445,0.079,0.079,0.079,0.079,0.080,0.081,0.079,0.079,0.079,0.080
41:29:10,28.4,1.033,1.059,1.067,0.636,0.641,0.657,1.441,1.439,1.449,0.079,0.079,0.079,0.079,0.080,0.081,0.079,0.079,0.079,0.080
41:39:10,28.4,1.030,1.058,1.064,0.626,0.629,0.644,1.436,1.433,1.442,0.079,0.079,0.079,0.079,0.080,0.081,0.079,0.079,0.079,0.080
41:49:10,28.4,1.032,1.060,1.067,0.623,0.626,0.640,1.437,1.435,1.443,0.079,0.079,0.079,0.079,0.080,0.081,0.079,0.079,0.079,0.080
41:59:10,28.4,1.034,1.060,1.069,0.643,0.648,0.663,1.437,1.436,1.443,0.079,0.079,0.079,0.079,0.080,0.081,0.079,0.079,0.079,0.080
42:09:10,28.4,1.031,1.055,1.063,0.627,0.628,0.643,1.429,1.427,1.434,0.079,0.079,0.079,0.079,0.080,0.081,0.079,0.079,0.079,0.080
42:19:10,28.4,1.034,1.062,1.071,0.629,0.630,0.646,1.435,1.434,1.441,0.079,0.079,0.079,0.079,0.080,0.081,0.079,0.079,0.079,0.080
42:29:10,28.4,1.037,1.065,1.075,0.632,0.633,0.649,1.437,1.436,1.443,0.079,0.079,0.079,0.079,0.080,0.081,0.079,0.079,0.079,0.080
42:39:10,28.4,1.034,1.053,1.063,0.624,0.625,0.639,1.422,1.420,1.429,0.079,0.079,0.079,0.079,0.080,0.081,0.079,0.079,0.079,0.080
42:49:10,28.4,1.038,1.061,1.072,0.626,0.627,0.642,1.429,1.427,1.435,0.079,0.079,0.079,0.079,0.080,0.081,0.079,0.079,0.079,0.080
42:59:10,28.5,1.038,1.057,1.068,0.625,0.627,0.642,1.425,1.421,1.430,0.079,0.079,0.079,0.079,0.080,0.081,0.079,0.079,0.079,0.080
43:09:10,28.5,1.040,1.058,1.071,0.626,0.627,0.642,1.425,1.422,1.429,0.079,0.079,0.079,0.079,0.080,0.081,0.079,0.079,0.079,0.080
43:19:10,28.5,1.037,1.052,1.064,0.626,0.627,0.641,1.417,1.414,1.421,0.079,0.079,0.079,0.079,0.080,0.081,0.079,0.079,0.079,0.080
43:29:10,28.5,1.038,1.053,1.065,0.648,0.653,0.667,1.417,1.414,1.421,0.079,0.079,0.079,0.079,0.080,0.081,0.079,0.079,0.079,0.080
43:39:10,28.5,1.039,1.056,1.069,0.642,0.644,0.658,1.419,1.416,1.425,0.079,0.079,0.079,0.079,0.080,0.081,0.079,0.079,0.079,0.080
43:49:10,28.5,1.039,1.052,1.064,0.652,0.655,0.669,1.414,1.410,1.420,0.079,0.079,0.079,0.079,0.080,0.081,0.079,0.079,0.079,0.080
43:59:10,28.6,1.037,1.049,1.060,0.642,0.643,0.657,1.409,1.405,1.414,0.079,0.079,0.079,0.079,0.080,0.081,0.079,0.079,0.079,0.080
44:09:10,28.6,1.043,1.058,1.070,0.662,0.665,0.679,1.420,1.416,1.425,0.079,0.079,0.079,0.079,0.080,0.081,0.079,0.079,0.079,0.080
44:19:10,28.6,1.044,1.057,1.068,0.638,0.636,0.650,1.417,1.413,1.422,0.079,0.079,0.079,0.079,0.080,0.081,0.079,0.079,0.079,0.080
44:29:10,28.6,1.043,1.050,1.059,0.636,0.635,0.649,1.409,1.405,1.413,0.079,0.079,0.079,0.079,0.080,0.081,0.079,0.079,0.079,0.080
44:39:10,28.6,1.039,1.048,1.056,0.628,0.627,0.641,1.405,1.401,1.409,0.079,0.079,0.079,0.079,0.080,0.081,0.079,0.079,0.079,0.080
44:49:10,28.6,1.043,1.052,1.063,0.630,0.628,0.642,1.413,1.409,1.416,0.079,0.079,0.079,0.079,0.080,0.081,0.079,0.079,0.079,0.080
44:59:10,28.6,1.042,1.051,1.060,0.638,0.636,0.651,1.409,1.405,1.413,0.079,0.079,0.079,0.079,0.080,0.081,0.079,0.079,0.079,0.080
45:09:10,28.6,1.039,1.047,1.055,0.625,0.623,0.637,1.404,1.400,1.407,0.079,0.079,0.079,0.079,0.080,0.081,0.079,0.079,0.079,0.080
45:19:10,28.6,1.045,1.054,1.064,0.644,0.645,0.659,1.413,1.411,1.418,0.079,0.079,0.079,0.079,0.080,0.081,0.079,0.079,0.079,0.080
45:29:10,28.7,1.042,1.047,1.057,0.642,0.642,0.656,1.406,1.403,1.411,0.079,0.079,0.079,0.079,0.080,0.081,0.079,0.079,0.079,0.080
45:39:10,28.7,1.046,1.052,1.063,0.634,0.632,0.645,1.412,1.408,1.415,0.079,0.079,0.079,0.079,0.080,0.081,0.079,0.079,0.079,0.080
45:49:10,28.7,1.046,1.049,1.058,0.636,0.637,0.650,1.408,1.405,1.411,0.079,0.079,0.079,0.079,0.080,0.081,0.079,0.079,0.079,0.080
45:59:10,28.8,1.049,1.052,1.065,0.636,0.633,0.647,1.415,1.412,1.419,0.079,0.079,0.079,0.079,0.080,0.081,0.079,0.079,0.079,0.080
46:09:10,28.8,1.050,1.053,1.066,0.637,0.633,0.647,1.416,1.413,1.420,0.079,0.079,0.079,0.079,0.080,0.081,0.079,0.079,0.079,0.080
46:19:10,28.9,1.046,1.046,1.056,0.640,0.637,0.651,1.405,1.402,1.409,0.079,0.079,0.079,0.079,0.080,0.081,0.079,0.079,0.079,0.080
46:29:10,28.9,1.051,1.050,1.063,0.643,0.641,0.655,1.412,1.410,1.416,0.079,0.079,0.079,0.079,0.080,0.081,0.079,0.079,0.079,0.080
46:39:10,28.9,1.047,1.041,1.050,0.628,0.624,0.637,1.399,1.396,1.403,0.079,0.079,0.079,0.079,0.080,0.081,0.079,0.079,0.079,0.080
46:49:10,28.9,1.047,1.044,1.056,0.629,0.624,0.637,1.406,1.403,1.409,0.079,0.079,0.079,0.079,0.080,0.081,0.079,0.079,0.079,0.080
46:59:10,28.9,1.051,1.046,1.062,0.645,0.642,0.655,1.412,1.409,1.415,0.079,0.079,0.079,0.079,0.080,0.081,0.079,0.079,0.079,0.080
47:09:10,29.0,1.047,1.040,1.052,0.642,0.639,0.652,1.402,1.398,1.405,0.079,0.079,0.079,0.079,0.080,0.081,0.079,0.079,0.079,0.080
47:19:10,29.0,1.046,1.038,1.049,0.632,0.627,0.639,1.398,1.396,1.402,0.079,0.079,0.079,0.079,0.080,0.081,0.079,0.079,0.079,0.080
47:29:10,29.0,1.048,1.042,1.055,0.635,0.630,0.643,1.403,1.400,1.406,0.079,0.079,0.079,0.079,0.080,0.081,0.079,0.079,0.079,0.080
47:39:10,29.0,1.048,1.043,1.059,0.662,0.661,0.674,1.408,1.405,1.411,0.079,0.079,0.079,0.079,0.080,0.081,0.079,0.079,0.079,0.080
47:49:10,29.0,1.048,1.044,1.061,0.641,0.634,0.648,1.408,1.405,1.411,0.079,0.079,0.079,0.079,0.080,0.081,0.079,0.079,0.079,0.080
47:59:10,29.0,1.048,1.039,1.051,0.635,0.629,0.642,1.399,1.395,1.402,0.079,0.079,0.079,0.079,0.080,0.081,0.079,0.079,0.079,0.080
48:09:10,29.0,1.047,1.039,1.051,0.633,0.626,0.639,1.399,1.396,1.402,0.079,0.079,0.079,0.079,0.080,0.081,0.079,0.079,0.079,0.080
48:19:10,29.0,1.050,1.043,1.058,0.645,0.639,0.652,1.407,1.404,1.408,0.079,0.079,0.079,0.079,0.080,0.081,0.079,0.079,0.079,0.080
48:29:10,29.0,1.052,1.043,1.060,0.655,0.649,0.663,1.408,1.407,1.411,0.079,0.079,0.079,0.079,0.080,0.081,0.079,0.079,0.079,0.080
48:39:10,29.0,1.045,1.036,1.048,0.635,0.626,0.639,1.395,1.393,1.398,0.079,0.079,0.079,0.079,0.080,0.081,0.079,0.079,0.079,0.080
48:49:10,29.0,1.049,1.039,1.050,0.642,0.634,0.648,1.397,1.395,1.401,0.079,0.079,0.079,0.079,0.080,0.081,0.079,0.079,0.079,0.080
48:59:10,29.0,1.046,1.036,1.049,0.635,0.626,0.640,1.396,1.393,1.399,0.079,0.079,0.079,0.079,0.080,0.081,0.079,0.079,0.079,0.080
49:09:10,29.0,1.047,1.036,1.046,0.637,0.629,0.642,1.393,1.391,1.397,0.079,0.079,0.079,0.079,0.080,0.081,0.079,0.079,0.079,0.080
49:19:10,29.0,1.045,1.036,1.049,0.643,0.635,0.648,1.397,1.394,1.399,0.079,0.079,0.079,0.079,0.080,0.081,0.079,0.079,0.079,0.080
49:29:10,29.0,1.048,1.035,1.048,0.638,0.629,0.642,1.395,1.394,1.399,0.079,0.079,0.079,0.079,0.080,0.081,0.079,0.079,0.079,0.080
49:39:10,29.0,1.045,1.033,1.042,0.633,0.624,0.636,1.388,1.388,1.393,0.079,0.079,0.079,0.079,0.080,0.081,0.079,0.079,0.079,0.080
49:49:10,29.0,1.049,1.038,1.051,0.642,0.632,0.645,1.397,1.399,1.402,0.079,0.079,0.079,0.079,0.080,0.081,0.079,0.079,0.079,0.080
49:59:10,29.0,1.046,1.031,1.041,0.635,0.626,0.639,1.387,1.388,1.392,0.079,0.079,0.079,0.079,0.080,0.081,0.079,0.079,0.079,0.080
50:09:10,29.0,1.046,1.034,1.045,0.642,0.632,0.646,1.392,1.392,1.395,0.079,0.079,0.079,0.079,0.080,0.081,0.079,0.079,0.079,0.080
50:19:10,28.9,1.046,1.035,1.046,0.648,0.641,0.654,1.390,1.391,1.396,0.079,0.079,0.079,0.079,0.080,0.081,0.079,0.079,0.079,0.080
50:29:10,28.9,1.046,1.035,1.048,0.643,0.633,0.646,1.392,1.393,1.397,0.079,0.079,0.079,0.079,0.080,0.081,0.079,0.079,0.079,0.079
50:39:10,28.9,1.043,1.023,1.033,0.631,0.621,0.634,1.378,1.379,1.383,0.079,0.079,0.079,0.079,0.080,0.081,0.079,0.079,0.079,0.080
50:49:10,28.9,1.047,1.032,1.042,0.641,0.633,0.646,1.387,1.387,1.391,0.079,0.079,0.079,0.079,0.080,0.081,0.079,0.079,0.079,0.080
50:59:10,28.9,1.048,1.034,1.045,0.644,0.634,0.647,1.390,1.390,1.394,0.079,0.079,0.079,0.079,0.080,0.081,0.079,0.079,0.079,0.080
51:09:10,28.9,1.043,1.027,1.036,0.633,0.622,0.635,1.379,1.379,1.385,0.079,0.079,0.079,0.079,0.080,0.081,0.079,0.079,0.079,0.080
51:19:10,28.9,1.049,1.032,1.043,0.640,0.630,0.643,1.387,1.387,1.392,0.079,0.079,0.079,0.079,0.080,0.081,0.079,0.079,0.079,0.080
51:29:10,28.8,1.046,1.025,1.035,0.640,0.629,0.643,1.380,1.379,1.385,0.078,0.079,0.079,0.079,0.080,0.081,0.079,0.079,0.079,0.080
51:39:10,28.8,1.044,1.025,1.032,0.636,0.625,0.639,1.377,1.376,1.382,0.079,0.079,0.079,0.079,0.080,0.081,0.079,0.079,0.079,0.080
51:49:10,28.8,1.049,1.030,1.041,0.653,0.644,0.657,1.385,1.385,1.390,0.079,0.079,0.079,0.079,0.080,0.081,0.079,0.079,0.079,0.080
51:59:10,28.8,1.044,1.021,1.031,0.635,0.624,0.637,1.373,1.373,1.379,0.079,0.079,0.079,0.079,0.080,0.081,0.079,0.079,0.079,0.080
52:09:10,28.8,1.044,1.021,1.030,0.640,0.629,0.643,1.376,1.375,1.381,0.079,0.079,0.079,0.079,0.080,0.081,0.079,0.079,0.079,0.080
52:19:10,28.8,1.048,1.026,1.035,0.647,0.637,0.651,1.382,1.380,1.385,0.079,0.079,0.079,0.079,0.080,0.081,0.079,0.079,0.079,0.080
52:29:10,28.8,1.045,1.024,1.033,0.641,0.628,0.642,1.378,1.377,1.381,0.080,0.079,0.079,0.079,0.080,0.081,0.079,0.079,0.079,0.080
52:39:10,28.8,1.046,1.024,1.033,0.643,0.631,0.645,1.377,1.377,1.380,0.079,0.079,0.079,0.079,0.080,0.081,0.079,0.079,0.079,0.080
52:49:10,28.8,1.048,1.026,1.039,0.645,0.635,0.648,1.381,1.382,1.385,0.079,0.079,0.079,0.079,0.080,0.081,0.079,0.079,0.079,0.080
52:59:10,28.8,1.048,1.023,1.033,0.640,0.628,0.642,1.377,1.377,1.380,0.079,0.079,0.079,0.079,0.080,0.081,0.079,0.079,0.079,0.080
53:09:10,28.8,1.048,1.021,1.031,0.642,0.633,0.646,1.374,1.375,1.378,0.079,0.079,0.079,0.079,0.080,0.081,0.079,0.079,0.079,0.080
53:19:10,28.8,1.048,1.021,1.031,0.641,0.630,0.644,1.374,1.375,1.378,0.080,0.079,0.079,0.079,0.080,0.081,0.079,0.079,0.079,0.080
53:29:10,28.8,1.047,1.019,1.031,0.643,0.632,0.646,1.374,1.374,1.378,0.079,0.079,0.079,0.079,0.080,0.081,0.079,0.079,0.079,0.080
53:39:10,28.8,1.048,1.018,1.029,0.642,0.630,0.644,1.371,1.371,1.376,0.079,0.079,0.079,0.079,0.080,0.081,0.079,0.079,0.079,0.080
53:49:10,28.8,1.047,1.018,1.030,0.638,0.626,0.639,1.372,1.371,1.376,0.079,0.079,0.079,0.079,0.080,0.081,0.079,0.079,0.079,0.080
53:59:10,28.7,1.049,1.020,1.034,0.641,0.627,0.640,1.377,1.375,1.380,0.079,0.079,0.079,0.079,0.080,0.081,0.079,0.079,0.079,0.080
54:09:10,28.7,1.052,1.021,1.036,0.645,0.631,0.644,1.378,1.376,1.381,0.079,0.079,0.079,0.079,0.080,0.081,0.079,0.079,0.079,0.080
54:19:10,28.7,1.052,1.018,1.032,0.644,0.630,0.643,1.374,1.372,1.378,0.079,0.079,0.079,0.079,0.080,0.081,0.079,0.079,0.079,0.080
54:29:10,28.7,1.055,1.022,1.037,0.648,0.635,0.648,1.378,1.378,1.382,0.079,0.079,0.079,0.079,0.080,0.081,0.079,0.079,0.079,0.080
54:39:10,28.7,1.052,1.017,1.031,0.643,0.630,0.643,1.372,1.371,1.376,0.079,0.079,0.079,0.079,0.080,0.081,0.079,0.079,0.079,0.080
54:49:10,28.7,1.053,1.017,1.032,0.642,0.629,0.642,1.372,1.372,1.377,0.079,0.079,0.079,0.079,0.080,0.081,0.079,0.079,0.079,0.080
54:59:10,28.7,1.051,1.015,1.025,0.639,0.627,0.640,1.366,1.365,1.370,0.079,0.079,0.079,0.079,0.080,0.081,0.079,0.079,0.079,0.080
55:09:10,28.7,1.049,1.015,1.024,0.634,0.621,0.634,1.363,1.363,1.368,0.079,0.079,0.079,0.079,0.080,0.081,0.079,0.079,0.079,0.080
55:19:10,28.7,1.051,1.016,1.026,0.639,0.625,0.638,1.365,1.365,1.369,0.079,0.079,0.079,0.079,0.080,0.081,0.079,0.079,0.079,0.080
55:29:10,28.7,1.050,1.012,1.023,0.637,0.624,0.638,1.362,1.362,1.367,0.078,0.079,0.079,0.079,0.080,0.081,0.079,0.079,0.079,0.080
55:39:10,28.7,1.051,1.015,1.029,0.647,0.636,0.650,1.367,1.367,1.370,0.079,0.079,0.079,0.079,0.080,0.081,0.079,0.079,0.079,0.080
55:49:10,28.7,1.050,1.014,1.029,0.641,0.627,0.640,1.365,1.366,1.370,0.079,0.079,0.079,0.079,0.080,0.081,0.079,0.079,0.079,0.080
55:59:10,28.7,1.048,1.010,1.023,0.635,0.621,0.634,1.359,1.359,1.364,0.079,0.079,0.079,0.079,0.080,0.081,0.079,0.079,0.079,0.080
56:09:10,28.7,1.052,1.014,1.028,0.642,0.628,0.641,1.366,1.366,1.370,0.079,0.079,0.079,0.079,0.080,0.081,0.079,0.079,0.079,0.080
56:19:10,28.7,1.054,1.015,1.031,0.646,0.631,0.644,1.368,1.369,1.372,0.079,0.079,0.079,0.079,0.080,0.081,0.079,0.079,0.079,0.080
56:29:10,28.7,1.055,1.014,1.030,0.646,0.632,0.645,1.364,1.366,1.370,0.079,0.079,0.079,0.079,0.080,0.081,0.079,0.079,0.079,0.080
56:39:10,28.7,1.052,1.008,1.022,0.633,0.619,0.632,1.356,1.357,1.361,0.079,0.079,0.080,0.079,0.080,0.081,0.079,0.079,0.079,0.080
56:49:10,28.7,1.057,1.014,1.030,0.645,0.630,0.643,1.365,1.366,1.369,0.079,0.079,0.079,0.079,0.080,0.081,0.079,0.079,0.079,0.080
56:59:10,28.7,1.055,1.012,1.025,0.644,0.630,0.644,1.360,1.361,1.365,0.079,0.079,0.079,0.079,0.080,0.081,0.079,0.079,0.079,0.080
57:09:10,28.7,1.052,1.007,1.019,0.635,0.620,0.633,1.354,1.352,1.359,0.079,0.079,0.079,0.079,0.080,0.081,0.079,0.079,0.079,0.080
57:19:10,28.7,1.055,1.012,1.026,0.644,0.629,0.642,1.360,1.359,1.365,0.079,0.079,0.079,0.079,0.080,0.081,0.079,0.079,0.079,0.080
57:29:10,28.7,1.052,1.007,1.020,0.635,0.620,0.632,1.353,1.351,1.357,0.079,0.079,0.079,0.079,0.080,0.081,0.079,0.079,0.079,0.080
57:39:10,28.7,1.055,1.011,1.022,0.643,0.628,0.641,1.358,1.356,1.361,0.079,0.079,0.079,0.079,0.080,0.081,0.079,0.079,0.079,0.080
57:49:10,28.7,1.056,1.011,1.024,0.643,0.627,0.640,1.359,1.357,1.362,0.079,0.079,0.079,0.079,0.080,0.081,0.079,0.079,0.079,0.080
57:59:10,28.7,1.056,1.009,1.022,0.647,0.633,0.647,1.357,1.356,1.360,0.079,0.079,0.079,0.079,0.080,0.081,0.079,0.079,0.079,0.080
58:09:10,28.7,1.055,1.006,1.018,0.639,0.624,0.637,1.351,1.351,1.356,0.079,0.079,0.079,0.079,0.080,0.081,0.079,0.079,0.079,0.080
58:19:10,28.7,1.055,1.008,1.018,0.638,0.623,0.636,1.350,1.351,1.356,0.079,0.079,0.079,0.079,0.080,0.081,0.079,0.079,0.079,0.080
58:29:10,28.7,1.058,1.012,1.025,0.649,0.634,0.647,1.357,1.358,1.362,0.079,0.079,0.079,0.079,0.080,0.081,0.079,0.079,0.079,0.080
58:39:10,28.6,1.056,1.006,1.016,0.638,0.624,0.637,1.350,1.349,1.354,0.080,0.079,0.079,0.079,0.080,0.081,0.079,0.079,0.079,0.080
58:49:10,28.6,1.056,1.006,1.016,0.641,0.625,0.639,1.351,1.349,1.353,0.079,0.079,0.079,0.079,0.080,0.081,0.079,0.079,0.079,0.080
58:59:10,28.6,1.056,1.004,1.014,0.638,0.623,0.636,1.349,1.346,1.352,0.079,0.079,0.079,0.079,0.080,0.081,0.079,0.079,0.079,0.080
59:09:10,28.6,1.058,1.005,1.016,0.642,0.628,0.642,1.351,1.348,1.353,0.080,0.079,0.079,0.079,0.080,0.081,0.079,0.079,0.079,0.080
59:19:10,28.6,1.058,1.004,1.016,0.638,0.624,0.637,1.350,1.345,1.352,0.079,0.079,0.079,0.079,0.080,0.081,0.079,0.079,0.079,0.080
59:29:10,28.6,1.059,1.006,1.016,0.645,0.631,0.645,1.353,1.348,1.353,0.079,0.079,0.079,0.079,0.080,0.081,0.079,0.079,0.079,0.080
59:39:10,28.6,1.057,1.004,1.014,0.640,0.625,0.638,1.350,1.345,1.351,0.079,0.079,0.079,0.079,0.080,0.081,0.079,0.079,0.079,0.080
59:49:10,28.6,1.058,1.004,1.015,0.639,0.622,0.635,1.349,1.345,1.351,0.079,0.079,0.079,0.079,0.080,0.081,0.079,0.079,0.079,0.080
59:59:10,28.6,1.062,1.006,1.017,0.646,0.629,0.643,1.353,1.349,1.353,0.079,0.079,0.079,0.079,0.080,0.081,0.079,0.079,0.079,0.080
60:09:10,28.6,1.060,1.001,1.012,0.640,0.624,0.637,1.347,1.344,1.348,0.079,0.079,0.079,0.079,0.080,0.081,0.079,0.079,0.079,0.080
60:19:10,28.6,1.063,1.004,1.016,0.648,0.631,0.644,1.350,1.349,1.352,0.079,0.079,0.079,0.079,0.080,0.081,0.079,0.079,0.079,0.080
60:29:10,28.6,1.064,1.003,1.015,0.644,0.628,0.641,1.348,1.346,1.351,0.079,0.079,0.079,0.079,0.080,0.081,0.079,0.079,0.079,0.080
60:39:10,28.6,1.062,1.001,1.010,0.639,0.623,0.636,1.343,1.342,1.346,0.079,0.079,0.079,0.079,0.080,0.081,0.079,0.079,0.079,0.080
60:49:10,28.6,1.062,1.000,1.009,0.642,0.626,0.639,1.343,1.342,1.346,0.079,0.079,0.079,0.079,0.080,0.081,0.079,0.079,0.079,0.080
60:59:10,28.6,1.062,0.999,1.008,0.638,0.622,0.634,1.341,1.339,1.345,0.079,0.079,0.079,0.079,0.080,0.081,0.079,0.079,0.079,0.080
61:09:10,28.6,1.067,1.004,1.013,0.648,0.631,0.644,1.348,1.346,1.350,0.079,0.079,0.079,0.079,0.080,0.081,0.079,0.079,0.079,0.080
61:19:10,28.6,1.067,1.003,1.013,0.646,0.628,0.642,1.346,1.345,1.348,0.085,0.079,0.079,0.079,0.080,0.081,0.079,0.079,0.079,0.080
61:29:10,28.6,1.063,0.999,1.007,0.640,0.623,0.636,1.341,1.338,1.343,0.087,0.079,0.079,0.079,0.080,0.081,0.079,0.079,0.079,0.080
61:39:10,28.5,1.075,1.008,1.017,0.663,0.652,0.665,1.352,1.351,1.354,0.087,0.079,0.079,0.079,0.080,0.081,0.079,0.079,0.079,0.080
61:49:10,28.5,1.070,1.001,1.010,0.645,0.629,0.643,1.342,1.339,1.345,0.081,0.079,0.079,0.079,0.080,0.081,0.079,0.079,0.079,0.080
61:59:10,28.5,1.067,1.001,1.009,0.648,0.630,0.643,1.342,1.340,1.344,0.082,0.079,0.079,0.079,0.080,0.081,0.079,0.079,0.079,0.080
62:09:10,28.5,1.071,1.003,1.010,0.649,0.633,0.647,1.343,1.341,1.346,0.082,0.079,0.079,0.079,0.080,0.081,0.079,0.079,0.079,0.080
62:19:10,28.5,1.069,1.001,1.006,0.643,0.628,0.641,1.338,1.336,1.341,0.084,0.079,0.079,0.079,0.080,0.081,0.079,0.079,0.079,0.080
62:29:10,28.5,1.072,1.000,1.007,0.644,0.629,0.642,1.338,1.336,1.341,0.080,0.079,0.079,0.079,0.080,0.081,0.079,0.079,0.079,0.080
62:39:10,28.5,1.072,1.001,1.007,0.647,0.631,0.645,1.339,1.337,1.341,0.083,0.079,0.079,0.079,0.080,0.081,0.079,0.079,0.079,0.080
62:49:10,28.5,1.073,1.000,1.007,0.646,0.631,0.645,1.339,1.336,1.341,0.085,0.079,0.079,0.079,0.080,0.081,0.079,0.079,0.079,0.080
62:59:10,28.5,1.069,0.996,1.003,0.636,0.620,0.632,1.334,1.330,1.336,0.085,0.079,0.079,0.079,0.080,0.081,0.079,0.079,0.079,0.080
63:09:10,28.5,1.070,0.997,1.004,0.638,0.622,0.635,1.334,1.331,1.337,0.087,0.079,0.079,0.079,0.080,0.081,0.079,0.079,0.079,0.080
63:19:10,28.5,1.076,1.002,1.009,0.649,0.633,0.645,1.340,1.337,1.342,0.088,0.079,0.079,0.079,0.080,0.081,0.079,0.079,0.079,0.080
63:29:10,28.5,1.077,1.002,1.008,0.649,0.633,0.645,1.339,1.336,1.341,0.084,0.079,0.079,0.079,0.080,0.081,0.079,0.079,0.079,0.080
63:39:10,28.5,1.072,0.996,1.000,0.639,0.623,0.635,1.332,1.329,1.335,0.087,0.079,0.079,0.079,0.080,0.081,0.079,0.079,0.079,0.080
63:49:10,28.5,1.076,0.997,1.005,0.646,0.631,0.644,1.336,1.333,1.338,0.082,0.079,0.079,0.079,0.080,0.081,0.079,0.079,0.079,0.080
63:59:10,28.5,1.078,1.001,1.009,0.654,0.638,0.651,1.341,1.337,1.341,0.079,0.079,0.079,0.079,0.080,0.081,0.079,0.079,0.079,0.080
64:09:10,28.5,1.077,0.998,1.006,0.650,0.634,0.646,1.338,1.334,1.339,0.079,0.079,0.079,0.079,0.080,0.081,0.079,0.079,0.079,0.080
64:19:10,28.5,1.076,0.996,1.003,0.645,0.630,0.642,1.333,1.330,1.335,0.079,0.079,0.079,0.079,0.080,0.081,0.079,0.079,0.079,0.080
64:29:10,28.5,1.076,0.995,1.001,0.639,0.624,0.636,1.330,1.327,1.332,0.086,0.079,0.079,0.079,0.080,0.081,0.079,0.079,0.079,0.080
64:39:10,28.5,1.079,0.997,1.007,0.647,0.633,0.645,1.336,1.332,1.337,0.083,0.079,0.079,0.079,0.080,0.081,0.079,0.079,0.079,0.080
64:49:10,28.5,1.079,0.998,1.006,0.650,0.636,0.648,1.335,1.331,1.337,0.087,0.079,0.079,0.079,0.080,0.081,0.079,0.079,0.079,0.080
64:59:10,28.5,1.079,0.999,1.005,0.653,0.639,0.651,1.335,1.331,1.336,0.079,0.079,0.079,0.079,0.080,0.081,0.079,0.079,0.079,0.080
65:09:10,28.4,1.077,0.995,1.001,0.641,0.627,0.639,1.330,1.325,1.332,0.086,0.079,0.079,0.079,0.080,0.081,0.079,0.079,0.079,0.080
65:19:10,28.4,1.081,0.998,1.005,0.651,0.637,0.648,1.335,1.330,1.337,0.087,0.079,0.079,0.079,0.080,0.081,0.079,0.079,0.079,0.080
65:29:10,28.4,1.078,0.996,1.002,0.643,0.630,0.642,1.329,1.324,1.331,0.081,0.079,0.079,0.079,0.080,0.081,0.079,0.079,0.079,0.080
65:39:10,28.4,1.081,0.997,1.003,0.646,0.634,0.646,1.331,1.326,1.332,0.084,0.079,0.079,0.079,0.080,0.081,0.079,0.079,0.079,0.080
65:49:10,28.5,1.082,0.999,1.006,0.655,0.642,0.654,1.334,1.328,1.336,0.084,0.079,0.079,0.079,0.080,0.081,0.079,0.079,0.079,0.080
65:59:10,28.4,1.079,0.995,1.002,0.643,0.630,0.641,1.328,1.323,1.330,0.082,0.079,0.079,0.079,0.080,0.081,0.079,0.079,0.079,0.080
66:09:10,28.5,1.081,0.997,1.005,0.650,0.638,0.650,1.331,1.327,1.333,0.079,0.079,0.079,0.079,0.080,0.081,0.079,0.079,0.079,0.080
66:19:10,28.5,1.082,0.998,1.003,0.653,0.641,0.652,1.330,1.326,1.333,0.086,0.079,0.079,0.079,0.080,0.081,0.079,0.079,0.079,0.080
66:29:10,28.5,1.083,0.998,1.004,0.654,0.642,0.654,1.330,1.327,1.334,0.083,0.079,0.079,0.079,0.080,0.081,0.079,0.079,0.079,0.080
66:39:10,28.5,1.081,0.995,1.003,0.648,0.636,0.648,1.326,1.323,1.330,0.080,0.079,0.079,0.079,0.080,0.081,0.079,0.079,0.079,0.080
66:49:10,28.5,1.081,0.996,1.002,0.644,0.632,0.643,1.324,1.322,1.328,0.086,0.079,0.079,0.079,0.080,0.081,0.079,0.079,0.079,0.080
66:59:10,28.6,1.081,0.996,1.001,0.648,0.636,0.647,1.325,1.323,1.329,0.084,0.079,0.079,0.079,0.080,0.081,0.079,0.079,0.079,0.080
67:09:10,28.6,1.079,0.994,0.998,0.641,0.630,0.642,1.321,1.319,1.325,0.088,0.079,0.079,0.079,0.080,0.081,0.079,0.079,0.079,0.080
67:19:10,28.6,1.079,0.994,0.999,0.639,0.629,0.640,1.321,1.318,1.325,0.087,0.079,0.079,0.079,0.080,0.081,0.079,0.079,0.079,0.080
67:29:10,28.7,1.081,0.996,1.001,0.649,0.640,0.651,1.325,1.323,1.329,0.086,0.079,0.079,0.079,0.080,0.081,0.079,0.079,0.079,0.080
67:39:10,28.7,1.080,0.995,0.998,0.650,0.640,0.650,1.325,1.321,1.327,0.080,0.079,0.079,0.079,0.080,0.081,0.079,0.079,0.079,0.080
67:49:10,28.7,1.083,0.996,1.002,0.655,0.647,0.658,1.327,1.324,1.330,0.085,0.079,0.079,0.079,0.080,0.081,0.079,0.079,0.079,0.080
67:59:10,28.8,1.079,0.992,0.998,0.643,0.635,0.646,1.320,1.317,1.323,0.079,0.079,0.079,0.079,0.080,0.081,0.079,0.079,0.079,0.080
68:09:10,28.8,1.079,0.992,0.998,0.641,0.633,0.644,1.321,1.317,1.323,0.086,0.079,0.079,0.079,0.080,0.081,0.079,0.079,0.079,0.080
68:19:10,28.8,1.084,0.996,1.002,0.652,0.646,0.657,1.327,1.322,1.328,0.082,0.079,0.079,0.079,0.080,0.081,0.079,0.079,0.079,0.080
68:29:10,28.8,1.082,0.994,0.997,0.643,0.636,0.647,1.321,1.316,1.324,0.088,0.079,0.079,0.079,0.080,0.081,0.079,0.079,0.079,0.080
68:39:10,28.8,1.079,0.992,0.995,0.639,0.632,0.643,1.318,1.313,1.321,0.085,0.079,0.079,0.079,0.080,0.081,0.079,0.079,0.079,0.080
68:49:10,28.8,1.079,0.991,0.994,0.634,0.628,0.638,1.317,1.311,1.319,0.084,0.079,0.079,0.079,0.080,0.081,0.079,0.079,0.079,0.080
68:59:10,28.8,1.085,0.997,1.000,0.651,0.646,0.656,1.326,1.319,1.326,0.082,0.079,0.079,0.079,0.080,0.081,0.079,0.079,0.079,0.080
69:09:10,28.8,1.080,0.992,0.993,0.641,0.635,0.646,1.319,1.312,1.320,0.086,0.079,0.079,0.079,0.080,0.081,0.079,0.079,0.079,0.080
69:19:10,28.8,1.082,0.992,0.993,0.639,0.634,0.644,1.319,1.312,1.320,0.087,0.079,0.079,0.079,0.080,0.081,0.079,0.079,0.079,0.080
69:29:10,28.8,1.085,0.994,0.996,0.642,0.638,0.649,1.320,1.315,1.322,0.083,0.079,0.079,0.079,0.080,0.081,0.079,0.079,0.079,0.080
69:39:10,28.8,1.089,0.997,0.999,0.652,0.648,0.659,1.325,1.319,1.326,0.079,0.079,0.079,0.079,0.080,0.081,0.079,0.079,0.079,0.080
69:49:10,28.9,1.087,0.996,0.997,0.648,0.644,0.655,1.323,1.315,1.323,0.080,0.079,0.079,0.079,0.080,0.081,0.079,0.079,0.079,0.080
69:59:10,28.9,1.088,0.995,0.996,0.652,0.649,0.660,1.323,1.315,1.322,0.080,0.079,0.079,0.079,0.080,0.081,0.079,0.079,0.079,0.080
70:09:10,28.9,1.085,0.993,0.993,0.647,0.644,0.654,1.319,1.312,1.320,0.085,0.079,0.079,0.079,0.080,0.081,0.079,0.079,0.079,0.080
70:19:10,28.9,1.089,0.998,0.999,0.661,0.660,0.671,1.331,1.319,1.326,0.085,0.079,0.079,0.079,0.080,0.081,0.079,0.079,0.079,0.080
70:29:10,29.0,1.086,0.996,0.995,0.653,0.651,0.662,1.320,1.315,1.322,0.083,0.079,0.079,0.079,0.080,0.081,0.079,0.079,0.079,0.080
70:39:10,29.0,1.084,0.993,0.991,0.647,0.644,0.655,1.315,1.310,1.319,0.081,0.079,0.079,0.079,0.080,0.081,0.079,0.079,0.079,0.080
70:49:10,29.0,1.084,0.992,0.990,0.645,0.643,0.653,1.313,1.309,1.318,0.081,0.079,0.079,0.079,0.080,0.081,0.079,0.079,0.079,0.080
70:59:10,29.0,1.087,0.994,0.993,0.648,0.648,0.658,1.316,1.312,1.320,0.088,0.079,0.079,0.079,0.080,0.081,0.079,0.079,0.079,0.080
71:09:10,29.1,1.087,0.993,0.992,0.647,0.647,0.657,1.314,1.310,1.317,0.081,0.079,0.079,0.079,0.080,0.081,0.079,0.079,0.079,0.080
71:19:10,29.1,1.088,0.995,0.993,0.653,0.654,0.665,1.318,1.315,1.320,0.087,0.079,0.079,0.079,0.080,0.081,0.079,0.079,0.079,0.080
71:29:10,29.1,1.086,0.993,0.989,0.645,0.646,0.657,1.312,1.309,1.317,0.080,0.079,0.079,0.079,0.080,0.081,0.079,0.079,0.079,0.080
71:39:10,29.1,1.085,0.992,0.988,0.644,0.645,0.656,1.311,1.307,1.315,0.083,0.079,0.079,0.079,0.080,0.081,0.079,0.079,0.079,0.080
71:49:10,29.1,1.085,0.991,0.986,0.638,0.639,0.649,1.310,1.307,1.314,0.081,0.079,0.079,0.079,0.080,0.081,0.079,0.079,0.079,0.080
71:59:10,29.2,1.087,0.994,0.990,0.647,0.650,0.661,1.314,1.311,1.318,0.079,0.079,0.079,0.079,0.080,0.081,0.079,0.079,0.079,0.080
72:09:10,29.2,1.086,0.993,0.989,0.642,0.645,0.655,1.312,1.308,1.316,0.087,0.079,0.079,0.079,0.080,0.081,0.079,0.079,0.079,0.080

