exp_time,od_measured,od_setpoint,od_zero_setpoint,thermostat_setpoint,heating_rate,internal_air_temp,external_air_temp,media_temp,opt_gen_act_int,pump_1_rate,pump_2_rate,pump_3_rate,pump_4_rate,media_vol,stirring_rate,LED_395nm_setpoint,LED_457nm_setpoint,LED_500nm_setpoint,LED_523nm_setpoint,LED_595nm_setpoint,LED_623nm_setpoint,LED_6500K_setpoint,laser_setpoint,LED_UV_int,FP1_base,FP1_emit1,FP1_emit2,FP2_base,FP2_emit1,FP2_emit2,FP3_base,FP3_emit1,FP3_emit2,custom_prog_param1,custom_prog_param2,custom_prog_param3,custom_prog_status,zigzag_target,growth_rate
0.2,0.010111496448626392,0.0,30000.0,28.0,0.0,26.0,35.125,28.33000000000004,0.0,0.0,0.0,0.0,0.0,20.0,0.5,0.1,0.1,0.1,0.1,0.1,0.1,0.1,0.5,0.0,0.0,0.0,0.0,0.0,0.0,0.0,0.0,0.0,0.0,0.0,0.0,0.0,0.0,0.0,0.0
60.24,0.01681488608836018,0.0,30000.0,28.0,0.0,26.1875,35.0,28.07000000000005,0.0,0.0,0.0,0.0,0.0,20.0,0.5,0.1,0.1,0.1,0.1,0.1,0.1,0.1,0.5,0.0,0.0,0.0,0.0,0.0,0.0,0.0,0.0,0.0,0.0,0.0,0.0,0.0,0.0,0.0,0.0
120.28,-0.0038967995119237398,0.0,30000.0,28.0,0.0009999999999945434,26.375,34.8125,28.05000000000001,0.0,0.0,0.0,0.0,0.0,20.0,0.5,0.1,0.1,0.1,0.1,0.1,0.1,0.1,0.5,0.0,0.0,0.0,0.0,0.0,0.0,0.0,0.0,0.0,0.0,0.0,0.0,0.0,0.0,0.0,0.0
180.35,-0.002650089715685703,0.0,30000.0,28.0,0.013299999999994157,26.8125,34.6875,28.05000000000001,0.0,0.0,0.0,0.0,0.0,20.0,0.5,0.1,0.1,0.1,0.1,0.1,0.1,0.1,0.5,0.0,0.0,0.0,0.0,0.0,0.0,0.0,0.0,0.0,0.0,0.0,0.0,0.0,0.0,0.0,0.0
240.42,0.012381158831094762,0.0,30000.0,28.0,0.06569999999999084,26.25,34.5,27.950000000000045,0.0,0.0,0.0,0.0,0.0,20.0,0.5,0.1,0.1,0.1,0.1,0.1,0.1,0.1,0.5,0.0,0.0,0.0,0.0,0.0,0.0,0.0,0.0,0.0,0.0,0.0,0.0,0.0,0.0,0.0,0.0
300.45,0.015056546135725185,0.0,30000.0,28.0,0.0933999999999807,26.3125,34.3125,27.79000000000002,0.0,0.0,0.0,0.0,0.0,20.0,0.5,0.1,0.1,0.1,0.1,0.1,0.1,0.1,0.5,0.0,0.0,0.0,0.0,0.0,0.0,0.0,0.0,0.0,0.0,0.0,0.0,0.0,0.0,0.0,0.0
360.5,0.0053289092685242356,0.0,30000.0,28.0,0.05499999999999232,26.4375,34.125,28.05000000000001,0.0,0.0,0.0,0.0,0.0,20.0,0.5,0.1,0.1,0.1,0.1,0.1,0.1,0.1,0.5,0.0,0.0,0.0,0.0,0.0,0.0,0.0,0.0,0.0,0.0,0.0,0.0,0.0,0.0,0.0,0.0
420.56,-0.004239103819081704,0.0,30000.0,28.0,0.06269999999998702,26.3125,34.0,27.99000000000001,0.0,0.0,0.0,0.0,0.0,20.0,0.5,0.1,0.1,0.1,0.1,0.1,0.1,0.1,0.5,0.0,0.0,0.0,0.0,0.0,0.0,0.0,0.0,0.0,0.0,0.0,0.0,0.0,0.0,0.0,0.0
480.63,0.009476731188823822,0.0,30000.0,28.0,0.07869999999999179,26.9375,33.8125,27.99000000000001,0.0,0.0,0.0,0.0,0.0,20.0,0.5,0.1,0.1,0.1,0.1,0.1,0.1,0.1,0.5,0.0,0.0,0.0,0.0,0.0,0.0,0.0,0.0,0.0,0.0,0.0,0.0,0.0,0.0,0.0,0.0
540.69,0.005624622346699397,0.0,30000.0,28.0,0.013099999999978691,26.6875,33.625,27.870000000000005,0.0,0.0,0.0,0.0,0.0,20.0,0.5,0.1,0.1,0.1,0.1,0.1,0.1,0.1,0.5,0.0,0.0,0.0,0.0,0.0,0.0,0.0,0.0,0.0,0.0,0.0,0.0,0.0,0.0,0.0,0.0
600.78,0.016424245899418585,0.0,30000.0,28.0,0.04489999999997904,26.5,33.5625,27.910000000000025,0.0,0.0,0.0,0.0,0.0,20.0,0.5,0.1,0.1,0.1,0.1,0.1,0.1,0.1,0.5,0.0,0.0,0.0,0.0,0.0,0.0,0.0,0.0,0.0,0.0,0.0,0.0,0.0,0.0,0.0,0.0
660.86,0.006009889039234639,0.0,30000.0,28.0,0.06609999999998903,26.5625,33.375,27.730000000000018,0.0,0.0,0.0,0.0,0.0,20.0,0.5,0.1,0.1,0.1,0.1,0.1,0.1,0.1,0.5,0.0,0.0,0.0,0.0,0.0,0.0,0.0,0.0,0.0,0.0,0.0,0.0,0.0,0.0,0.0,0.0
720.93,0.0030945356797814805,0.0,30000.0,28.0,0.0720999999999887,26.0625,33.25,27.610000000000014,0.0,0.0,0.0,0.0,0.0,20.0,0.5,0.1,0.1,0.1,0.1,0.1,0.1,0.1,0.5,0.0,0.0,0.0,0.0,0.0,0.0,0.0,0.0,0.0,0.0,0.0,0.0,0.0,0.0,0.0,0.0
781.01,0.013116142087052677,0.0,30000.0,28.0,0.07859999999998363,26.6875,33.1875,27.99000000000001,0.0,0.0,0.0,0.0,0.0,20.0,0.5,0.1,0.1,0.1,0.1,0.1,0.1,0.1,0.5,0.0,0.0,0.0,0.0,0.0,0.0,0.0,0.0,0.0,0.0,0.0,0.0,0.0,0.0,0.0,0.0
841.08,0.01075097666052264,0.0,30000.0,28.0,0.09599999999998374,26.3125,33.125,27.79000000000002,0.0,0.0,0.0,0.0,0.0,20.0,0.5,0.1,0.1,0.1,0.1,0.1,0.1,0.1,0.5,0.0,0.0,0.0,0.0,0.0,0.0,0.0,0.0,0.0,0.0,0.0,0.0,0.0,0.0,0.0,0.0
901.14,0.021676893345074156,0.0,30000.0,28.0,0.08459999999998244,26.1875,33.0625,27.850000000000023,0.0,0.0,0.0,0.0,0.0,20.0,0.5,0.1,0.1,0.1,0.1,0.1,0.1,0.1,0.5,0.0,0.0,0.0,0.0,0.0,0.0,0.0,0.0,0.0,0.0,0.0,0.0,0.0,0.0,0.0,0.0
961.18,-0.0009140186198460234,0.0,30000.0,28.0,0.07669999999997627,26.5625,32.9375,27.99000000000001,0.0,0.0,0.0,0.0,0.0,20.0,0.5,0.1,0.1,0.1,0.1,0.1,0.1,0.1,0.5,0.0,0.0,0.0,0.0,0.0,0.0,0.0,0.0,0.0,0.0,0.0,0.0,0.0,0.0,0.0,0.0
1021.23,0.012537654063717143,0.0,30000.0,28.0,0.22249999999998094,26.0,32.875,27.310000000000002,0.0,0.0,0.0,0.0,0.0,20.0,0.5,0.1,0.1,0.1,0.1,0.1,0.1,0.1,0.5,0.0,0.0,0.0,0.0,0.0,0.0,0.0,0.0,0.0,0.0,0.0,0.0,0.0,0.0,0.0,0.0
1081.27,0.01149657266607241,0.0,30000.0,28.0,0.13649999999998158,26.4375,32.8125,27.590000000000032,0.0,0.0,0.0,0.0,0.0,20.0,0.5,0.1,0.1,0.1,0.1,0.1,0.1,0.1,0.5,0.0,0.0,0.0,0.0,0.0,0.0,0.0,0.0,0.0,0.0,0.0,0.0,0.0,0.0,0.0,0.0
1141.34,0.00789352697290826,0.0,30000.0,28.0,0.15839999999998183,26.0625,32.75,27.810000000000002,0.0,0.0,0.0,0.0,0.0,20.0,0.5,0.1,0.1,0.1,0.1,0.1,0.1,0.1,0.5,0.0,0.0,0.0,0.0,0.0,0.0,0.0,0.0,0.0,0.0,0.0,0.0,0.0,0.0,0.0,0.0
1201.4,0.023690451093747122,0.0,30000.0,28.0,0.0927999999999838,26.6875,32.625,27.910000000000025,0.0,0.0,0.0,0.0,0.0,20.0,0.5,0.1,0.1,0.1,0.1,0.1,0.1,0.1,0.5,0.0,0.0,0.0,0.0,0.0,0.0,0.0,0.0,0.0,0.0,0.0,0.0,0.0,0.0,0.0,0.0
1261.44,0.02295779854815348,0.0,30000.0,28.0,0.07249999999997214,26.1875,32.5625,27.910000000000025,0.0,0.0,0.0,0.0,0.0,20.0,0.5,0.1,0.1,0.1,0.1,0.1,0.1,0.1,0.5,0.0,0.0,0.0,0.0,0.0,0.0,0.0,0.0,0.0,0.0,0.0,0.0,0.0,0.0,0.0,0.0
1321.49,0.02404666893691093,0.0,30000.0,28.0,0.0768999999999815,26.5625,32.5,28.190000000000055,0.0,0.0,0.0,0.0,0.0,20.0,0.5,0.1,0.1,0.1,0.1,0.1,0.1,0.1,0.5,0.0,0.0,0.0,0.0,0.0,0.0,0.0,0.0,0.0,0.0,0.0,0.0,0.0,0.0,0.0,0.0
1381.55,0.01932826076349362,0.0,30000.0,28.0,0.07599999999998061,26.3125,32.4375,27.950000000000045,0.0,0.0,0.0,0.0,0.0,20.0,0.5,0.1,0.1,0.1,0.1,0.1,0.1,0.1,0.5,0.0,0.0,0.0,0.0,0.0,0.0,0.0,0.0,0.0,0.0,0.0,0.0,0.0,0.0,0.0,0.0
1441.63,0.022070758622961525,0.0,30000.0,28.0,0.0567999999999796,26.5,32.375,28.07000000000005,0.0,0.0,0.0,0.0,0.0,20.0,0.5,0.1,0.1,0.1,0.1,0.1,0.1,0.1,0.5,0.0,0.0,0.0,0.0,0.0,0.0,0.0,0.0,0.0,0.0,0.0,0.0,0.0,0.0,0.0,0.0
1501.71,0.006220021270811629,0.0,30000.0,28.0,0.10829999999997625,26.625,32.3125,28.05000000000001,0.0,0.0,0.0,0.0,0.0,20.0,0.5,0.1,0.1,0.1,0.1,0.1,0.1,0.1,0.5,0.0,0.0,0.0,0.0,0.0,0.0,0.0,0.0,0.0,0.0,0.0,0.0,0.0,0.0,0.0,0.0
1561.79,0.01588248303388203,0.0,30000.0,28.0,0.051199999999967924,26.6875,32.1875,28.170000000000016,0.0,0.0,0.0,0.0,0.0,20.0,0.5,0.1,0.1,0.1,0.1,0.1,0.1,0.1,0.5,0.0,0.0,0.0,0.0,0.0,0.0,0.0,0.0,0.0,0.0,0.0,0.0,0.0,0.0,0.0,0.0
1621.85,0.020874757570127044,0.0,30000.0,28.0,0.09439999999996872,26.9375,32.125,28.27000000000004,0.0,0.0,0.0,0.0,0.0,20.0,0.5,0.1,0.1,0.1,0.1,0.1,0.1,0.1,0.5,0.0,0.0,0.0,0.0,0.0,0.0,0.0,0.0,0.0,0.0,0.0,0.0,0.0,0.0,0.0,0.0
1681.91,0.006679448898996836,0.0,30000.0,28.0,0.10379999999997268,26.3125,32.0625,27.870000000000005,0.0,0.0,0.0,0.0,0.0,20.0,0.5,0.1,0.1,0.1,0.1,0.1,0.1,0.1,0.5,0.0,0.0,0.0,0.0,0.0,0.0,0.0,0.0,0.0,0.0,0.0,0.0,0.0,0.0,0.0,0.0
1741.96,0.017417299118288033,0.0,30000.0,28.0,0.10229999999997148,26.125,31.9375,27.930000000000007,0.0,0.0,0.0,0.0,0.0,20.0,0.5,0.1,0.1,0.1,0.1,0.1,0.1,0.1,0.5,0.0,0.0,0.0,0.0,0.0,0.0,0.0,0.0,0.0,0.0,0.0,0.0,0.0,0.0,0.0,0.0
1802.0,0.015026410482016443,0.0,30000.0,28.0,0.09439999999996532,26.3125,31.9375,27.99000000000001,0.0,0.0,0.0,0.0,0.0,20.0,0.5,0.1,0.1,0.1,0.1,0.1,0.1,0.1,0.5,0.0,0.0,0.0,0.0,0.0,0.0,0.0,0.0,0.0,0.0,0.0,0.0,0.0,0.0,0.0,0.0
1862.08,0.022853191969251525,0.0,30000.0,28.0,0.0952999999999645,26.3125,31.875,27.910000000000025,0.0,0.0,0.0,0.0,0.0,20.0,0.5,0.1,0.1,0.1,0.1,0.1,0.1,0.1,0.5,0.0,0.0,0.0,0.0,0.0,0.0,0.0,0.0,0.0,0.0,0.0,0.0,0.0,0.0,0.0,0.0
1922.15,0.03331436832477694,0.0,30000.0,28.0,0.04639999999996122,26.125,31.875,27.930000000000007,0.0,0.0,0.0,0.0,0.0,20.0,0.5,0.1,0.1,0.1,0.1,0.1,0.1,0.1,0.5,0.0,0.0,0.0,0.0,0.0,0.0,0.0,0.0,0.0,0.0,0.0,0.0,0.0,0.0,0.0,0.0
1982.2,0.03148151890831775,0.0,30000.0,28.0,0.0318999999999693,26.375,31.8125,28.05000000000001,0.0,0.0,0.0,0.0,0.0,20.0,0.5,0.1,0.1,0.1,0.1,0.1,0.1,0.1,0.5,0.0,0.0,0.0,0.0,0.0,0.0,0.0,0.0,0.0,0.0,0.0,0.0,0.0,0.0,0.0,0.0
2042.24,0.010828857256942274,0.0,30000.0,28.0,0.09039999999997124,26.0625,31.75,27.850000000000023,0.0,0.0,0.0,0.0,0.0,20.0,0.5,0.1,0.1,0.1,0.1,0.1,0.1,0.1,0.5,0.0,0.0,0.0,0.0,0.0,0.0,0.0,0.0,0.0,0.0,0.0,0.0,0.0,0.0,0.0,0.0
2102.28,0.035331221457835287,0.0,30000.0,28.0,0.07099999999995961,26.0,31.6875,27.810000000000002,0.0,0.0,0.0,0.0,0.0,20.0,0.5,0.1,0.1,0.1,0.1,0.1,0.1,0.1,0.5,0.0,0.0,0.0,0.0,0.0,0.0,0.0,0.0,0.0,0.0,0.0,0.0,0.0,0.0,0.0,0.0
2162.33,0.028717310384887538,0.0,30000.0,28.0,0.07449999999996892,26.375,31.625,27.910000000000025,0.0,0.0,0.0,0.0,0.0,20.0,0.5,0.1,0.1,0.1,0.1,0.1,0.1,0.1,0.5,0.0,0.0,0.0,0.0,0.0,0.0,0.0,0.0,0.0,0.0,0.0,0.0,0.0,0.0,0.0,0.0
2222.39,0.009592170445708358,0.0,30000.0,28.0,0.15819999999995646,26.0,31.625,27.750000000000057,0.0,0.0,0.0,0.0,0.0,20.0,0.5,0.1,0.1,0.1,0.1,0.1,0.1,0.1,0.5,0.0,0.0,0.0,0.0,0.0,0.0,0.0,0.0,0.0,0.0,0.0,0.0,0.0,0.0,0.0,0.0
2282.47,0.02341945113326263,0.0,30000.0,28.0,0.11709999999996884,26.1875,31.625,27.870000000000005,0.0,0.0,0.0,0.0,0.0,20.0,0.5,0.1,0.1,0.1,0.1,0.1,0.1,0.1,0.5,0.0,0.0,0.0,0.0,0.0,0.0,0.0,0.0,0.0,0.0,0.0,0.0,0.0,0.0,0.0,0.0
2342.5,0.013120100968803016,0.0,30000.0,28.0,0.08619999999996682,26.5,31.5625,27.99000000000001,0.0,0.0,0.0,0.0,0.0,20.0,0.5,0.1,0.1,0.1,0.1,0.1,0.1,0.1,0.5,0.0,0.0,0.0,0.0,0.0,0.0,0.0,0.0,0.0,0.0,0.0,0.0,0.0,0.0,0.0,0.0
2402.57,0.037470114841663876,0.0,30000.0,28.0,0.0510999999999652,26.25,31.5625,27.950000000000045,0.0,0.0,0.0,0.0,0.0,20.0,0.5,0.1,0.1,0.1,0.1,0.1,0.1,0.1,0.5,0.0,0.0,0.0,0.0,0.0,0.0,0.0,0.0,0.0,0.0,0.0,0.0,0.0,0.0,0.0,0.0
2462.65,0.028689208713455205,0.0,30000.0,28.0,0.11499999999996735,26.3125,31.5625,27.850000000000023,0.0,0.0,0.0,0.0,0.0,20.0,0.5,0.1,0.1,0.1,0.1,0.1,0.1,0.1,0.5,0.0,0.0,0.0,0.0,0.0,0.0,0.0,0.0,0.0,0.0,0.0,0.0,0.0,0.0,0.0,0.0
2522.73,0.02988988080580161,0.0,30000.0,28.0,0.08589999999996539,26.0625,31.5,27.870000000000005,0.0,0.0,0.0,0.0,0.0,20.0,0.5,0.1,0.1,0.1,0.1,0.1,0.1,0.1,0.5,0.0,0.0,0.0,0.0,0.0,0.0,0.0,0.0,0.0,0.0,0.0,0.0,0.0,0.0,0.0,0.0
2582.81,0.03524714780769596,0.0,30000.0,28.0,0.15599999999996275,26.1875,31.5,27.930000000000007,0.0,0.0,0.0,0.0,0.0,20.0,0.5,0.1,0.1,0.1,0.1,0.1,0.1,0.1,0.5,0.0,0.0,0.0,0.0,0.0,0.0,0.0,0.0,0.0,0.0,0.0,0.0,0.0,0.0,0.0,0.0
2642.84,0.02711624897324396,0.0,30000.0,28.0,0.037399999999952666,26.0625,31.4375,28.010000000000048,0.0,0.0,0.0,0.0,0.0,20.0,0.5,0.1,0.1,0.1,0.1,0.1,0.1,0.1,0.5,0.0,0.0,0.0,0.0,0.0,0.0,0.0,0.0,0.0,0.0,0.0,0.0,0.0,0.0,0.0,0.0
2702.89,0.03581774093328304,0.0,30000.0,28.0,0.09649999999995405,26.1875,31.4375,27.910000000000025,0.0,0.0,0.0,0.0,0.0,20.0,0.5,0.1,0.1,0.1,0.1,0.1,0.1,0.1,0.5,0.0,0.0,0.0,0.0,0.0,0.0,0.0,0.0,0.0,0.0,0.0,0.0,0.0,0.0,0.0,0.0
2762.96,0.03481868739648013,0.0,30000.0,28.0,0.08239999999995266,26.0625,31.4375,27.870000000000005,0.0,0.0,0.0,0.0,0.0,20.0,0.5,0.1,0.1,0.1,0.1,0.1,0.1,0.1,0.5,0.0,0.0,0.0,0.0,0.0,0.0,0.0,0.0,0.0,0.0,0.0,0.0,0.0,0.0,0.0,0.0
2823.03,0.037939095561677176,0.0,30000.0,28.0,0.03379999999994997,26.5625,31.4375,28.05000000000001,0.0,0.0,0.0,0.0,0.0,20.0,0.5,0.1,0.1,0.1,0.1,0.1,0.1,0.1,0.5,0.0,0.0,0.0,0.0,0.0,0.0,0.0,0.0,0.0,0.0,0.0,0.0,0.0,0.0,0.0,0.0
2883.08,0.0345085010631492,0.0,30000.0,28.0,0.10709999999995692,26.4375,31.4375,28.05000000000001,0.0,0.0,0.0,0.0,0.0,20.0,0.5,0.1,0.1,0.1,0.1,0.1,0.1,0.1,0.5,0.0,0.0,0.0,0.0,0.0,0.0,0.0,0.0,0.0,0.0,0.0,0.0,0.0,0.0,0.0,0.0
2943.12,0.0321638325521338,0.0,30000.0,28.0,0.0387999999999588,26.375,31.375,27.99000000000001,0.0,0.0,0.0,0.0,0.0,20.0,0.5,0.1,0.1,0.1,0.1,0.1,0.1,0.1,0.5,0.0,0.0,0.0,0.0,0.0,0.0,0.0,0.0,0.0,0.0,0.0,0.0,0.0,0.0,0.0,0.0
3003.19,0.019261116022111533,0.0,30000.0,28.0,0.08089999999994978,26.25,31.4375,27.870000000000005,0.0,0.0,0.0,0.0,0.0,20.0,0.5,0.1,0.1,0.1,0.1,0.1,0.1,0.1,0.5,0.0,0.0,0.0,0.0,0.0,0.0,0.0,0.0,0.0,0.0,0.0,0.0,0.0,0.0,0.0,0.0
3063.26,0.025575674989219328,0.0,30000.0,28.0,0.05319999999995735,26.0625,31.4375,27.810000000000002,0.0,0.0,0.0,0.0,0.0,20.0,0.5,0.1,0.1,0.1,0.1,0.1,0.1,0.1,0.5,0.0,0.0,0.0,0.0,0.0,0.0,0.0,0.0,0.0,0.0,0.0,0.0,0.0,0.0,0.0,0.0
3123.32,0.01918012492995341,0.0,30000.0,28.0,0.11739999999995922,26.0625,31.5,28.110000000000014,0.0,0.0,0.0,0.0,0.0,20.0,0.5,0.1,0.1,0.1,0.1,0.1,0.1,0.1,0.5,0.0,0.0,0.0,0.0,0.0,0.0,0.0,0.0,0.0,0.0,0.0,0.0,0.0,0.0,0.0,0.0
3183.38,0.041746319685249195,0.0,30000.0,28.0,0.0849999999999577,26.6875,31.5,28.110000000000014,0.0,0.0,0.0,0.0,0.0,20.0,0.5,0.1,0.1,0.1,0.1,0.1,0.1,0.1,0.5,0.0,0.0,0.0,0.0,0.0,0.0,0.0,0.0,0.0,0.0,0.0,0.0,0.0,0.0,0.0,0.0
3243.46,0.04018720363722753,0.0,30000.0,28.0,0.017299999999944818,26.5,31.5625,28.130000000000052,0.0,0.0,0.0,0.0,0.0,20.0,0.5,0.1,0.1,0.1,0.1,0.1,0.1,0.1,0.5,0.0,0.0,0.0,0.0,0.0,0.0,0.0,0.0,0.0,0.0,0.0,0.0,0.0,0.0,0.0,0.0
3303.52,0.0341955953721268,0.0,30000.0,28.0,0.08259999999995647,26.375,31.5,27.750000000000057,0.0,0.0,0.0,0.0,0.0,20.0,0.5,0.1,0.1,0.1,0.1,0.1,0.1,0.1,0.5,0.0,0.0,0.0,0.0,0.0,0.0,0.0,0.0,0.0,0.0,0.0,0.0,0.0,0.0,0.0,0.0
3363.57,0.04023518452038873,0.0,30000.0,28.0,0.08029999999994605,26.125,31.5625,28.05000000000001,0.0,0.0,0.0,0.0,0.0,20.0,0.5,0.1,0.1,0.1,0.1,0.1,0.1,0.1,0.5,0.0,0.0,0.0,0.0,0.0,0.0,0.0,0.0,0.0,0.0,0.0,0.0,0.0,0.0,0.0,0.0
3423.65,0.03932193537146584,0.0,30000.0,28.0,0.10149999999995604,26.1875,31.5,28.130000000000052,0.0,0.0,0.0,0.0,0.0,20.0,0.5,0.1,0.1,0.1,0.1,0.1,0.1,0.1,0.5,0.0,0.0,0.0,0.0,0.0,0.0,0.0,0.0,0.0,0.0,0.0,0.0,0.0,0.0,0.0,0.0
3483.71,0.03605087594574173,0.0,30000.0,28.0,0.0681999999999545,26.625,31.5,28.010000000000048,0.0,0.0,0.0,0.0,0.0,20.0,0.5,0.1,0.1,0.1,0.1,0.1,0.1,0.1,0.5,0.0,0.0,0.0,0.0,0.0,0.0,0.0,0.0,0.0,0.0,0.0,0.0,0.0,0.0,0.0,0.0
3543.77,0.03871275539882877,0.0,30000.0,28.0,0.08299999999994445,26.25,31.5625,28.05000000000001,0.0,0.0,0.0,0.0,0.0,20.0,0.5,0.1,0.1,0.1,0.1,0.1,0.1,0.1,0.5,0.0,0.0,0.0,0.0,0.0,0.0,0.0,0.0,0.0,0.0,0.0,0.0,0.0,0.0,0.0,0.0
3603.81,0.018708808074076533,0.0,30000.0,28.0,0.09529999999994407,26.5,31.5,28.010000000000048,0.0,0.0,0.0,0.0,0.0,20.0,0.5,0.1,0.1,0.1,0.1,0.1,0.1,0.1,0.5,0.0,0.0,0.0,0.0,0.0,0.0,0.0,0.0,0.0,0.0,0.0,0.0,0.0,0.0,0.0,0.0
3663.85,0.041993906464439124,0.0,30000.0,28.0,0.07909999999994204,26.75,31.5,28.110000000000014,0.0,0.0,0.0,0.0,0.0,20.0,0.5,0.1,0.1,0.1,0.1,0.1,0.1,0.1,0.5,0.0,0.0,0.0,0.0,0.0,0.0,0.0,0.0,0.0,0.0,0.0,0.0,0.0,0.0,0.0,0.0
3723.93,0.019460211287638054,0.0,30000.0,28.0,0.053799999999949985,26.1875,31.5625,27.870000000000005,0.0,0.0,0.0,0.0,0.0,20.0,0.5,0.1,0.1,0.1,0.1,0.1,0.1,0.1,0.5,0.0,0.0,0.0,0.0,0.0,0.0,0.0,0.0,0.0,0.0,0.0,0.0,0.0,0.0,0.0,0.0
3783.98,0.040594650988802786,0.0,30000.0,28.0,0.0616999999999394,26.5625,31.5,28.07000000000005,0.0,0.0,0.0,0.0,0.0,20.0,0.5,0.1,0.1,0.1,0.1,0.1,0.1,0.1,0.5,0.0,0.0,0.0,0.0,0.0,0.0,0.0,0.0,0.0,0.0,0.0,0.0,0.0,0.0,0.0,0.0
3844.06,0.04022918999544958,0.0,30000.0,28.0,0.09319999999993918,26.75,31.5,28.05000000000001,0.0,0.0,0.0,0.0,0.0,20.0,0.5,0.1,0.1,0.1,0.1,0.1,0.1,0.1,0.5,0.0,0.0,0.0,0.0,0.0,0.0,0.0,0.0,0.0,0.0,0.0,0.0,0.0,0.0,0.0,0.0
3904.11,0.01945359230080529,0.0,30000.0,28.0,0.09759999999994853,26.625,31.5,28.010000000000048,0.0,0.0,0.0,0.0,0.0,20.0,0.5,0.1,0.1,0.1,0.1,0.1,0.1,0.1,0.5,0.0,0.0,0.0,0.0,0.0,0.0,0.0,0.0,0.0,0.0,0.0,0.0,0.0,0.0,0.0,0.0
3964.15,0.015767365263322872,0.0,30000.0,28.0,0.1134999999999483,26.3125,31.4375,27.79000000000002,0.0,0.0,0.0,0.0,0.0,20.0,0.5,0.1,0.1,0.1,0.1,0.1,0.1,0.1,0.5,0.0,0.0,0.0,0.0,0.0,0.0,0.0,0.0,0.0,0.0,0.0,0.0,0.0,0.0,0.0,0.0
4024.2,0.0362859421054939,0.0,30000.0,28.0,0.09849999999994688,26.125,31.4375,27.910000000000025,0.0,0.0,0.0,0.0,0.0,20.0,0.5,0.1,0.1,0.1,0.1,0.1,0.1,0.1,0.5,0.0,0.0,0.0,0.0,0.0,0.0,0.0,0.0,0.0,0.0,0.0,0.0,0.0,0.0,0.0,0.0
4084.28,0.04564209177330116,0.0,30000.0,28.0,0.10499999999994182,26.4375,31.5,27.810000000000002,0.0,0.0,0.0,0.0,0.0,20.0,0.5,0.1,0.1,0.1,0.1,0.1,0.1,0.1,0.5,0.0,0.0,0.0,0.0,0.0,0.0,0.0,0.0,0.0,0.0,0.0,0.0,0.0,0.0,0.0,0.0
4144.33,0.0171065441304643,0.0,30000.0,28.0,0.06939999999994492,26.3125,31.5,27.950000000000045,0.0,0.0,0.0,0.0,0.0,20.0,0.5,0.1,0.1,0.1,0.1,0.1,0.1,0.1,0.5,0.0,0.0,0.0,0.0,0.0,0.0,0.0,0.0,0.0,0.0,0.0,0.0,0.0,0.0,0.0,0.0
4204.41,0.025535762422800895,0.0,30000.0,28.0,0.10559999999994042,26.5625,31.4375,27.79000000000002,0.0,0.0,0.0,0.0,0.0,20.0,0.5,0.1,0.1,0.1,0.1,0.1,0.1,0.1,0.5,0.0,0.0,0.0,0.0,0.0,0.0,0.0,0.0,0.0,0.0,0.0,0.0,0.0,0.0,0.0,0.0
4264.5,0.04553211430859999,0.0,30000.0,28.0,0.04759999999993207,26.375,31.4375,27.910000000000025,0.0,0.0,0.0,0.0,0.0,20.0,0.5,0.1,0.1,0.1,0.1,0.1,0.1,0.1,0.5,0.0,0.0,0.0,0.0,0.0,0.0,0.0,0.0,0.0,0.0,0.0,0.0,0.0,0.0,0.0,0.0
4324.57,0.04542307992098012,0.0,30000.0,28.0,0.03609999999994083,26.0,31.4375,27.870000000000005,0.0,0.0,0.0,0.0,0.0,20.0,0.5,0.1,0.1,0.1,0.1,0.1,0.1,0.1,0.5,0.0,0.0,0.0,0.0,0.0,0.0,0.0,0.0,0.0,0.0,0.0,0.0,0.0,0.0,0.0,0.0
4384.63,0.054829447021206665,0.0,30000.0,28.0,0.0619999999999315,26.5,31.375,27.870000000000005,0.0,0.0,0.0,0.0,0.0,20.0,0.5,0.1,0.1,0.1,0.1,0.1,0.1,0.1,0.5,0.0,0.0,0.0,0.0,0.0,0.0,0.0,0.0,0.0,0.0,0.0,0.0,0.0,0.0,0.0,0.0
4444.67,0.02672022686893814,0.0,30000.0,28.0,0.08499999999994155,26.4375,31.4375,27.79000000000002,0.0,0.0,0.0,0.0,0.0,20.0,0.5,0.1,0.1,0.1,0.1,0.1,0.1,0.1,0.5,0.0,0.0,0.0,0.0,0.0,0.0,0.0,0.0,0.0,0.0,0.0,0.0,0.0,0.0,0.0,0.0
4504.75,0.057504407754051114,0.0,30000.0,28.0,0.08259999999994118,26.625,31.5,27.99000000000001,0.0,0.0,0.0,0.0,0.0,20.0,0.5,0.1,0.1,0.1,0.1,0.1,0.1,0.1,0.5,0.0,0.0,0.0,0.0,0.0,0.0,0.0,0.0,0.0,0.0,0.0,0.0,0.0,0.0,0.0,0.0
4564.82,0.06142367920927913,0.0,30000.0,28.0,0.07729999999993008,26.75,31.5,27.910000000000025,0.0,0.0,0.0,0.0,0.0,20.0,0.5,0.1,0.1,0.1,0.1,0.1,0.1,0.1,0.5,0.0,0.0,0.0,0.0,0.0,0.0,0.0,0.0,0.0,0.0,0.0,0.0,0.0,0.0,0.0,0.0
4624.88,0.04851581262029677,0.0,30000.0,28.0,0.07029999999993815,26.5625,31.5,27.950000000000045,0.0,0.0,0.0,0.0,0.0,20.0,0.5,0.1,0.1,0.1,0.1,0.1,0.1,0.1,0.5,0.0,0.0,0.0,0.0,0.0,0.0,0.0,0.0,0.0,0.0,0.0,0.0,0.0,0.0,0.0,0.0
4684.95,0.038362569205869175,0.0,30000.0,28.0,0.06879999999993781,26.5625,31.5625,27.930000000000007,0.0,0.0,0.0,0.0,0.0,20.0,0.5,0.1,0.1,0.1,0.1,0.1,0.1,0.1,0.5,0.0,0.0,0.0,0.0,0.0,0.0,0.0,0.0,0.0,0.0,0.0,0.0,0.0,0.0,0.0,0.0
4744.99,0.06505880344096952,0.0,30000.0,28.0,0.06409999999992703,26.75,31.5625,27.850000000000023,0.0,0.0,0.0,0.0,0.0,20.0,0.5,0.1,0.1,0.1,0.1,0.1,0.1,0.1,0.5,0.0,0.0,0.0,0.0,0.0,0.0,0.0,0.0,0.0,0.0,0.0,0.0,0.0,0.0,0.0,0.0
4805.03,0.060926026148855325,0.0,30000.0,28.0,0.06289999999992557,26.625,31.625,27.870000000000005,0.0,0.0,0.0,0.0,0.0,20.0,0.5,0.1,0.1,0.1,0.1,0.1,0.1,0.1,0.5,0.0,0.0,0.0,0.0,0.0,0.0,0.0,0.0,0.0,0.0,0.0,0.0,0.0,0.0,0.0,0.0
4865.08,0.05618414808450933,0.0,30000.0,28.0,0.08379999999993498,26.875,31.6875,27.930000000000007,0.0,0.0,0.0,0.0,0.0,20.0,0.5,0.1,0.1,0.1,0.1,0.1,0.1,0.1,0.5,0.0,0.0,0.0,0.0,0.0,0.0,0.0,0.0,0.0,0.0,0.0,0.0,0.0,0.0,0.0,0.0
4925.17,0.06194229258986522,0.0,30000.0,28.0,0.05929999999992373,26.625,31.6875,27.99000000000001,0.0,0.0,0.0,0.0,0.0,20.0,0.5,0.1,0.1,0.1,0.1,0.1,0.1,0.1,0.5,0.0,0.0,0.0,0.0,0.0,0.0,0.0,0.0,0.0,0.0,0.0,0.0,0.0,0.0,0.0,0.0
4985.26,0.05112813825427008,0.0,30000.0,28.0,0.13349999999993073,26.625,31.75,28.010000000000048,0.0,0.0,0.0,0.0,0.0,20.0,0.5,0.1,0.1,0.1,0.1,0.1,0.1,0.1,0.5,0.0,0.0,0.0,0.0,0.0,0.0,0.0,0.0,0.0,0.0,0.0,0.0,0.0,0.0,0.0,0.0
5045.31,0.03387888081073978,0.0,30000.0,28.0,0.019899999999930293,26.8125,31.8125,28.230000000000018,0.0,0.0,0.0,0.0,0.0,20.0,0.5,0.1,0.1,0.1,0.1,0.1,0.1,0.1,0.5,0.0,0.0,0.0,0.0,0.0,0.0,0.0,0.0,0.0,0.0,0.0,0.0,0.0,0.0,0.0,0.0
5105.35,0.0308045345733104,0.0,30000.0,28.0,0.056899999999920806,26.9375,31.8125,27.930000000000007,0.0,0.0,0.0,0.0,0.0,20.0,0.5,0.1,0.1,0.1,0.1,0.1,0.1,0.1,0.5,0.0,0.0,0.0,0.0,0.0,0.0,0.0,0.0,0.0,0.0,0.0,0.0,0.0,0.0,0.0,0.0
5165.43,0.036593872819495867,0.0,30000.0,28.0,0.0939999999999314,27.0,31.875,28.05000000000001,0.0,0.0,0.0,0.0,0.0,20.0,0.5,0.1,0.1,0.1,0.1,0.1,0.1,0.1,0.5,0.0,0.0,0.0,0.0,0.0,0.0,0.0,0.0,0.0,0.0,0.0,0.0,0.0,0.0,0.0,0.0
5225.48,0.04728064035951854,0.0,30000.0,28.0,0.10169999999992611,26.875,31.9375,28.07000000000005,0.0,0.0,0.0,0.0,0.0,20.0,0.5,0.1,0.1,0.1,0.1,0.1,0.1,0.1,0.5,0.0,0.0,0.0,0.0,0.0,0.0,0.0,0.0,0.0,0.0,0.0,0.0,0.0,0.0,0.0,0.0
5285.55,0.0354823719226605,0.0,30000.0,28.0,0.06699999999992926,26.8125,32.0,28.130000000000052,0.0,0.0,0.0,0.0,0.0,20.0,0.5,0.1,0.1,0.1,0.1,0.1,0.1,0.1,0.5,0.0,0.0,0.0,0.0,0.0,0.0,0.0,0.0,0.0,0.0,0.0,0.0,0.0,0.0,0.0,0.0
5345.63,0.056144122981052556,0.0,30000.0,28.0,0.057499999999918575,26.875,32.0,28.07000000000005,0.0,0.0,0.0,0.0,0.0,20.0,0.5,0.1,0.1,0.1,0.1,0.1,0.1,0.1,0.5,0.0,0.0,0.0,0.0,0.0,0.0,0.0,0.0,0.0,0.0,0.0,0.0,0.0,0.0,0.0,0.0
5405.68,0.04840618309687455,0.0,30000.0,28.0,0.05629999999991711,26.9375,32.0,27.850000000000023,0.0,0.0,0.0,0.0,0.0,20.0,0.5,0.1,0.1,0.1,0.1,0.1,0.1,0.1,0.5,0.0,0.0,0.0,0.0,0.0,0.0,0.0,0.0,0.0,0.0,0.0,0.0,0.0,0.0,0.0,0.0
5465.72,0.039010245659804516,0.0,30000.0,28.0,0.05769999999992578,26.875,32.0625,28.130000000000052,0.0,0.0,0.0,0.0,0.0,20.0,0.5,0.1,0.1,0.1,0.1,0.1,0.1,0.1,0.5,0.0,0.0,0.0,0.0,0.0,0.0,0.0,0.0,0.0,0.0,0.0,0.0,0.0,0.0,0.0,0.0
5525.77,0.04242689030696762,0.0,30000.0,28.0,0.07269999999992549,26.9375,32.0625,27.950000000000045,0.0,0.0,0.0,0.0,0.0,20.0,0.5,0.1,0.1,0.1,0.1,0.1,0.1,0.1,0.5,0.0,0.0,0.0,0.0,0.0,0.0,0.0,0.0,0.0,0.0,0.0,0.0,0.0,0.0,0.0,0.0
5585.83,0.041754958151468166,0.0,30000.0,28.0,0.10839999999992571,26.875,32.125,27.930000000000007,0.0,0.0,0.0,0.0,0.0,20.0,0.5,0.1,0.1,0.1,0.1,0.1,0.1,0.1,0.5,0.0,0.0,0.0,0.0,0.0,0.0,0.0,0.0,0.0,0.0,0.0,0.0,0.0,0.0,0.0,0.0
5645.87,0.04850733121309616,0.0,30000.0,28.0,0.06069999999992305,26.9375,32.125,27.950000000000045,0.0,0.0,0.0,0.0,0.0,20.0,0.5,0.1,0.1,0.1,0.1,0.1,0.1,0.1,0.5,0.0,0.0,0.0,0.0,0.0,0.0,0.0,0.0,0.0,0.0,0.0,0.0,0.0,0.0,0.0,0.0
5705.94,0.03439983077052366,0.0,30000.0,28.0,0.0706999999999131,27.0625,32.1875,28.110000000000014,0.0,0.0,0.0,0.0,0.0,20.0,0.5,0.1,0.1,0.1,0.1,0.1,0.1,0.1,0.5,0.0,0.0,0.0,0.0,0.0,0.0,0.0,0.0,0.0,0.0,0.0,0.0,0.0,0.0,0.0,0.0
5766.01,0.052263384281893394,0.0,30000.0,28.0,0.09329999999991756,27.0625,32.1875,28.010000000000048,0.0,0.0,0.0,0.0,0.0,20.0,0.5,0.1,0.1,0.1,0.1,0.1,0.1,0.1,0.5,0.0,0.0,0.0,0.0,0.0,0.0,0.0,0.0,0.0,0.0,0.0,0.0,0.0,0.0,0.0,0.0
5826.1,0.04165475488258195,0.0,30000.0,28.0,0.07479999999992103,26.9375,32.1875,28.010000000000048,0.0,0.0,0.0,0.0,0.0,20.0,0.5,0.1,0.1,0.1,0.1,0.1,0.1,0.1,0.5,0.0,0.0,0.0,0.0,0.0,0.0,0.0,0.0,0.0,0.0,0.0,0.0,0.0,0.0,0.0,0.0
5886.18,0.04674427587074903,0.0,30000.0,28.0,0.050899999999909226,26.75,32.25,28.05000000000001,0.0,0.0,0.0,0.0,0.0,20.0,0.5,0.1,0.1,0.1,0.1,0.1,0.1,0.1,0.5,0.0,0.0,0.0,0.0,0.0,0.0,0.0,0.0,0.0,0.0,0.0,0.0,0.0,0.0,0.0,0.0
5946.26,0.024748016818630092,0.0,30000.0,28.0,0.10799999999991498,27.0,32.25,27.950000000000045,0.0,0.0,0.0,0.0,0.0,20.0,0.5,0.1,0.1,0.1,0.1,0.1,0.1,0.1,0.5,0.0,0.0,0.0,0.0,0.0,0.0,0.0,0.0,0.0,0.0,0.0,0.0,0.0,0.0,0.0,0.0
6006.35,0.02969512135776356,0.0,30000.0,28.0,0.10479999999991875,27.1875,32.25,28.010000000000048,0.0,0.0,0.0,0.0,0.0,20.0,0.5,0.1,0.1,0.1,0.1,0.1,0.1,0.1,0.5,0.0,0.0,0.0,0.0,0.0,0.0,0.0,0.0,0.0,0.0,0.0,0.0,0.0,0.0,0.0,0.0
6066.39,0.027531171280594555,0.0,30000.0,28.0,0.05209999999990643,27.125,32.25,27.870000000000005,0.0,0.0,0.0,0.0,0.0,20.0,0.5,0.1,0.1,0.1,0.1,0.1,0.1,0.1,0.5,0.0,0.0,0.0,0.0,0.0,0.0,0.0,0.0,0.0,0.0,0.0,0.0,0.0,0.0,0.0,0.0
6126.45,0.03414872243735191,0.0,30000.0,28.0,0.07059999999991631,27.125,32.25,28.130000000000052,0.0,0.0,0.0,0.0,0.0,20.0,0.5,0.1,0.1,0.1,0.1,0.1,0.1,0.1,0.5,0.0,0.0,0.0,0.0,0.0,0.0,0.0,0.0,0.0,0.0,0.0,0.0,0.0,0.0,0.0,0.0
6186.5,0.028943187375359267,0.0,30000.0,28.0,0.09299999999991186,27.0625,32.3125,27.950000000000045,0.0,0.0,0.0,0.0,0.0,20.0,0.5,0.1,0.1,0.1,0.1,0.1,0.1,0.1,0.5,0.0,0.0,0.0,0.0,0.0,0.0,0.0,0.0,0.0,0.0,0.0,0.0,0.0,0.0,0.0,0.0
6246.54,0.022278126082256038,0.0,30000.0,28.0,0.027699999999913558,26.9375,32.3125,28.05000000000001,0.0,0.0,0.0,0.0,0.0,20.0,0.5,0.1,0.1,0.1,0.1,0.1,0.1,0.1,0.5,0.0,0.0,0.0,0.0,0.0,0.0,0.0,0.0,0.0,0.0,0.0,0.0,0.0,0.0,0.0,0.0
6306.58,0.048626088162714125,0.0,30000.0,28.0,0.15779999999991318,27.0,32.375,27.55000000000001,0.0,0.0,0.0,0.0,0.0,20.0,0.5,0.1,0.1,0.1,0.1,0.1,0.1,0.1,0.5,0.0,0.0,0.0,0.0,0.0,0.0,0.0,0.0,0.0,0.0,0.0,0.0,0.0,0.0,0.0,0.0
6366.63,0.038942420220556384,0.0,30000.0,28.0,0.17889999999990253,27.0625,32.375,27.730000000000018,0.0,0.0,0.0,0.0,0.0,20.0,0.5,0.1,0.1,0.1,0.1,0.1,0.1,0.1,0.5,0.0,0.0,0.0,0.0,0.0,0.0,0.0,0.0,0.0,0.0,0.0,0.0,0.0,0.0,0.0,0.0
6426.7,0.03635472739863051,0.0,30000.0,28.0,0.07329999999991245,27.0,32.375,27.870000000000005,0.0,0.0,0.0,0.0,0.0,20.0,0.5,0.1,0.1,0.1,0.1,0.1,0.1,0.1,0.5,0.0,0.0,0.0,0.0,0.0,0.0,0.0,0.0,0.0,0.0,0.0,0.0,0.0,0.0,0.0,0.0
6486.74,0.041935593946372016,0.0,30000.0,28.0,0.050599999999901266,27.0625,32.375,28.010000000000048,0.0,0.0,0.0,0.0,0.0,20.0,0.5,0.1,0.1,0.1,0.1,0.1,0.1,0.1,0.5,0.0,0.0,0.0,0.0,0.0,0.0,0.0,0.0,0.0,0.0,0.0,0.0,0.0,0.0,0.0,0.0
6546.78,0.03435144755554327,0.0,30000.0,28.0,0.04849999999989976,27.4375,32.375,27.910000000000025,0.0,0.0,0.0,0.0,0.0,20.0,0.5,0.1,0.1,0.1,0.1,0.1,0.1,0.1,0.5,0.0,0.0,0.0,0.0,0.0,0.0,0.0,0.0,0.0,0.0,0.0,0.0,0.0,0.0,0.0,0.0
6606.82,0.05119078031371132,0.0,30000.0,28.0,0.06909999999990946,27.4375,32.375,27.99000000000001,0.0,0.0,0.0,0.0,0.0,20.0,0.5,0.1,0.1,0.1,0.1,0.1,0.1,0.1,0.5,0.0,0.0,0.0,0.0,0.0,0.0,0.0,0.0,0.0,0.0,0.0,0.0,0.0,0.0,0.0,0.0
6666.87,0.036646595992197335,0.0,30000.0,28.0,0.037599999999907985,27.3125,32.4375,28.190000000000055,0.0,0.0,0.0,0.0,0.0,20.0,0.5,0.1,0.1,0.1,0.1,0.1,0.1,0.1,0.5,0.0,0.0,0.0,0.0,0.0,0.0,0.0,0.0,0.0,0.0,0.0,0.0,0.0,0.0,0.0,0.0
6726.95,0.050686428436793676,0.0,30000.0,28.0,0.025699999999896916,27.1875,32.375,28.07000000000005,0.0,0.0,0.0,0.0,0.0,20.0,0.5,0.1,0.1,0.1,0.1,0.1,0.1,0.1,0.5,0.0,0.0,0.0,0.0,0.0,0.0,0.0,0.0,0.0,0.0,0.0,0.0,0.0,0.0,0.0,0.0
6787.03,0.034706612010510667,0.0,30000.0,28.0,0.042399999999906735,26.9375,32.375,28.250000000000057,0.0,0.0,0.0,0.0,0.0,20.0,0.5,0.1,0.1,0.1,0.1,0.1,0.1,0.1,0.5,0.0,0.0,0.0,0.0,0.0,0.0,0.0,0.0,0.0,0.0,0.0,0.0,0.0,0.0,0.0,0.0
6847.1,0.04291030046968227,0.0,30000.0,28.0,0.0935999999999028,27.0625,32.5,27.950000000000045,0.0,0.0,0.0,0.0,0.0,20.0,0.5,0.1,0.1,0.1,0.1,0.1,0.1,0.1,0.5,0.0,0.0,0.0,0.0,0.0,0.0,0.0,0.0,0.0,0.0,0.0,0.0,0.0,0.0,0.0,0.0
6907.15,0.0466542240527215,0.0,30000.0,28.0,0.10479999999990769,27.25,32.375,28.05000000000001,0.0,0.0,0.0,0.0,0.0,20.0,0.5,0.1,0.1,0.1,0.1,0.1,0.1,0.1,0.5,0.0,0.0,0.0,0.0,0.0,0.0,0.0,0.0,0.0,0.0,0.0,0.0,0.0,0.0,0.0,0.0
6967.21,0.04420559503239042,0.0,30000.0,28.0,0.0370999999998948,27.25,32.375,28.130000000000052,0.0,0.0,0.0,0.0,0.0,20.0,0.5,0.1,0.1,0.1,0.1,0.1,0.1,0.1,0.5,0.0,0.0,0.0,0.0,0.0,0.0,0.0,0.0,0.0,0.0,0.0,0.0,0.0,0.0,0.0,0.0
7027.3,0.04673723594596061,0.0,30000.0,28.0,0.05529999999990412,27.25,32.4375,28.130000000000052,0.0,0.0,0.0,0.0,0.0,20.0,0.5,0.1,0.1,0.1,0.1,0.1,0.1,0.1,0.5,0.0,0.0,0.0,0.0,0.0,0.0,0.0,0.0,0.0,0.0,0.0,0.0,0.0,0.0,0.0,0.0
7087.39,0.08078418246165152,0.0,30000.0,28.0,0.1364999999999013,27.0625,32.4375,27.430000000000007,0.0,0.0,0.0,0.0,0.0,20.0,0.5,0.1,0.1,0.1,0.1,0.1,0.1,0.1,0.5,0.0,0.0,0.0,0.0,0.0,0.0,0.0,0.0,0.0,0.0,0.0,0.0,0.0,0.0,0.0,0.0
7147.44,0.06031662990212568,0.0,30000.0,28.0,0.1751999999999022,26.9375,32.375,27.630000000000052,0.0,0.0,0.0,0.0,0.0,20.0,0.5,0.1,0.1,0.1,0.1,0.1,0.1,0.1,0.5,0.0,0.0,0.0,0.0,0.0,0.0,0.0,0.0,0.0,0.0,0.0,0.0,0.0,0.0,0.0,0.0
7207.51,0.07195639979024762,0.0,30000.0,28.0,0.11529999999990412,27.25,32.4375,27.950000000000045,0.0,0.0,0.0,0.0,0.0,20.0,0.5,0.1,0.1,0.1,0.1,0.1,0.1,0.1,0.5,0.0,0.0,0.0,0.0,0.0,0.0,0.0,0.0,0.0,0.0,0.0,0.0,0.0,0.0,0.0,0.0
7267.59,0.06281304266398835,0.0,30000.0,28.0,0.05349999999990092,27.25,32.4375,28.130000000000052,0.0,0.0,0.0,0.0,0.0,20.0,0.5,0.1,0.1,0.1,0.1,0.1,0.1,0.1,0.5,0.0,0.0,0.0,0.0,0.0,0.0,0.0,0.0,0.0,0.0,0.0,0.0,0.0,0.0,0.0,0.0
7327.63,0.07215692698328843,0.0,30000.0,28.0,0.050199999999900505,27.125,32.5,28.170000000000016,0.0,0.0,0.0,0.0,0.0,20.0,0.5,0.1,0.1,0.1,0.1,0.1,0.1,0.1,0.5,0.0,0.0,0.0,0.0,0.0,0.0,0.0,0.0,0.0,0.0,0.0,0.0,0.0,0.0,0.0,0.0
7387.68,0.07131662639659278,0.0,30000.0,28.0,0.0813999999999014,27.375,32.5,27.950000000000045,0.0,0.0,0.0,0.0,0.0,20.0,0.5,0.1,0.1,0.1,0.1,0.1,0.1,0.1,0.5,0.0,0.0,0.0,0.0,0.0,0.0,0.0,0.0,0.0,0.0,0.0,0.0,0.0,0.0,0.0,0.0
7447.74,0.07028352362801382,0.0,30000.0,28.0,0.10199999999989688,27.1875,32.5,28.05000000000001,0.0,0.0,0.0,0.0,0.0,20.0,0.5,0.1,0.1,0.1,0.1,0.1,0.1,0.1,0.5,0.0,0.0,0.0,0.0,0.0,0.0,0.0,0.0,0.0,0.0,0.0,0.0,0.0,0.0,0.0,0.0
7507.82,0.060755068563297224,0.0,30000.0,28.0,0.04489999999988856,27.375,32.5,28.170000000000016,0.0,0.0,0.0,0.0,0.0,20.0,0.5,0.1,0.1,0.1,0.1,0.1,0.1,0.1,0.5,0.0,0.0,0.0,0.0,0.0,0.0,0.0,0.0,0.0,0.0,0.0,0.0,0.0,0.0,0.0,0.0
7567.86,0.08988258714934483,0.0,30000.0,28.0,0.03919999999988692,27.3125,32.4375,28.05000000000001,0.0,0.0,0.0,0.0,0.0,20.0,0.5,0.1,0.1,0.1,0.1,0.1,0.1,0.1,0.5,0.0,0.0,0.0,0.0,0.0,0.0,0.0,0.0,0.0,0.0,0.0,0.0,0.0,0.0,0.0,0.0
7627.91,0.07386398203072662,0.0,30000.0,28.0,0.08859999999989798,27.3125,32.4375,27.910000000000025,0.0,0.0,0.0,0.0,0.0,20.0,0.5,0.1,0.1,0.1,0.1,0.1,0.1,0.1,0.5,0.0,0.0,0.0,0.0,0.0,0.0,0.0,0.0,0.0,0.0,0.0,0.0,0.0,0.0,0.0,0.0
7687.99,0.07766354658061408,0.0,30000.0,28.0,0.0340999999998856,26.9375,32.5,27.930000000000007,0.0,0.0,0.0,0.0,0.0,20.0,0.5,0.1,0.1,0.1,0.1,0.1,0.1,0.1,0.5,0.0,0.0,0.0,0.0,0.0,0.0,0.0,0.0,0.0,0.0,0.0,0.0,0.0,0.0,0.0,0.0
7748.07,0.07676585573245924,0.0,30000.0,28.0,0.09999999999989673,26.875,32.5,28.05000000000001,0.0,0.0,0.0,0.0,0.0,20.0,0.5,0.1,0.1,0.1,0.1,0.1,0.1,0.1,0.5,0.0,0.0,0.0,0.0,0.0,0.0,0.0,0.0,0.0,0.0,0.0,0.0,0.0,0.0,0.0,0.0
7808.13,0.08619044906186227,0.0,30000.0,28.0,0.049699999999883934,27.125,32.5,28.110000000000014,0.0,0.0,0.0,0.0,0.0,20.0,0.5,0.1,0.1,0.1,0.1,0.1,0.1,0.1,0.5,0.0,0.0,0.0,0.0,0.0,0.0,0.0,0.0,0.0,0.0,0.0,0.0,0.0,0.0,0.0,0.0
7868.2,0.07993729054289021,0.0,30000.0,28.0,0.035899999999882276,27.0,32.5625,28.250000000000057,0.0,0.0,0.0,0.0,0.0,20.0,0.5,0.1,0.1,0.1,0.1,0.1,0.1,0.1,0.5,0.0,0.0,0.0,0.0,0.0,0.0,0.0,0.0,0.0,0.0,0.0,0.0,0.0,0.0,0.0,0.0
7928.24,0.08209735341115401,0.0,30000.0,28.0,0.01989999999989086,27.125,32.5625,28.230000000000018,0.0,0.0,0.0,0.0,0.0,20.0,0.5,0.1,0.1,0.1,0.1,0.1,0.1,0.1,0.5,0.0,0.0,0.0,0.0,0.0,0.0,0.0,0.0,0.0,0.0,0.0,0.0,0.0,0.0,0.0,0.0
7988.28,0.08122899971037113,0.0,30000.0,28.0,0.06489999999989171,27.125,32.5625,27.99000000000001,0.0,0.0,0.0,0.0,0.0,20.0,0.5,0.1,0.1,0.1,0.1,0.1,0.1,0.1,0.5,0.0,0.0,0.0,0.0,0.0,0.0,0.0,0.0,0.0,0.0,0.0,0.0,0.0,0.0,0.0,0.0
8048.33,0.08509546695187897,0.0,30000.0,28.0,0.035199999999890305,27.1875,32.5625,27.99000000000001,0.0,0.0,0.0,0.0,0.0,20.0,0.5,0.1,0.1,0.1,0.1,0.1,0.1,0.1,0.5,0.0,0.0,0.0,0.0,0.0,0.0,0.0,0.0,0.0,0.0,0.0,0.0,0.0,0.0,0.0,0.0
8108.37,0.1055287169150455,0.0,30000.0,28.0,0.06729999999989124,27.375,32.5625,27.850000000000023,0.0,0.0,0.0,0.0,0.0,20.0,0.5,0.1,0.1,0.1,0.1,0.1,0.1,0.1,0.5,0.0,0.0,0.0,0.0,0.0,0.0,0.0,0.0,0.0,0.0,0.0,0.0,0.0,0.0,0.0,0.0
8168.43,0.08182620773331106,0.0,30000.0,28.0,0.07459999999988119,27.125,32.5625,28.130000000000052,0.0,0.0,0.0,0.0,0.0,20.0,0.5,0.1,0.1,0.1,0.1,0.1,0.1,0.1,0.5,0.0,0.0,0.0,0.0,0.0,0.0,0.0,0.0,0.0,0.0,0.0,0.0,0.0,0.0,0.0,0.0
8228.51,0.09923995885620258,0.0,30000.0,28.0,0.08309999999988511,27.0,32.5625,27.99000000000001,0.0,0.0,0.0,0.0,0.0,20.0,0.5,0.1,0.1,0.1,0.1,0.1,0.1,0.1,0.5,0.0,0.0,0.0,0.0,0.0,0.0,0.0,0.0,0.0,0.0,0.0,0.0,0.0,0.0,0.0,0.0
8288.56,0.07167326208201985,0.0,30000.0,28.0,0.07519999999987893,27.0,32.5,28.05000000000001,0.0,0.0,0.0,0.0,0.0,20.0,0.5,0.1,0.1,0.1,0.1,0.1,0.1,0.1,0.5,0.0,0.0,0.0,0.0,0.0,0.0,0.0,0.0,0.0,0.0,0.0,0.0,0.0,0.0,0.0,0.0
8348.62,0.0755423083931524,0.0,30000.0,28.0,0.02929999999987634,27.25,32.5625,28.07000000000005,0.0,0.0,0.0,0.0,0.0,20.0,0.5,0.1,0.1,0.1,0.1,0.1,0.1,0.1,0.5,0.0,0.0,0.0,0.0,0.0,0.0,0.0,0.0,0.0,0.0,0.0,0.0,0.0,0.0,0.0,0.0
8408.69,0.09896890474784173,0.0,30000.0,28.0,0.04309999999987544,27.3125,32.5,27.910000000000025,0.0,0.0,0.0,0.0,0.0,20.0,0.5,0.1,0.1,0.1,0.1,0.1,0.1,0.1,0.5,0.0,0.0,0.0,0.0,0.0,0.0,0.0,0.0,0.0,0.0,0.0,0.0,0.0,0.0,0.0,0.0
8468.77,0.1209333454519372,0.0,30000.0,28.0,0.1672999999998787,27.25,32.5625,27.630000000000052,0.0,0.0,0.0,0.0,0.0,20.0,0.5,0.1,0.1,0.1,0.1,0.1,0.1,0.1,0.5,0.0,0.0,0.0,0.0,0.0,0.0,0.0,0.0,0.0,0.0,0.0,0.0,0.0,0.0,0.0,0.0
8528.84,0.09798935928399546,0.0,30000.0,28.0,0.11069999999988017,27.125,32.5625,27.79000000000002,0.0,0.0,0.0,0.0,0.0,20.0,0.5,0.1,0.1,0.1,0.1,0.1,0.1,0.1,0.5,0.0,0.0,0.0,0.0,0.0,0.0,0.0,0.0,0.0,0.0,0.0,0.0,0.0,0.0,0.0,0.0
8588.93,0.15156958804312004,0.0,30000.0,28.0,0.23449999999987897,27.25,32.5,27.49000000000001,0.0,0.0,0.0,0.0,0.0,20.0,0.5,0.1,0.1,0.1,0.1,0.1,0.1,0.1,0.5,0.0,0.0,0.0,0.0,0.0,0.0,0.0,0.0,0.0,0.0,0.0,0.0,0.0,0.0,0.0,0.0
8649.01,0.1579596298638465,0.0,30000.0,28.0,0.2717999999998846,27.125,32.5625,27.230000000000018,0.0,0.0,0.0,0.0,0.0,20.0,0.5,0.1,0.1,0.1,0.1,0.1,0.1,0.1,0.5,0.0,0.0,0.0,0.0,0.0,0.0,0.0,0.0,0.0,0.0,0.0,0.0,0.0,0.0,0.0,0.0
