Time,T 600,A8,A9,A10,A11,B2,B3,B4,B5,B6,B7,B8,B9,B10,B11,C2,C3,C4,C5,C6,C7,C8,C9,C10,D2,D3,D4,D5,D6,D7,D8,D9,D10,E2,E3,E4,E5,E6,E7,E8,E9,E10,F2,F3,F4,F5,F6,F7,G2,G3,G4,G5,G6,G7,G8,G9,G10,G11,H8,H9,H10,H11
0:29:10,28.0,0.0923,0.0872,0.0863,0.0873,0.1256,0.1214,0.1210,0.1147,0.1093,0.1096,0.0897,0.0975,0.0888,0.0888,0.1198,0.1214,0.1240,0.1099,0.1101,0.1079,0.0806,0.0799,0.0864,0.1179,0.1215,0.1242,0.1098,0.1088,0.1072,0.0780,0.0793,0.0786,0.1106,0.1135,0.1094,0.1281,0.1159,0.1132,0.0802,0.0852,0.0802,0.1073,0.1111,0.1107,0.1128,0.1220,0.1117,0.1105,0.1091,0.1094,0.1165,0.1210,0.1135,0.1745,0.1790,0.2772,0.2713,0.1770,0.1216,0.2058,0.1568
0:59:10,28.1,0.0923,0.0870,0.0862,0.0873,0.1248,0.1204,0.1209,0.1113,0.1064,0.1072,0.0896,0.0975,0.0886,0.0886,0.1191,0.1203,0.1236,0.1066,0.1058,0.1038,0.0803,0.0800,0.0907,0.1162,0.1206,0.1227,0.1066,0.1063,0.1037,0.0787,0.0798,0.0792,0.1093,0.1126,0.1086,0.1259,0.1133,0.1111,0.0812,0.0862,0.0806,0.1062,0.1098,0.1094,0.1104,0.1194,0.1091,0.1087,0.1079,0.1085,0.1148,0.1191,0.1121,0.1852,0.2018,0.3136,0.2927,0.2125,0.1270,0.2174,0.1706
1:29:10,28.1,0.0922,0.0869,0.0862,0.0872,0.1262,0.1248,0.1245,0.1086,0.1038,0.1044,0.0898,0.0974,0.0885,0.0887,0.1184,0.1194,0.1231,0.1035,0.1028,0.1018,0.0803,0.0784,0.0935,0.1175,0.1224,0.1239,0.1036,0.1033,0.1021,0.0790,0.0796,0.0786,0.1082,0.1117,0.1077,0.1276,0.1147,0.1127,0.0823,0.0856,0.0808,0.1052,0.1089,0.1082,0.1081,0.1178,0.1075,0.1075,0.1073,0.1074,0.1149,0.1205,0.1124,0.2026,0.2169,0.3316,0.3141,0.2288,0.1400,0.2337,0.1835
1:59:10,28.1,0.0926,0.0871,0.0864,0.0873,0.1290,0.1297,0.1293,0.1081,0.1032,0.1039,0.0898,0.0975,0.0886,0.0889,0.1180,0.1188,0.1224,0.1016,0.1010,0.1009,0.0800,0.0782,0.0957,0.1190,0.1250,0.1257,0.1028,0.1029,0.1014,0.0789,0.0799,0.0788,0.1078,0.1113,0.1070,0.1302,0.1173,0.1153,0.0821,0.0873,0.0820,0.1050,0.1079,0.1078,0.1066,0.1165,0.1065,0.1070,0.1065,0.1067,0.1173,0.1223,0.1139,0.2227,0.2278,0.3504,0.3279,0.2479,0.1619,0.2538,0.2019
2:29:10,28.1,0.0927,0.0872,0.0866,0.0875,0.1318,0.1335,0.1343,0.1079,0.1026,0.1038,0.0900,0.0976,0.0889,0.0891,0.1174,0.1182,0.1215,0.1006,0.0999,0.0994,0.0800,0.0785,0.0964,0.1212,0.1274,0.1280,0.1031,0.1029,0.1017,0.0791,0.0812,0.0799,0.1070,0.1105,0.1065,0.1336,0.1198,0.1177,0.0830,0.0867,0.0808,0.1043,0.1073,0.1077,0.1057,0.1157,0.1052,0.1062,0.1056,0.1059,0.1192,0.1247,0.1159,0.2449,0.2538,0.3709,0.3535,0.2704,0.1970,0.2818,0.2347
2:59:10,28.1,0.0931,0.0874,0.0869,0.0877,0.1368,0.1380,0.1416,0.1077,0.1022,0.1030,0.0901,0.0977,0.0890,0.0892,0.1165,0.1178,0.1208,0.0999,0.0996,0.0991,0.0801,0.0782,0.0981,0.1233,0.1287,0.1310,0.1034,0.1035,0.1022,0.0793,0.0812,0.0791,0.1063,0.1100,0.1057,0.1381,0.1235,0.1216,0.0820,0.0871,0.0809,0.1035,0.1066,0.1068,0.1051,0.1146,0.1048,0.1058,0.1053,0.1057,0.1215,0.1294,0.1206,0.2774,0.2832,0.3950,0.3818,0.2968,0.2292,0.3096,0.2704
3:29:10,28.1,0.0938,0.0877,0.0871,0.0881,0.1424,0.1459,0.1492,0.1077,0.1021,0.1029,0.0904,0.0980,0.0892,0.0895,0.1158,0.1169,0.1200,0.0998,0.0996,0.0989,0.0801,0.0781,0.0984,0.1272,0.1332,0.1357,0.1043,0.1041,0.1031,0.0790,0.0800,0.0807,0.1059,0.1096,0.1056,0.1428,0.1278,0.1262,0.0818,0.0869,0.0810,0.1034,0.1064,0.1066,0.1048,0.1144,0.1043,0.1053,0.1047,0.1049,0.1264,0.1349,0.1248,0.3158,0.3186,0.4266,0.4067,0.3249,0.2725,0.3583,0.3023
3:59:10,28.1,0.0945,0.0880,0.0873,0.0886,0.1462,0.1508,0.1567,0.1072,0.1017,0.1029,0.0907,0.0981,0.0895,0.0898,0.1152,0.1165,0.1194,0.0998,0.0995,0.0987,0.0801,0.0784,0.0990,0.1322,0.1372,0.1406,0.1057,0.1056,0.1044,0.0785,0.0809,0.0806,0.1055,0.1090,0.1053,0.1471,0.1324,0.1307,0.0817,0.0865,0.0810,0.1029,0.1058,0.1064,0.1052,0.1142,0.1043,0.1050,0.1044,0.1045,0.1314,0.1400,0.1290,0.3577,0.3566,0.4693,0.4446,0.3611,0.3212,0.3952,0.3485
4:29:10,28.0,0.0956,0.0885,0.0878,0.0890,0.1515,0.1574,0.1646,0.1072,0.1018,0.1028,0.0910,0.0983,0.0899,0.0901,0.1155,0.1162,0.1190,0.0996,0.0996,0.0988,0.0799,0.0782,0.0996,0.1352,0.1381,0.1452,0.1086,0.1080,0.1067,0.0793,0.0798,0.0804,0.1051,0.1085,0.1048,0.1530,0.1374,0.1346,0.0816,0.0867,0.0809,0.1025,0.1052,0.1060,0.1053,0.1140,0.1047,0.1044,0.1039,0.1041,0.1360,0.1456,0.1330,0.4011,0.4029,0.5112,0.4892,0.4158,0.3483,0.4453,0.3961
4:59:10,28.1,0.0966,0.0892,0.0884,0.0898,0.1551,0.1610,0.1688,0.1093,0.1024,0.1061,0.0916,0.0986,0.0904,0.0906,0.1148,0.1161,0.1184,0.1005,0.0995,0.0992,0.0801,0.0785,0.0993,0.1375,0.1407,0.1486,0.1127,0.1131,0.1113,0.0797,0.0819,0.0808,0.1047,0.1082,0.1041,0.1577,0.1421,0.1390,0.0817,0.0868,0.0809,0.1026,0.1050,0.1059,0.1058,0.1138,0.1049,0.1041,0.1035,0.1035,0.1386,0.1490,0.1355,0.4670,0.4687,0.5578,0.5332,0.4570,0.3966,0.4825,0.4462
5:29:10,28.0,0.0979,0.0899,0.0890,0.0906,0.1633,0.1679,0.1727,0.1092,0.1084,0.1051,0.0923,0.0990,0.0912,0.0914,0.1146,0.1159,0.1186,0.1011,0.1004,0.1005,0.0800,0.0783,0.0995,0.1392,0.1445,0.1495,0.1188,0.1178,0.1159,0.0783,0.0812,0.0791,0.1044,0.1078,0.1038,0.1619,0.1449,0.1422,0.0817,0.0863,0.0809,0.1024,0.1047,0.1057,0.1062,0.1135,0.1052,0.1039,0.1031,0.1031,0.1436,0.1526,0.1371,0.4946,0.4947,0.5997,0.5642,0.5061,0.4432,0.5197,0.5038
5:59:10,28.1,0.0997,0.0908,0.0898,0.0918,0.1769,0.1764,0.1818,0.1089,0.1034,0.1055,0.0931,0.0996,0.0921,0.0922,0.1151,0.1163,0.1186,0.1023,0.1010,0.1011,0.0801,0.0787,0.0992,0.1420,0.1472,0.1517,0.1240,0.1236,0.1202,0.0793,0.0816,0.0808,0.1041,0.1074,0.1036,0.1677,0.1487,0.1465,0.0820,0.0867,0.0808,0.1026,0.1042,0.1057,0.1063,0.1138,0.1055,0.1036,0.1028,0.1030,0.1485,0.1590,0.1475,0.5209,0.5288,0.6134,0.5890,0.5389,0.4839,0.5563,0.5541
6:29:10,28.1,0.1017,0.0919,0.0906,0.0930,0.2000,0.1965,0.2064,0.1091,0.1056,0.1059,0.0940,0.1002,0.0930,0.0931,0.1146,0.1162,0.1184,0.1046,0.1026,0.1020,0.0801,0.0785,0.0994,0.1542,0.1609,0.1659,0.1283,0.1275,0.1244,0.0801,0.0814,0.0808,0.1038,0.1069,0.1035,0.1701,0.1501,0.1488,0.0816,0.0865,0.0810,0.1026,0.1041,0.1054,0.1070,0.1142,0.1063,0.1035,0.1026,0.1026,0.1573,0.1677,0.1554,0.5566,0.5711,0.6486,0.6249,0.5777,0.5286,0.5832,0.5886
6:59:10,28.0,0.1041,0.0936,0.0918,0.0947,0.2271,0.2198,0.2325,0.1111,0.1090,0.1058,0.0951,0.1009,0.0943,0.0942,0.1145,0.1161,0.1179,0.1059,0.1054,0.1043,0.0800,0.0786,0.1000,0.1659,0.1725,0.1790,0.1321,0.1304,0.1287,0.0793,0.0811,0.0802,0.1035,0.1068,0.1030,0.1725,0.1527,0.1509,0.0820,0.0870,0.0808,0.1027,0.1042,0.1052,0.1080,0.1146,0.1070,0.1034,0.1024,0.1025,0.1716,0.1794,0.1658,0.5820,0.6007,0.6645,0.6481,0.6081,0.5662,0.6174,0.6245
7:29:10,28.1,0.1070,0.0950,0.0932,0.0963,0.2567,0.2503,0.2673,0.1149,0.1096,0.1066,0.0965,0.1020,0.0958,0.0955,0.1141,0.1155,0.1172,0.1097,0.1086,0.1059,0.0800,0.0784,0.1008,0.1808,0.1909,0.1969,0.1395,0.1377,0.1400,0.0788,0.0817,0.0805,0.1036,0.1064,0.1026,0.1822,0.1602,0.1560,0.0814,0.0865,0.0808,0.1026,0.1040,0.1052,0.1082,0.1150,0.1080,0.1033,0.1023,0.1025,0.1996,0.2193,0.1985,0.6178,0.6269,0.7048,0.6778,0.6452,0.5975,0.6495,0.6497
7:59:10,28.1,0.1104,0.0971,0.0947,0.0984,0.2831,0.2847,0.3082,0.1137,0.1114,0.1109,0.0982,0.1033,0.0975,0.0972,0.1137,0.1157,0.1170,0.1148,0.1129,0.1095,0.0800,0.0783,0.0994,0.2027,0.2179,0.2236,0.1516,0.1504,0.1542,0.0785,0.0801,0.0804,0.1035,0.1062,0.1024,0.2084,0.1922,0.1845,0.0817,0.0862,0.0809,0.1030,0.1041,0.1055,0.1092,0.1156,0.1090,0.1034,0.1024,0.1027,0.2281,0.2506,0.2279,0.6521,0.6602,0.7297,0.7121,0.6761,0.6270,0.6775,0.6805
8:29:10,28.1,0.1141,0.0993,0.0965,0.1009,0.3056,0.3084,0.3360,0.1131,0.1102,0.1129,0.1002,0.1048,0.0996,0.0991,0.1135,0.1149,0.1166,0.1175,0.1166,0.1122,0.0802,0.0784,0.0994,0.2421,0.2511,0.2635,0.1723,0.1694,0.1735,0.0793,0.0809,0.0806,0.1032,0.1059,0.1021,0.2321,0.2122,0.2047,0.0816,0.0869,0.0811,0.1030,0.1037,0.1056,0.1099,0.1156,0.1095,0.1038,0.1027,0.1030,0.2546,0.2750,0.2540,0.6722,0.6831,0.7513,0.7196,0.6942,0.6598,0.6761,0.7022
8:59:10,28.1,0.1187,0.1021,0.0989,0.1038,0.3292,0.3295,0.3462,0.1137,0.1086,0.1132,0.1025,0.1065,0.1021,0.1017,0.1130,0.1152,0.1164,0.1208,0.1188,0.1155,0.0801,0.0782,0.0987,0.2744,0.2805,0.2911,0.2058,0.1996,0.2168,0.0795,0.0813,0.0805,0.1031,0.1059,0.1025,0.2583,0.2364,0.2279,0.0817,0.0863,0.0810,0.1032,0.1041,0.1055,0.1102,0.1163,0.1100,0.1040,0.1031,0.1033,0.2832,0.3010,0.2828,0.6943,0.7059,0.7665,0.7458,0.7176,0.6813,0.6985,0.7200
9:29:10,28.1,0.1243,0.1056,0.1014,0.1073,0.3538,0.3578,0.3801,0.1160,0.1067,0.1095,0.1055,0.1086,0.1050,0.1042,0.1129,0.1149,0.1164,0.1230,0.1197,0.1164,0.0800,0.0783,0.0991,0.3082,0.3178,0.3204,0.2638,0.2586,0.2619,0.0800,0.0809,0.0803,0.1032,0.1057,0.1019,0.2857,0.2584,0.2533,0.0823,0.0869,0.0810,0.1030,0.1042,0.1055,0.1106,0.1165,0.1105,0.1044,0.1035,0.1039,0.3179,0.3351,0.3169,0.7208,0.7272,0.7821,0.7683,0.7402,0.6997,0.7262,0.7391
9:59:10,28.1,0.1308,0.1093,0.1050,0.1117,0.3930,0.3854,0.4105,0.1121,0.1089,0.1104,0.1088,0.1110,0.1083,0.1074,0.1126,0.1151,0.1159,0.1260,0.1222,0.1183,0.0803,0.0783,0.0983,0.3391,0.3470,0.3452,0.3089,0.3013,0.3102,0.0792,0.0811,0.0807,0.1031,0.1056,0.1017,0.3131,0.2895,0.2756,0.0823,0.0864,0.0811,0.1033,0.1044,0.1053,0.1109,0.1168,0.1116,0.1051,0.1043,0.1047,0.3449,0.3614,0.3481,0.7158,0.7486,0.8020,0.7833,0.7554,0.7223,0.7433,0.7541
10:29:10,28.1,0.1386,0.1139,0.1087,0.1165,0.4268,0.4208,0.4466,0.1159,0.1107,0.1109,0.1126,0.1139,0.1124,0.1110,0.1123,0.1150,0.1159,0.1304,0.1261,0.1238,0.0802,0.0786,0.0984,0.3456,0.3657,0.3480,0.3542,0.3485,0.3460,0.0797,0.0816,0.0809,0.1031,0.1056,0.1018,0.3341,0.3158,0.3083,0.0821,0.0864,0.0811,0.1031,0.1047,0.1051,0.1119,0.1177,0.1124,0.1054,0.1051,0.1051,0.3759,0.3929,0.3765,0.7456,0.7696,0.8184,0.7991,0.7769,0.7253,0.7671,0.7683
10:59:10,28.0,0.1487,0.1196,0.1137,0.1228,0.4657,0.4656,0.4858,0.1146,0.1115,0.1094,0.1175,0.1173,0.1175,0.1155,0.1124,0.1144,0.1155,0.1368,0.1325,0.1319,0.0800,0.0783,0.0988,0.3778,0.3977,0.3849,0.3740,0.3683,0.3625,0.0797,0.0814,0.0796,0.1033,0.1054,0.1017,0.3647,0.3484,0.3378,0.0818,0.0868,0.0810,0.1032,0.1055,0.1053,0.1127,0.1184,0.1131,0.1060,0.1061,0.1065,0.4132,0.4221,0.4036,0.7676,0.7859,0.8390,0.8130,0.7869,0.7705,0.7818,0.7898
11:29:10,28.1,0.1597,0.1261,0.1188,0.1297,0.5052,0.5027,0.5271,0.1146,0.1085,0.1098,0.1232,0.1216,0.1236,0.1214,0.1120,0.1139,0.1154,0.1486,0.1440,0.1463,0.0800,0.0784,0.0982,0.4025,0.4309,0.4124,0.3976,0.3923,0.3825,0.0788,0.0801,0.0802,0.1034,0.1054,0.1016,0.3997,0.3760,0.3623,0.0817,0.0866,0.0810,0.1032,0.1063,0.1058,0.1143,0.1198,0.1144,0.1070,0.1069,0.1076,0.4461,0.4487,0.4314,0.7792,0.8023,0.8463,0.8231,0.7904,0.7902,0.7969,0.7998
11:59:10,28.1,0.1724,0.1341,0.1256,0.1382,0.5329,0.5422,0.5588,0.1156,0.1073,0.1088,0.1300,0.1259,0.1306,0.1277,0.1117,0.1142,0.1151,0.1630,0.1580,0.1673,0.0801,0.0786,0.0973,0.4287,0.4444,0.4361,0.4215,0.4171,0.4041,0.0802,0.0814,0.0802,0.1036,0.1054,0.1016,0.4245,0.4121,0.3990,0.0817,0.0866,0.0810,0.1031,0.1069,0.1055,0.1170,0.1221,0.1163,0.1066,0.1070,0.1085,0.4732,0.4750,0.4593,0.8017,0.8192,0.8672,0.8390,0.8099,0.7974,0.8234,0.8111
12:29:10,28.1,0.1887,0.1437,0.1333,0.1482,0.5739,0.5780,0.5874,0.1156,0.1092,0.1093,0.1384,0.1319,0.1393,0.1362,0.1120,0.1142,0.1141,0.1930,0.1915,0.1964,0.0801,0.0784,0.0972,0.4680,0.4727,0.4864,0.4420,0.4393,0.4230,0.0797,0.0814,0.0807,0.1036,0.1055,0.1016,0.4761,0.4603,0.4440,0.0819,0.0863,0.0810,0.1035,0.1082,0.1055,0.1205,0.1254,0.1203,0.1083,0.1083,0.1101,0.5043,0.5012,0.4885,0.8059,0.8281,0.8878,0.8455,0.8207,0.8275,0.8223,0.8268
12:59:10,28.1,0.2041,0.1548,0.1424,0.1598,0.6052,0.6099,0.6121,0.1172,0.1117,0.1115,0.1483,0.1389,0.1499,0.1459,0.1114,0.1137,0.1141,0.2125,0.2126,0.2149,0.0809,0.0791,0.0959,0.4842,0.5008,0.5013,0.4663,0.4632,0.4436,0.0793,0.0819,0.0807,0.1039,0.1058,0.1016,0.4985,0.4910,0.4784,0.0817,0.0863,0.0815,0.1038,0.1095,0.1054,0.1259,0.1312,0.1251,0.1091,0.1098,0.1109,0.5305,0.5256,0.5147,0.8356,0.8412,0.9018,0.8595,0.8350,0.8299,0.8394,0.8218
13:29:10,28.1,0.2215,0.1679,0.1541,0.1731,0.6460,0.6441,0.6549,0.1167,0.1138,0.1140,0.1606,0.1477,0.1627,0.1576,0.1114,0.1136,0.1142,0.2516,0.2508,0.2674,0.0804,0.0786,0.0950,0.5313,0.5435,0.5401,0.4943,0.4916,0.4684,0.0798,0.0813,0.0803,0.1045,0.1059,0.1020,0.5536,0.5264,0.4965,0.0819,0.0863,0.0812,0.1042,0.1128,0.1063,0.1329,0.1373,0.1447,0.1127,0.1119,0.1118,0.5445,0.5553,0.5466,0.8147,0.8578,0.8992,0.8687,0.8368,0.8547,0.8439,0.8319
13:59:10,28.0,0.2401,0.1831,0.1676,0.1895,0.6860,0.6817,0.6693,0.1196,0.1167,0.1164,0.1743,0.1573,0.1773,0.1699,0.1112,0.1134,0.1138,0.3022,0.3050,0.3182,0.0802,0.0790,0.0943,0.5569,0.5809,0.5679,0.5153,0.5134,0.4889,0.0794,0.0814,0.0808,0.1048,0.1061,0.1024,0.5737,0.5565,0.5312,0.0818,0.0866,0.0814,0.1045,0.1144,0.1070,0.1520,0.1583,0.1584,0.1146,0.1133,0.1131,0.5686,0.5810,0.5726,0.8391,0.8755,0.8982,0.8883,0.8452,0.8687,0.8619,0.8405
14:29:10,28.1,0.2541,0.1975,0.1829,0.2059,0.7100,0.7021,0.6928,0.1202,0.1192,0.1190,0.1883,0.1698,0.1912,0.1832,0.1114,0.1131,0.1134,0.3368,0.3367,0.3518,0.0803,0.0785,0.0928,0.5834,0.6052,0.5921,0.5331,0.5316,0.5070,0.0787,0.0811,0.0801,0.1051,0.1064,0.1025,0.5869,0.5787,0.5598,0.0818,0.0865,0.0811,0.1052,0.1159,0.1084,0.1605,0.1713,0.1663,0.1140,0.1149,0.1150,0.5955,0.6122,0.6007,0.8244,0.8782,0.9192,0.8821,0.8563,0.8653,0.8594,0.8482
14:59:10,28.1,0.2688,0.2124,0.1990,0.2249,0.7334,0.7231,0.7069,0.1237,0.1220,0.1214,0.2027,0.1821,0.2058,0.1985,0.1111,0.1130,0.1134,0.3666,0.3677,0.3852,0.0801,0.0784,0.0911,0.6080,0.6277,0.6092,0.5471,0.5463,0.5203,0.0791,0.0813,0.0809,0.1055,0.1067,0.1027,0.6174,0.6076,0.5932,0.0817,0.0865,0.0814,0.1061,0.1166,0.1098,0.1701,0.1777,0.1766,0.1160,0.1156,0.1159,0.6213,0.6390,0.6280,0.8410,0.9006,0.9193,0.9033,0.8561,0.8775,0.8707,0.8414
15:29:10,28.1,0.2835,0.2269,0.2168,0.2438,0.7501,0.7422,0.7277,0.1266,0.1250,0.1242,0.2178,0.1947,0.2200,0.2134,0.1104,0.1127,0.1133,0.4042,0.4064,0.4223,0.0803,0.0784,0.0898,0.6256,0.6201,0.6212,0.5642,0.5632,0.5374,0.0796,0.0815,0.0797,0.1061,0.1070,0.1031,0.6542,0.6490,0.6153,0.0819,0.0863,0.0812,0.1058,0.1181,0.1096,0.1847,0.1892,0.1892,0.1180,0.1163,0.1186,0.6291,0.6559,0.6522,0.8379,0.8969,0.9368,0.8929,0.8664,0.8694,0.8666,0.8397
15:59:10,28.0,0.2980,0.2409,0.2355,0.2629,0.7782,0.7720,0.7597,0.1304,0.1281,0.1262,0.2316,0.2074,0.2350,0.2292,0.1107,0.1126,0.1127,0.4313,0.4355,0.4515,0.0805,0.0790,0.0881,0.6585,0.6659,0.6492,0.5813,0.5808,0.5537,0.0796,0.0812,0.0807,0.1066,0.1072,0.1035,0.6812,0.6617,0.6493,0.0818,0.0863,0.0811,0.1065,0.1192,0.1106,0.1978,0.2021,0.2029,0.1215,0.1187,0.1213,0.6595,0.6892,0.6838,0.8522,0.9112,0.9361,0.8991,0.8608,0.8791,0.8772,0.8390
16:29:10,28.1,0.3107,0.2534,0.2561,0.2813,0.8025,0.7887,0.7665,0.1335,0.1296,0.1315,0.2445,0.2218,0.2481,0.2430,0.1100,0.1126,0.1128,0.4481,0.4540,0.4713,0.0801,0.0784,0.0860,0.6785,0.6853,0.6672,0.5913,0.5907,0.5642,0.0787,0.0805,0.0808,0.1075,0.1078,0.1037,0.6891,0.6842,0.6673,0.0819,0.0864,0.0812,0.1070,0.1195,0.1105,0.2111,0.2119,0.2230,0.1245,0.1203,0.1223,0.6740,0.7034,0.7027,0.8568,0.9147,0.9406,0.8935,0.8642,0.8730,0.8745,0.8351
16:59:10,28.1,0.3255,0.2671,0.2763,0.3004,0.8047,0.8087,0.7769,0.1369,0.1342,0.1347,0.2582,0.2361,0.2614,0.2566,0.1097,0.1121,0.1129,0.4666,0.4750,0.4935,0.0800,0.0786,0.0826,0.6836,0.6722,0.6732,0.6026,0.6021,0.5758,0.0789,0.0813,0.0802,0.1082,0.1083,0.1045,0.7155,0.7051,0.6870,0.0820,0.0863,0.0812,0.1082,0.1206,0.1116,0.2531,0.2451,0.2673,0.1267,0.1218,0.1237,0.7028,0.7249,0.7171,0.8586,0.9057,0.9536,0.8880,0.8713,0.8646,0.8761,0.8402
17:29:10,28.0,0.3406,0.2805,0.2985,0.3201,0.8438,0.8407,0.8017,0.1385,0.1378,0.1382,0.2712,0.2488,0.2749,0.2722,0.1095,0.1118,0.1123,0.4804,0.4904,0.5098,0.0800,0.0788,0.0783,0.7427,0.7228,0.6950,0.6074,0.6072,0.5836,0.0795,0.0813,0.0808,0.1090,0.1088,0.1047,0.7256,0.7215,0.7244,0.0821,0.0866,0.0812,0.1097,0.1213,0.1132,0.2924,0.2843,0.3022,0.1285,0.1239,0.1254,0.7321,0.7617,0.7582,0.8626,0.9035,0.9471,0.8983,0.8712,0.8693,0.8827,0.8412
17:59:10,28.1,0.3550,0.2942,0.3196,0.3407,0.8580,0.8399,0.8108,0.1437,0.1408,0.1412,0.2852,0.2631,0.2896,0.2881,0.1099,0.1123,0.1123,0.4934,0.5052,0.5251,0.0813,0.0792,0.0782,0.7515,0.7228,0.6890,0.6131,0.6129,0.5891,0.0804,0.0815,0.0808,0.1107,0.1095,0.1055,0.7495,0.7455,0.7363,0.0821,0.0866,0.0815,0.1103,0.1215,0.1143,0.3212,0.3088,0.3274,0.1302,0.1249,0.1260,0.7387,0.7728,0.7757,0.8658,0.9003,0.9459,0.8874,0.8723,0.8656,0.8841,0.8379
18:29:10,28.1,0.3720,0.3090,0.3440,0.3630,0.8701,0.8600,0.8273,0.1470,0.1475,0.1477,0.3001,0.2762,0.3044,0.3033,0.1093,0.1120,0.1124,0.5053,0.5195,0.5414,0.0816,0.0793,0.0791,0.7686,0.7401,0.7159,0.6230,0.6238,0.5994,0.0791,0.0810,0.0802,0.1116,0.1102,0.1063,0.7701,0.7634,0.7605,0.0822,0.0865,0.0814,0.1126,0.1231,0.1175,0.3436,0.3371,0.3521,0.1315,0.1253,0.1283,0.7599,0.7907,0.7826,0.8690,0.9011,0.9514,0.8836,0.8743,0.8680,0.8890,0.8334
18:59:10,28.0,0.3872,0.3241,0.3666,0.3844,0.8960,0.8753,0.8471,0.1514,0.1585,0.1588,0.3147,0.2900,0.3194,0.3194,0.1094,0.1117,0.1124,0.5161,0.5311,0.5528,0.0803,0.0786,0.0783,0.7761,0.7449,0.7183,0.6244,0.6244,0.6004,0.0793,0.0809,0.0809,0.1122,0.1110,0.1071,0.7864,0.7803,0.7790,0.0822,0.0865,0.0813,0.1133,0.1240,0.1182,0.3627,0.3601,0.3711,0.1320,0.1255,0.1297,0.7684,0.8075,0.8119,0.8689,0.9062,0.9447,0.8870,0.8674,0.8633,0.8899,0.8249
19:29:10,28.1,0.4041,0.3390,0.3927,0.4077,0.9180,0.9113,0.8699,0.1573,0.1684,0.1660,0.3311,0.3066,0.3349,0.3393,0.1089,0.1115,0.1122,0.5230,0.5388,0.5608,0.0802,0.0784,0.0782,0.8061,0.7848,0.7561,0.6272,0.6276,0.6041,0.0787,0.0807,0.0799,0.1127,0.1116,0.1078,0.7989,0.8017,0.8077,0.0820,0.0866,0.0812,0.1150,0.1255,0.1190,0.3793,0.3793,0.3899,0.1324,0.1260,0.1314,0.8007,0.8362,0.8385,0.8658,0.9030,0.9412,0.8824,0.8643,0.8540,0.8790,0.8163
19:59:10,28.1,0.4218,0.3555,0.4202,0.4319,0.9320,0.9187,0.8775,0.1664,0.1815,0.1811,0.3486,0.3210,0.3520,0.3569,0.1091,0.1118,0.1122,0.5316,0.5480,0.5699,0.0806,0.0794,0.0784,0.8170,0.7845,0.7648,0.6295,0.6302,0.6058,0.0788,0.0812,0.0803,0.1141,0.1125,0.1084,0.8091,0.8137,0.8248,0.0821,0.0865,0.0815,0.1154,0.1275,0.1197,0.3960,0.3962,0.4056,0.1342,0.1295,0.1328,0.8211,0.8521,0.8539,0.8533,0.9000,0.9400,0.8734,0.8584,0.8528,0.8802,0.8120
20:29:10,28.1,0.4392,0.3716,0.4474,0.4566,0.9414,0.9348,0.8946,0.1823,0.1864,0.1827,0.3658,0.3365,0.3698,0.3735,0.1090,0.1112,0.1120,0.5403,0.5574,0.5793,0.0803,0.0787,0.0786,0.8322,0.8325,0.7836,0.6322,0.6332,0.6088,0.0793,0.0804,0.0796,0.1157,0.1132,0.1092,0.8251,0.8302,0.8433,0.0820,0.0866,0.0813,0.1161,0.1293,0.1210,0.4111,0.4118,0.4204,0.1342,0.1306,0.1328,0.8339,0.8716,0.8705,0.8486,0.8948,0.9405,0.8685,0.8532,0.8622,0.8734,0.8036
20:59:10,28.1,0.4567,0.3883,0.4737,0.4819,0.9645,0.9582,0.9117,0.1824,0.1904,0.1842,0.3831,0.3540,0.3870,0.3967,0.1087,0.1112,0.1118,0.5437,0.5620,0.5846,0.0802,0.0784,0.0781,0.8515,0.8281,0.7961,0.6322,0.6328,0.6096,0.0798,0.0812,0.0803,0.1168,0.1142,0.1103,0.8533,0.8574,0.8690,0.0820,0.0865,0.0814,0.1171,0.1294,0.1221,0.4203,0.4230,0.4311,0.1382,0.1318,0.1328,0.8488,0.8823,0.8843,0.8457,0.8851,0.9311,0.8687,0.8493,0.8408,0.8722,0.8047
21:29:10,28.0,0.4764,0.4071,0.5019,0.5094,0.9761,0.9666,0.9307,0.1999,0.2059,0.1911,0.4042,0.3701,0.4064,0.4143,0.1087,0.1113,0.1118,0.5540,0.5725,0.5946,0.0808,0.0802,0.0787,0.8630,0.8313,0.8153,0.6379,0.6386,0.6151,0.0793,0.0811,0.0806,0.1176,0.1150,0.1114,0.8601,0.8630,0.8784,0.0819,0.0865,0.0813,0.1186,0.1340,0.1245,0.4342,0.4342,0.4448,0.1403,0.1336,0.1353,0.8615,0.9093,0.9123,0.8311,0.8767,0.9195,0.8565,0.8368,0.8449,0.8645,0.7956
21:59:10,28.1,0.4941,0.4243,0.5315,0.5369,0.9848,0.9645,0.9335,0.2025,0.2059,0.1996,0.4237,0.3895,0.4242,0.4396,0.1088,0.1113,0.1117,0.5615,0.5805,0.6031,0.0802,0.0791,0.0785,0.8729,0.8508,0.8210,0.6397,0.6414,0.6166,0.0796,0.0813,0.0806,0.1189,0.1155,0.1115,0.8841,0.8898,0.8965,0.0820,0.0865,0.0813,0.1192,0.1345,0.1256,0.4475,0.4462,0.4611,0.1411,0.1360,0.1382,0.8588,0.9037,0.9071,0.8259,0.8748,0.9109,0.8488,0.8181,0.8304,0.8502,0.7742
22:29:10,28.1,0.5162,0.4448,0.5611,0.5669,1.0069,0.9970,0.9596,0.2094,0.2159,0.2018,0.4475,0.4064,0.4454,0.4603,0.1085,0.1110,0.1114,0.5665,0.5853,0.6078,0.0805,0.0788,0.0781,0.8900,0.8623,0.8471,0.6412,0.6420,0.6187,0.0796,0.0813,0.0810,0.1194,0.1164,0.1129,0.8974,0.9003,0.9157,0.0821,0.0865,0.0814,0.1199,0.1363,0.1272,0.4663,0.4619,0.4810,0.1402,0.1371,0.1407,0.8914,0.9369,0.9429,0.8172,0.8663,0.9106,0.8424,0.8122,0.8265,0.8422,0.7601
22:59:10,28.1,0.5372,0.4637,0.5913,0.5946,1.0243,0.9997,0.9669,0.2157,0.2211,0.1944,0.4686,0.4260,0.4662,0.4843,0.1087,0.1110,0.1113,0.5724,0.5914,0.6141,0.0807,0.0795,0.0786,0.9023,0.8797,0.8501,0.6407,0.6417,0.6180,0.0795,0.0814,0.0813,0.1201,0.1168,0.1136,0.9110,0.9236,0.9321,0.0819,0.0865,0.0810,0.1212,0.1369,0.1276,0.4843,0.4798,0.4976,0.1401,0.1368,0.1413,0.8959,0.9423,0.9441,0.8068,0.8576,0.9049,0.8356,0.8014,0.8233,0.8342,0.7573
23:29:10,28.1,0.5571,0.4846,0.6207,0.6247,1.0357,1.0194,0.9878,0.2226,0.2277,0.1998,0.4922,0.4459,0.4862,0.5110,0.1086,0.1109,0.1111,0.5774,0.5964,0.6197,0.0801,0.0787,0.0789,0.9080,0.8910,0.8719,0.6426,0.6444,0.6198,0.0801,0.0814,0.0807,0.1213,0.1174,0.1142,0.9273,0.9351,0.9464,0.0821,0.0865,0.0811,0.1220,0.1391,0.1278,0.4992,0.4967,0.5134,0.1398,0.1392,0.1423,0.9147,0.9605,0.9670,0.8024,0.8515,0.9020,0.8284,0.7952,0.8175,0.8249,0.7523
23:59:10,28.1,0.5776,0.5064,0.6512,0.6557,1.0572,1.0432,1.0018,0.2312,0.2362,0.2248,0.5166,0.4653,0.5077,0.5349,0.1082,0.1109,0.1110,0.5798,0.5985,0.6210,0.0805,0.0791,0.0791,0.9248,0.9060,0.8867,0.6385,0.6399,0.6150,0.0790,0.0817,0.0810,0.1220,0.1181,0.1149,0.9517,0.9616,0.9739,0.0820,0.0865,0.0811,0.1223,0.1393,0.1284,0.5149,0.5096,0.5305,0.1377,0.1383,0.1428,0.9381,0.9824,0.9864,0.7912,0.8381,0.8911,0.8126,0.7890,0.8107,0.8159,0.7488
24:29:10,28.0,0.5987,0.5277,0.6813,0.6871,1.0614,1.0448,1.0090,0.2417,0.2489,0.2350,0.5391,0.4857,0.5297,0.5584,0.1080,0.1105,0.1107,0.5864,0.6050,0.6283,0.0802,0.0784,0.0799,0.9355,0.8955,0.8877,0.6410,0.6442,0.6191,0.0791,0.0812,0.0796,0.1220,0.1191,0.1162,0.9673,0.9737,0.9794,0.0822,0.0865,0.0814,0.1235,0.1402,0.1311,0.5281,0.5263,0.5457,0.1382,0.1437,0.1440,0.9415,0.9864,0.9963,0.7860,0.8243,0.8857,0.8178,0.7838,0.7956,0.8080,0.7529
24:59:10,28.1,0.6190,0.5497,0.7128,0.7180,1.0779,1.0724,1.0333,0.2465,0.2544,0.2401,0.5629,0.5066,0.5537,0.5840,0.1080,0.1106,0.1107,0.5902,0.6089,0.6320,0.0804,0.0789,0.0785,0.9474,0.9377,0.9052,0.6419,0.6470,0.6191,0.0803,0.0815,0.0811,0.1236,0.1202,0.1168,0.9804,0.9871,1.0035,0.0821,0.0867,0.0813,0.1241,0.1401,0.1334,0.5487,0.5463,0.5698,0.1381,0.1412,0.1455,0.9698,1.0155,1.0221,0.7827,0.8276,0.8826,0.8109,0.7809,0.7917,0.8021,0.7468
25:29:10,28.1,0.6401,0.5726,0.7401,0.7462,1.0853,1.0787,1.0420,0.2528,0.2595,0.2462,0.5877,0.5278,0.5773,0.6138,0.1078,0.1109,0.1110,0.5928,0.6124,0.6354,0.0806,0.0788,0.0787,0.9592,0.9425,0.9215,0.6399,0.6459,0.6181,0.0788,0.0815,0.0812,0.1247,0.1213,0.1179,0.9920,1.0001,1.0126,0.0821,0.0868,0.0812,0.1256,0.1438,0.1333,0.5634,0.5589,0.5832,0.1395,0.1460,0.1448,0.9710,1.0185,1.0272,0.7787,0.8161,0.8789,0.8143,0.7736,0.7808,0.7996,0.7391
25:59:10,28.0,0.6627,0.5964,0.7689,0.7787,1.0989,1.0944,1.0596,0.2648,0.2720,0.2585,0.6098,0.5488,0.6009,0.6392,0.1078,0.1105,0.1105,0.5978,0.6180,0.6394,0.0803,0.0787,0.0788,0.9622,0.9552,0.9393,0.6425,0.6489,0.6203,0.0804,0.0815,0.0808,0.1247,0.1219,0.1188,1.0078,1.0147,1.0287,0.0820,0.0868,0.0816,0.1259,0.1462,0.1357,0.5893,0.5840,0.6202,0.1375,0.1475,0.1466,0.9877,1.0353,1.0498,0.7728,0.8135,0.8722,0.8079,0.7731,0.7728,0.7894,0.7380
26:29:10,28.1,0.6845,0.6203,0.8031,0.8089,1.1212,1.1076,1.0664,0.2676,0.2762,0.2613,0.6334,0.5693,0.6236,0.6643,0.1077,0.1102,0.1107,0.5990,0.6201,0.6408,0.0806,0.0786,0.0791,0.9821,0.9721,0.9310,0.6360,0.6409,0.6140,0.0802,0.0819,0.0810,0.1257,0.1227,0.1192,1.0253,1.0318,1.0464,0.0822,0.0866,0.0811,0.1267,0.1479,0.1376,0.6053,0.6037,0.6255,0.1367,0.1471,0.1465,1.0032,1.0517,1.0536,0.7708,0.8094,0.8688,0.8062,0.7703,0.7799,0.7861,0.7271
26:59:10,28.1,0.7063,0.6451,0.8293,0.8415,1.1206,1.1257,1.0875,0.2795,0.2884,0.2730,0.6606,0.5903,0.6473,0.6913,0.1078,0.1102,0.1103,0.6031,0.6240,0.6449,0.0803,0.0797,0.0784,0.9882,0.9821,0.9574,0.6393,0.6444,0.6169,0.0794,0.0808,0.0808,0.1260,0.1233,0.1195,1.0519,1.0578,1.0695,0.0820,0.0866,0.0811,0.1268,0.1467,0.1395,0.6329,0.6293,0.6579,0.1365,0.1444,0.1519,1.0198,1.0686,1.0822,0.7671,0.7961,0.8591,0.8209,0.7616,0.7731,0.7826,0.7385
27:29:10,28.1,0.7288,0.6702,0.8609,0.8713,1.1385,1.1422,1.0995,0.2877,0.2976,0.2808,0.6853,0.6115,0.6718,0.7180,0.1077,0.1101,0.1100,0.6066,0.6280,0.6480,0.0812,0.0798,0.0786,1.0023,0.9893,0.9678,0.6392,0.6429,0.6182,0.0796,0.0815,0.0809,0.1271,0.1244,0.1209,1.0669,1.0699,1.0855,0.0821,0.0866,0.0816,0.1275,0.1501,0.1416,0.6555,0.6523,0.6770,0.1355,0.1472,0.1539,1.0394,1.0863,1.1016,0.7657,0.7964,0.8540,0.8181,0.7587,0.7740,0.7803,0.7433
27:59:10,28.0,0.7493,0.6934,0.8912,0.9029,1.1517,1.1441,1.1155,0.2935,0.3067,0.2861,0.7098,0.6324,0.6964,0.7432,0.1072,0.1098,0.1099,0.6091,0.6308,0.6512,0.0805,0.0785,0.0784,1.0116,1.0040,0.9851,0.6365,0.6384,0.6157,0.0798,0.0813,0.0804,0.1284,0.1255,0.1221,1.0723,1.0809,1.0939,0.0819,0.0865,0.0811,0.1285,0.1525,0.1462,0.6480,0.6494,0.6778,0.1344,0.1525,0.1552,1.0319,1.0873,1.0934,0.7611,0.7991,0.8546,0.8094,0.7593,0.7687,0.7809,0.7321
28:29:10,28.1,0.7699,0.7156,0.9209,0.9321,1.1657,1.1608,1.1290,0.3028,0.3168,0.2945,0.7347,0.6536,0.7188,0.7707,0.1070,0.1104,0.1102,0.6099,0.6312,0.6516,0.0805,0.0793,0.0783,1.0253,1.0160,0.9955,0.6318,0.6335,0.6126,0.0798,0.0816,0.0809,0.1292,0.1261,0.1220,1.0874,1.0943,1.1144,0.0822,0.0867,0.0813,0.1290,0.1537,0.1471,0.6800,0.6774,0.7091,0.1334,0.1500,0.1545,1.0582,1.1087,1.1199,0.7602,0.7998,0.8565,0.8089,0.7617,0.7593,0.7704,0.7390
28:59:10,28.1,0.7925,0.7380,0.9506,0.9622,1.1778,1.1802,1.1429,0.3168,0.3289,0.3062,0.7590,0.6740,0.7423,0.7962,0.1071,0.1098,0.1105,0.6108,0.6317,0.6520,0.0803,0.0786,0.0786,1.0365,1.0197,0.9958,0.6274,0.6276,0.6080,0.0790,0.0806,0.0803,0.1301,0.1264,0.1232,1.1180,1.1207,1.1359,0.0820,0.0867,0.0812,0.1320,0.1545,0.1474,0.7241,0.7209,0.7692,0.1324,0.1494,0.1550,1.0790,1.1291,1.1431,0.7570,0.7845,0.8456,0.8156,0.7541,0.7491,0.7690,0.7566
29:29:10,28.1,0.8127,0.7611,0.9808,0.9917,1.1847,1.1957,1.1553,0.3284,0.3373,0.3161,0.7833,0.6963,0.7650,0.8201,0.1069,0.1100,0.1102,0.6140,0.6341,0.6547,0.0805,0.0787,0.0786,1.0436,1.0354,1.0180,0.6271,0.6271,0.6074,0.0792,0.0815,0.0808,0.1304,0.1277,0.1242,1.1195,1.1244,1.1463,0.0821,0.0868,0.0812,0.1297,0.1482,0.1435,0.7442,0.7395,0.7456,0.1319,0.1484,0.1573,1.0887,1.1353,1.1564,0.7533,0.7763,0.8345,0.8154,0.7477,0.7689,0.7726,0.7501
29:59:10,28.0,0.8367,0.7861,1.0096,1.0212,1.2056,1.2060,1.1701,0.3401,0.3458,0.3251,0.8087,0.7173,0.7890,0.8456,0.1068,0.1100,0.1102,0.6164,0.6361,0.6570,0.0803,0.0788,0.0788,1.0555,1.0465,1.0297,0.6283,0.6289,0.6068,0.0789,0.0807,0.0810,0.1315,0.1290,0.1252,1.1285,1.1392,1.1563,0.0821,0.0866,0.0812,0.1303,0.1488,0.1474,0.7337,0.7326,0.7265,0.1311,0.1535,0.1580,1.0969,1.1465,1.1584,0.7542,0.7893,0.8459,0.8136,0.7504,0.7498,0.7732,0.7446
30:29:10,28.1,0.8566,0.8110,1.0392,1.0516,1.2094,1.2231,1.1825,0.3485,0.3511,0.3308,0.8339,0.7377,0.8116,0.8759,0.1066,0.1096,0.1096,0.6164,0.6358,0.6585,0.0803,0.0793,0.0791,1.0667,1.0550,1.0288,0.6246,0.6272,0.6047,0.0786,0.0811,0.0802,0.1324,0.1297,0.1255,1.1507,1.1561,1.1755,0.0820,0.0868,0.0809,0.1293,0.1445,0.1464,0.7070,0.7082,0.7181,0.1291,0.1543,0.1585,1.1161,1.1648,1.1844,0.7471,0.7818,0.8375,0.8111,0.7508,0.7508,0.7737,0.7347
30:59:10,28.1,0.8765,0.8328,1.0653,1.0790,1.2328,1.2368,1.1970,0.3596,0.3585,0.3388,0.8556,0.7579,0.8340,0.9015,0.1066,0.1095,0.1100,0.6145,0.6342,0.6562,0.0808,0.0790,0.0785,1.0774,1.0713,1.0334,0.6159,0.6182,0.5965,0.0792,0.0809,0.0809,0.1334,0.1312,0.1267,1.1532,1.1600,1.1858,0.0821,0.0867,0.0811,0.1331,0.1453,0.1498,0.6888,0.6896,0.7019,0.1284,0.1544,0.1590,1.1295,1.1797,1.1987,0.7448,0.7747,0.8286,0.8181,0.7473,0.7437,0.7744,0.7389
31:29:10,28.0,0.8966,0.8580,1.0965,1.1077,1.2475,1.2476,1.2101,0.3780,0.3715,0.3532,0.8770,0.7799,0.8570,0.9306,0.1069,0.1092,0.1097,0.6181,0.6373,0.6605,0.0802,0.0785,0.0793,1.0839,1.0719,1.0548,0.6213,0.6235,0.6023,0.0797,0.0809,0.0807,0.1355,0.1330,0.1281,1.1806,1.1864,1.2056,0.0821,0.0868,0.0812,0.1330,0.1510,0.1559,0.7018,0.7077,0.7113,0.1265,0.1569,0.1631,1.1459,1.1970,1.2185,0.7439,0.7750,0.8289,0.8210,0.7466,0.7444,0.7782,0.7525
31:59:10,28.1,0.9125,0.8787,1.1242,1.1331,1.2688,1.2615,1.2272,0.3914,0.3813,0.3643,0.8984,0.7993,0.8790,0.9584,0.1067,0.1091,0.1099,0.6204,0.6393,0.6625,0.0804,0.0788,0.0787,1.0958,1.0887,1.0696,0.6197,0.6207,0.6001,0.0791,0.0814,0.0802,0.1365,0.1330,0.1290,1.1879,1.1963,1.2177,0.0819,0.0866,0.0813,0.1402,0.1551,0.1637,0.6991,0.7057,0.7102,0.1259,0.1575,0.1644,1.1534,1.2030,1.2251,0.7388,0.7737,0.8244,0.8172,0.7454,0.7438,0.7850,0.7443
32:29:10,28.1,0.9248,0.8982,1.1519,1.1553,1.2801,1.2789,1.2455,0.3962,0.3875,0.3699,0.9191,0.8195,0.9005,0.9944,0.1068,0.1093,0.1102,0.6175,0.6359,0.6594,0.0814,0.0785,0.0787,1.1132,1.0866,1.0774,0.6136,0.6136,0.5978,0.0800,0.0802,0.0806,0.1373,0.1339,0.1295,1.2155,1.2192,1.2336,0.0822,0.0870,0.0812,0.1452,0.1687,0.1786,0.7011,0.7080,0.7117,0.1244,0.1559,0.1644,1.1739,1.2294,1.2514,0.7438,0.7745,0.8190,0.8267,0.7425,0.7528,0.7901,0.7627
32:59:10,28.1,0.9415,0.9233,1.1753,1.1776,1.2935,1.2850,1.2496,0.4129,0.4024,0.3852,0.9409,0.8398,0.9225,1.0162,0.1065,0.1092,0.1095,0.6223,0.6403,0.6664,0.0804,0.0795,0.0784,1.1121,1.1063,1.0888,0.6216,0.6214,0.6058,0.0799,0.0815,0.0801,0.1381,0.1342,0.1301,1.2084,1.2153,1.2392,0.0822,0.0870,0.0811,0.1502,0.1741,0.1846,0.7091,0.7137,0.7182,0.1260,0.1596,0.1682,1.1727,1.2237,1.2433,0.7410,0.7757,0.8195,0.8179,0.7423,0.7474,0.7816,0.7475
33:29:10,28.1,0.9576,0.9426,1.1993,1.2002,1.3132,1.3035,1.2691,0.4224,0.4105,0.3933,0.9655,0.8608,0.9415,1.0455,0.1064,0.1097,0.1094,0.6209,0.6397,0.6638,0.0804,0.0791,0.0782,1.1257,1.1097,1.0866,0.6151,0.6141,0.5990,0.0793,0.0812,0.0799,0.1393,0.1348,0.1311,1.2403,1.2441,1.2572,0.0822,0.0867,0.0812,0.1601,0.1978,0.2118,0.7053,0.7097,0.7135,0.1256,0.1552,0.1689,1.1999,1.2514,1.2745,0.7330,0.7788,0.8352,0.8187,0.7467,0.7352,0.7770,0.7519
33:59:10,28.1,0.9713,0.9610,1.2200,1.2186,1.3301,1.3116,1.2783,0.4354,0.4207,0.4042,0.9863,0.8802,0.9587,1.0673,0.1066,0.1095,0.1097,0.6251,0.6430,0.6670,0.0805,0.0793,0.0792,1.1285,1.1249,1.1077,0.6199,0.6192,0.6038,0.0793,0.0805,0.0797,0.1403,0.1363,0.1327,1.2370,1.2446,1.2707,0.0823,0.0870,0.0811,0.1681,0.2029,0.2232,0.7092,0.7126,0.7178,0.1260,0.1629,0.1725,1.2021,1.2610,1.2735,0.7258,0.7737,0.8386,0.8183,0.7526,0.7428,0.7805,0.7582
34:29:10,28.1,0.9851,0.9801,1.2418,1.2393,1.3308,1.3280,1.2971,0.4450,0.4278,0.4123,1.0051,0.8974,0.9750,1.0914,0.1066,0.1096,0.1097,0.6238,0.6419,0.6652,0.0805,0.0789,0.0785,1.1430,1.1349,1.1204,0.6152,0.6145,0.6006,0.0793,0.0815,0.0805,0.1417,0.1376,0.1335,1.2601,1.2685,1.2877,0.0821,0.0869,0.0810,0.1811,0.2233,0.2450,0.7055,0.7080,0.7140,0.1254,0.1611,0.1775,1.2272,1.2779,1.3034,0.7236,0.7672,0.8269,0.8300,0.7520,0.7397,0.7937,0.7667
34:59:10,28.1,0.9976,0.9960,1.2624,1.2559,1.3346,1.3444,1.3048,0.4559,0.4378,0.4222,1.0221,0.9095,0.9898,1.1133,0.1063,0.1093,0.1097,0.6230,0.6407,0.6644,0.0801,0.0786,0.0785,1.1532,1.1435,1.1167,0.6110,0.6099,0.5965,0.0793,0.0812,0.0793,0.1410,0.1368,0.1327,1.2638,1.2733,1.2964,0.0823,0.0868,0.0811,0.2041,0.2399,0.2730,0.7014,0.7027,0.7090,0.1253,0.1645,0.1809,1.2368,1.2886,1.3146,0.7151,0.7684,0.8380,0.8206,0.7555,0.7386,0.7903,0.7638
35:29:10,28.0,1.0119,1.0141,1.2802,1.2719,1.3206,1.3354,1.3184,0.4619,0.4439,0.4287,1.0409,0.9235,1.0053,1.1325,0.1062,0.1092,0.1096,0.6227,0.6410,0.6653,0.0808,0.0794,0.0783,1.1601,1.1539,1.1316,0.6107,0.6103,0.5985,0.0800,0.0814,0.0801,0.1419,0.1379,0.1331,1.2814,1.2887,1.3144,0.0821,0.0867,0.0810,0.2104,0.2595,0.2827,0.6994,0.7006,0.7083,0.1238,0.1660,0.1803,1.2429,1.3028,1.3243,0.7113,0.7584,0.8256,0.8118,0.7486,0.7170,0.7756,0.7516
35:59:10,28.1,1.0233,1.0287,1.2978,1.2872,1.2943,1.3340,1.3353,0.4736,0.4546,0.4406,1.0561,0.9358,1.0189,1.1460,0.1065,0.1091,0.1093,0.6231,0.6417,0.6660,0.0801,0.0790,0.0787,1.1743,1.1619,1.1376,0.6142,0.6130,0.6047,0.0788,0.0816,0.0792,0.1441,0.1403,0.1348,1.2970,1.3045,1.3275,0.0822,0.0868,0.0812,0.2338,0.2899,0.3077,0.6994,0.7004,0.7099,0.1235,0.1695,0.1823,1.2695,1.3184,1.3459,0.7126,0.7640,0.8236,0.8253,0.7484,0.7260,0.7793,0.7649
36:29:10,28.1,1.0348,1.0425,1.3143,1.3008,1.2615,1.3153,1.3404,0.4890,0.4677,0.4539,1.0694,0.9498,1.0323,1.1586,0.1066,0.1096,0.1094,0.6259,0.6436,0.6675,0.0802,0.0786,0.0787,1.1777,1.1742,1.1566,0.6166,0.6136,0.6054,0.0791,0.0815,0.0792,0.1444,0.1450,0.1353,1.3032,1.3134,1.3378,0.0822,0.0868,0.0811,0.2516,0.3092,0.3585,0.6977,0.6966,0.7065,0.1244,0.1720,0.1835,1.2688,1.3268,1.3524,0.7070,0.7630,0.8166,0.8102,0.7430,0.7218,0.7684,0.7525
36:59:10,28.1,1.0464,1.0589,1.3291,1.3153,1.2382,1.3324,1.3283,0.4990,0.4778,0.4644,1.0829,0.9612,1.0441,1.1796,0.1071,0.1088,0.1091,0.6282,0.6463,0.6703,0.0810,0.0789,0.0788,1.1820,1.1833,1.1642,0.6203,0.6158,0.6100,0.0799,0.0813,0.0804,0.1440,0.1386,0.1358,1.3151,1.3237,1.3486,0.0822,0.0868,0.0812,0.2761,0.3458,0.3726,0.6980,0.6959,0.7062,0.1248,0.1713,0.1873,1.2915,1.3456,1.3656,0.7117,0.7699,0.8190,0.8055,0.7497,0.7177,0.7657,0.7534
37:29:10,28.1,1.0564,1.0702,1.3411,1.3268,1.2265,1.3165,1.3204,0.5115,0.4893,0.4754,1.0949,0.9713,1.0542,1.1907,0.1072,0.1086,0.1093,0.6278,0.6456,0.6698,0.0805,0.0797,0.0792,1.1902,1.1933,1.1704,0.6185,0.6141,0.6082,0.0788,0.0807,0.0791,0.1447,0.1317,0.1358,1.3282,1.3357,1.3619,0.0823,0.0870,0.0814,0.3159,0.3991,0.4330,0.6943,0.6931,0.7042,0.1256,0.1716,0.1887,1.2998,1.3488,1.3776,0.7205,0.7797,0.8153,0.8247,0.7497,0.7096,0.7810,0.7616
37:59:10,28.1,1.0672,1.0864,1.3537,1.3414,1.2260,1.3080,1.3225,0.5236,0.5007,0.4868,1.1082,0.9815,1.0667,1.1995,0.1070,0.1088,0.1094,0.6276,0.6459,0.6720,0.0804,0.0796,0.0793,1.1856,1.1930,1.1665,0.6239,0.6188,0.6142,0.0785,0.0812,0.0791,0.1450,0.1268,0.1372,1.3430,1.3498,1.3809,0.0822,0.0869,0.0812,0.3318,0.4381,0.4633,0.6990,0.6991,0.7086,0.1254,0.1716,0.1932,1.3159,1.3597,1.3929,0.7210,0.7953,0.8128,0.8201,0.7498,0.7135,0.7811,0.7563
38:29:10,28.1,1.0776,1.0964,1.3662,1.3529,1.2209,1.2877,1.3374,0.5331,0.5088,0.4967,1.1167,0.9926,1.0752,1.2113,0.1069,0.1088,0.1092,0.6279,0.6455,0.6718,0.0817,0.0797,0.0783,1.1867,1.1763,1.1621,0.6218,0.6180,0.6119,0.0797,0.0812,0.0805,0.1453,0.1288,0.1369,1.3628,1.3701,1.3814,0.0821,0.0868,0.0811,0.3564,0.4739,0.4987,0.6954,0.6949,0.7058,0.1267,0.1709,0.1913,1.3355,1.3846,1.4143,0.7305,0.8191,0.8267,0.8276,0.7664,0.7209,0.7831,0.7638
38:59:10,28.1,1.0879,1.1095,1.3803,1.3641,1.2147,1.2493,1.3266,0.5446,0.5184,0.5066,1.1282,0.9997,1.0861,1.2264,0.1073,0.1097,0.1092,0.6276,0.6453,0.6690,0.0804,0.0793,0.0788,1.1807,1.1546,1.1463,0.6175,0.6132,0.6078,0.0793,0.0803,0.0790,0.1465,0.1338,0.1379,1.3618,1.3860,1.3627,0.0823,0.0870,0.0810,0.3944,0.5048,0.5285,0.6906,0.6912,0.7006,0.1286,0.1710,0.1928,1.3413,1.3909,1.4208,0.7288,0.8261,0.8331,0.8090,0.7799,0.7229,0.7712,0.7574
39:29:10,28.0,1.0960,1.1192,1.3899,1.3728,1.2107,1.2250,1.3211,0.5544,0.5282,0.5171,1.1369,1.0094,1.0963,1.2384,0.1072,0.1085,0.1089,0.6283,0.6465,0.6672,0.0806,0.0796,0.0786,1.1672,1.1640,1.1578,0.6211,0.6166,0.6111,0.0797,0.0812,0.0808,0.1467,0.1364,0.1368,1.3751,1.3769,1.3691,0.0824,0.0869,0.0812,0.4030,0.5374,0.5595,0.6903,0.6908,0.7001,0.1296,0.1720,0.1950,1.3522,1.4040,1.4305,0.7387,0.8362,0.8464,0.8151,0.7953,0.7265,0.7721,0.7556
39:59:10,28.1,1.1060,1.1317,1.4023,1.3851,1.2056,1.2113,1.3132,0.5632,0.5359,0.5247,1.1492,1.0163,1.1084,1.2511,0.1071,0.1085,0.1089,0.6262,0.6450,0.6550,0.0802,0.0788,0.0783,1.1604,1.1586,1.1445,0.6158,0.6113,0.6074,0.0795,0.0816,0.0795,0.1474,0.1416,0.1361,1.3655,1.3517,1.3643,0.0823,0.0870,0.0811,0.4323,0.5793,0.6071,0.6837,0.6859,0.6955,0.1298,0.1745,0.1951,1.3711,1.4201,1.4551,0.7584,0.8482,0.8599,0.8252,0.8103,0.7115,0.7720,0.7626
40:29:10,28.1,1.1157,1.1443,1.4139,1.3960,1.2021,1.2076,1.2991,0.5774,0.5484,0.5382,1.1602,1.0255,1.1167,1.2622,0.1073,0.1090,0.1091,0.6325,0.6516,0.6563,0.0804,0.0788,0.0789,1.1641,1.1484,1.1408,0.6267,0.6218,0.6173,0.0796,0.0817,0.0809,0.1489,0.1488,0.1375,1.3436,1.3532,1.3655,0.0824,0.0869,0.0813,0.4602,0.6143,0.6401,0.6880,0.6912,0.7008,0.1316,0.1755,0.2012,1.3899,1.4400,1.4666,0.7625,0.8507,0.8674,0.8250,0.8216,0.7261,0.7702,0.7591
40:59:10,28.0,1.1243,1.1545,1.4255,1.4051,1.2011,1.2064,1.2783,0.5868,0.5570,0.5466,1.1699,1.0359,1.1281,1.2762,0.1073,0.1088,0.1088,0.6326,0.6497,0.6420,0.0801,0.0785,0.0790,1.1606,1.1463,1.1425,0.6285,0.6243,0.6210,0.0795,0.0801,0.0791,0.1496,0.1593,0.1386,1.3625,1.3656,1.3452,0.0823,0.0869,0.0812,0.4873,0.6461,0.6734,0.6893,0.6932,0.7032,0.1325,0.1753,0.2063,1.3984,1.4480,1.4763,0.7689,0.8603,0.8801,0.8427,0.8335,0.7238,0.7765,0.7674
41:29:10,28.1,1.1341,1.1639,1.4365,1.4144,1.1955,1.2005,1.2410,0.5971,0.5661,0.5574,1.1802,1.0429,1.1377,1.2857,0.1074,0.1083,0.1089,0.6326,0.6451,0.6325,0.0808,0.0802,0.0786,1.1545,1.1447,1.1401,0.6293,0.6249,0.6217,0.0795,0.0814,0.0807,0.1504,0.1702,0.1398,1.3683,1.3505,1.3370,0.0823,0.0869,0.0812,0.5183,0.6838,0.6985,0.6878,0.6917,0.7009,0.1340,0.1760,0.2052,1.4126,1.4629,1.4903,0.7851,0.8772,0.9050,0.8529,0.8700,0.7208,0.7647,0.7651
41:59:10,28.0,1.1425,1.1753,1.4449,1.4236,1.1886,1.1954,1.2215,0.6040,0.5729,0.5648,1.1854,1.0508,1.1457,1.2993,0.1074,0.1086,0.1091,0.6256,0.6346,0.6253,0.0805,0.0786,0.0794,1.1441,1.1405,1.1326,0.6252,0.6206,0.6175,0.0801,0.0816,0.0808,0.1491,0.1856,0.1407,1.3543,1.3415,1.3273,0.0822,0.0872,0.0812,0.5474,0.7116,0.6875,0.6842,0.6874,0.6971,0.1363,0.1782,0.2073,1.4226,1.4734,1.5059,0.7802,0.8744,0.9029,0.8576,0.8637,0.7313,0.7679,0.7657
42:29:10,28.1,1.1494,1.1831,1.4552,1.4330,1.1861,1.1901,1.2072,0.6126,0.5808,0.5734,1.1976,1.0581,1.1556,1.3118,0.1074,0.1089,0.1089,0.6197,0.6237,0.6219,0.0804,0.0786,0.0784,1.1305,1.1308,1.1216,0.6259,0.6211,0.6187,0.0791,0.0815,0.0808,0.1509,0.2022,0.1379,1.3428,1.3358,1.3121,0.0824,0.0870,0.0812,0.5660,0.7619,0.6571,0.6837,0.6860,0.6966,0.1377,0.1783,0.2142,1.4351,1.4833,1.5170,0.7806,0.8688,0.9091,0.8640,0.8675,0.7314,0.7658,0.7624
42:59:10,28.1,1.1582,1.1927,1.4668,1.4419,1.1806,1.1854,1.1969,0.6199,0.5874,0.5800,1.2081,1.0653,1.1653,1.3224,0.1072,0.1087,0.1088,0.6084,0.6136,0.6152,0.0805,0.0792,0.0790,1.1168,1.1162,1.1110,0.6246,0.6196,0.6182,0.0791,0.0812,0.0799,0.1514,0.2177,0.1324,1.3318,1.3277,1.2900,0.0821,0.0869,0.0813,0.5672,0.6951,0.6436,0.6818,0.6844,0.6949,0.1398,0.1773,0.2172,1.4609,1.5001,1.5369,0.7865,0.8612,0.9064,0.8739,0.8635,0.7278,0.7740,0.7693
43:29:10,28.1,1.1653,1.2005,1.4777,1.4513,1.1744,1.1796,1.1883,0.6269,0.5934,0.5866,1.2143,1.0712,1.1724,1.3366,0.1074,0.1088,0.1089,0.6060,0.6140,0.6153,0.0808,0.0789,0.0787,1.1047,1.1042,1.1025,0.6240,0.6189,0.6176,0.0793,0.0803,0.0789,0.1527,0.2350,0.1285,1.3224,1.3164,1.2733,0.0823,0.0871,0.0815,0.5675,0.6707,0.6510,0.6799,0.6817,0.6913,0.1424,0.1795,0.2201,1.4688,1.5248,1.5497,0.7751,0.8631,0.9073,0.8710,0.8628,0.7315,0.7766,0.7694
43:59:10,28.0,1.1735,1.2120,1.4858,1.4628,1.1734,1.1769,1.1841,0.6376,0.6036,0.5974,1.2217,1.0784,1.1795,1.3490,0.1074,0.1087,0.1086,0.6090,0.6162,0.6192,0.0803,0.0786,0.0792,1.0954,1.0977,1.0949,0.6308,0.6267,0.6244,0.0792,0.0813,0.0799,0.1551,0.2532,0.1254,1.3084,1.2993,1.2628,0.0823,0.0873,0.0813,0.5704,0.6645,0.6587,0.6840,0.6860,0.6966,0.1449,0.1806,0.2221,1.4800,1.5309,1.5630,0.7766,0.8587,0.9108,0.8752,0.8654,0.7278,0.7745,0.7707
44:29:10,28.1,1.1810,1.2189,1.4975,1.4745,1.1669,1.1677,1.1746,0.6416,0.6069,0.6017,1.2282,1.0848,1.1884,1.3652,0.1075,0.1084,0.1086,0.5998,0.6074,0.6105,0.0807,0.0791,0.0787,1.0826,1.0887,1.0883,0.6224,0.6173,0.6155,0.0801,0.0816,0.0804,0.1552,0.2719,0.1225,1.2844,1.2782,1.2540,0.0822,0.0871,0.0814,0.5840,0.6734,0.6657,0.6755,0.6774,0.6868,0.1478,0.1811,0.2254,1.4972,1.5261,1.5824,0.7725,0.8529,0.9052,0.8729,0.8664,0.7264,0.7714,0.7699
44:59:10,28.0,1.1891,1.2295,1.5050,1.4841,1.1630,1.1646,1.1700,0.6489,0.6144,0.6096,1.2371,1.0902,1.1970,1.3791,0.1075,0.1082,0.1089,0.6002,0.6083,0.6123,0.0803,0.0786,0.0787,1.0716,1.0828,1.0808,0.6265,0.6207,0.6197,0.0795,0.0813,0.0800,0.1566,0.2859,0.1265,1.2701,1.2649,1.2479,0.0824,0.0870,0.0814,0.5907,0.6821,0.6769,0.6766,0.6784,0.6883,0.1505,0.1864,0.2278,1.5093,1.5232,1.5843,0.7744,0.8527,0.9120,0.8779,0.8674,0.7250,0.7711,0.7693
45:29:10,28.1,1.1977,1.2353,1.5149,1.4950,1.1594,1.1601,1.1643,0.6554,0.6202,0.6163,1.2460,1.0950,1.2059,1.3923,0.1074,0.1082,0.1084,0.5972,0.6054,0.6109,0.0803,0.0797,0.0782,1.0592,1.0759,1.0723,0.6269,0.6216,0.6207,0.0793,0.0811,0.0799,0.1581,0.3011,0.1325,1.2589,1.2537,1.2427,0.0822,0.0871,0.0815,0.5990,0.6918,0.6886,0.6756,0.6777,0.6875,0.1526,0.1860,0.2312,1.5355,1.5227,1.5839,0.7704,0.8557,0.9164,0.8810,0.8762,0.7212,0.7675,0.7620
45:59:10,28.1,1.2057,1.2426,1.5247,1.5062,1.1541,1.1554,1.1580,0.6652,0.6287,0.6257,1.2529,1.1017,1.2138,1.4068,0.1077,0.1090,0.1084,0.5994,0.6081,0.6133,0.0817,0.0787,0.0787,1.0470,1.0686,1.0665,0.6299,0.6249,0.6238,0.0799,0.0815,0.0791,0.1598,0.3220,0.1377,1.2488,1.2464,1.2365,0.0823,0.0868,0.0815,0.6065,0.6979,0.6940,0.6742,0.6767,0.6865,0.1570,0.1893,0.2398,1.5462,1.5246,1.5864,0.7692,0.8510,0.9145,0.8725,0.8717,0.7200,0.7643,0.7659
46:29:10,28.0,1.2129,1.2513,1.5358,1.5146,1.1536,1.1503,1.1536,0.6688,0.6329,0.6296,1.2591,1.1068,1.2223,1.4237,0.1076,0.1084,0.1087,0.5968,0.6052,0.6106,0.0814,0.0788,0.0786,1.0357,1.0638,1.0585,0.6275,0.6215,0.6210,0.0796,0.0818,0.0805,0.1597,0.3520,0.1461,1.2447,1.2415,1.2333,0.0822,0.0869,0.0816,0.6150,0.7065,0.7024,0.6714,0.6759,0.6848,0.1594,0.1906,0.2472,1.5498,1.5364,1.5963,0.7702,0.8513,0.9149,0.8823,0.8672,0.7117,0.7681,0.7691
46:59:10,28.1,1.2208,1.2601,1.5459,1.5306,1.1494,1.1468,1.1487,0.6754,0.6384,0.6352,1.2676,1.1098,1.2316,1.4390,0.1075,0.1087,0.1086,0.5938,0.6019,0.6077,0.0803,0.0786,0.0788,1.0274,1.0572,1.0507,0.6275,0.6221,0.6227,0.0799,0.0812,0.0799,0.1604,0.3638,0.1583,1.2386,1.2344,1.2281,0.0822,0.0868,0.0816,0.6244,0.7121,0.7096,0.6709,0.6743,0.6829,0.1642,0.1923,0.2561,1.5448,1.5347,1.5904,0.7736,0.8604,0.9234,0.8822,0.8754,0.7149,0.7641,0.7665
47:29:10,28.1,1.2306,1.2678,1.5592,1.5447,1.1482,1.1430,1.1450,0.6859,0.6470,0.6439,1.2734,1.1165,1.2405,1.4563,0.1075,0.1085,0.1085,0.5983,0.6063,0.6122,0.0804,0.0788,0.0785,1.0192,1.0475,1.0431,0.6326,0.6272,0.6299,0.0790,0.0812,0.0803,0.1602,0.3818,0.1750,1.2346,1.2315,1.2263,0.0822,0.0869,0.0815,0.6343,0.7245,0.7198,0.6733,0.6768,0.6867,0.1676,0.1934,0.2675,1.5484,1.5508,1.5970,0.7638,0.8504,0.9154,0.8743,0.8641,0.7075,0.7570,0.7614
47:59:10,28.1,1.2373,1.2748,1.5701,1.5553,1.1440,1.1384,1.1398,0.6915,0.6530,0.6496,1.2835,1.1220,1.2487,1.4725,0.1074,0.1084,0.1083,0.5959,0.6043,0.6089,0.0804,0.0793,0.0787,1.0108,1.0400,1.0360,0.6309,0.6254,0.6270,0.0792,0.0806,0.0808,0.1610,0.4052,0.1924,1.2300,1.2253,1.2222,0.0823,0.0869,0.0814,0.6454,0.7242,0.7199,0.6697,0.6728,0.6823,0.1730,0.1988,0.2846,1.5564,1.5568,1.6069,0.7663,0.8483,0.9120,0.8838,0.8605,0.6995,0.7543,0.7683
48:29:10,28.1,1.2476,1.2850,1.5850,1.5712,1.1388,1.1303,1.1325,0.6932,0.6547,0.6517,1.2922,1.1267,1.2576,1.4941,0.1076,0.1087,0.1083,0.5922,0.6002,0.6035,0.0805,0.0786,0.0786,1.0021,1.0331,1.0306,0.6263,0.6206,0.6223,0.0793,0.0811,0.0793,0.1617,0.4372,0.2075,1.2245,1.2201,1.2158,0.0822,0.0870,0.0817,0.6545,0.7211,0.7154,0.6630,0.6661,0.6756,0.1782,0.2074,0.3096,1.5594,1.5624,1.6090,0.7640,0.8464,0.9098,0.8738,0.8584,0.6956,0.7485,0.7661
48:59:10,28.1,1.2566,1.2936,1.5954,1.5862,1.1376,1.1285,1.1288,0.7031,0.6636,0.6604,1.2987,1.1313,1.2673,1.5122,0.1079,0.1084,0.1082,0.5937,0.6016,0.6046,0.0802,0.0785,0.0786,0.9933,1.0265,1.0249,0.6323,0.6263,0.6288,0.0797,0.0802,0.0791,0.1609,0.4701,0.2219,1.2229,1.2168,1.2126,0.0822,0.0871,0.0814,0.6646,0.7313,0.7258,0.6666,0.6705,0.6797,0.1841,0.2129,0.3281,1.5657,1.5715,1.6221,0.7630,0.8444,0.9094,0.8725,0.8552,0.6913,0.7428,0.7636
49:29:10,28.1,1.2662,1.3021,1.6094,1.6037,1.1357,1.1261,1.1238,0.7110,0.6711,0.6684,1.3065,1.1372,1.2772,1.5352,0.1080,0.1083,0.1083,0.5956,0.6031,0.6058,0.0810,0.0788,0.0786,0.9876,1.0209,1.0190,0.6358,0.6309,0.6319,0.0793,0.0801,0.0789,0.1647,0.5046,0.2379,1.2184,1.2141,1.2074,0.0823,0.0869,0.0815,0.6734,0.7343,0.7271,0.6670,0.6711,0.6808,0.1888,0.2223,0.3459,1.5704,1.5776,1.6311,0.7648,0.8467,0.9093,0.8682,0.8560,0.6890,0.7378,0.7562
49:59:10,28.1,1.2736,1.3097,1.6230,1.6183,1.1295,1.1186,1.1186,0.7152,0.6745,0.6715,1.3161,1.1416,1.2888,1.5585,0.1075,0.1083,0.1086,0.5883,0.5955,0.5982,0.0806,0.0785,0.0782,0.9804,1.0145,1.0132,0.6309,0.6246,0.6276,0.0799,0.0816,0.0802,0.1652,0.5375,0.2512,1.2125,1.2095,1.2001,0.0822,0.0871,0.0817,0.6808,0.7274,0.7208,0.6609,0.6640,0.6734,0.1980,0.2370,0.3727,1.5814,1.6074,1.6388,0.7621,0.8443,0.9107,0.8662,0.8539,0.6873,0.7368,0.7615
50:29:10,28.1,1.2809,1.3177,1.6324,1.6341,1.1285,1.1181,1.1150,0.7238,0.6834,0.6801,1.3223,1.1458,1.2971,1.5808,0.1076,0.1084,0.1084,0.5952,0.6022,0.6056,0.0810,0.0785,0.0786,0.9739,1.0091,1.0082,0.6386,0.6327,0.6352,0.0794,0.0814,0.0794,0.1686,0.5628,0.2658,1.2106,1.2068,1.1983,0.0824,0.0875,0.0816,0.6904,0.7335,0.7277,0.6650,0.6686,0.6779,0.2035,0.2545,0.3983,1.5888,1.6108,1.6459,0.7580,0.8385,0.9036,0.8672,0.8476,0.6824,0.7298,0.7565
50:59:10,28.1,1.2920,1.3278,1.6503,1.6534,1.1243,1.1109,1.1081,0.7293,0.6887,0.6852,1.3330,1.1491,1.3096,1.6065,0.1076,0.1083,0.1085,0.5873,0.5944,0.5983,0.0807,0.0786,0.0783,0.9678,1.0038,1.0030,0.6340,0.6275,0.6314,0.0792,0.0816,0.0798,0.1704,0.5898,0.2793,1.2058,1.2016,1.1923,0.0824,0.0873,0.0817,0.6962,0.7281,0.7236,0.6594,0.6622,0.6714,0.2146,0.2657,0.4163,1.6002,1.6104,1.6436,0.7578,0.8375,0.9042,0.8609,0.8462,0.6826,0.7266,0.7517
51:29:10,28.1,1.3034,1.3375,1.6677,1.6692,1.1248,1.1113,1.1048,0.7399,0.6992,0.6961,1.3421,1.1559,1.3201,1.6278,0.1074,0.1082,0.1083,0.5949,0.6027,0.6068,0.0804,0.0784,0.0792,0.9624,0.9997,0.9988,0.6431,0.6367,0.6397,0.0802,0.0814,0.0802,0.1707,0.6202,0.2980,1.2045,1.2000,1.1924,0.0825,0.0870,0.0817,0.7072,0.7381,0.7332,0.6642,0.6676,0.6775,0.2582,0.2945,0.4378,1.6130,1.6146,1.6443,0.7587,0.8385,0.9063,0.8594,0.8500,0.6749,0.7217,0.7481
51:59:10,28.0,1.3148,1.3454,1.6805,1.6866,1.1244,1.1079,1.1004,0.7469,0.7071,0.7040,1.3523,1.1600,1.3330,1.6553,0.1072,0.1079,0.1090,0.5905,0.5983,0.6033,0.0803,0.0796,0.0791,0.9562,0.9953,0.9938,0.6430,0.6364,0.6400,0.0795,0.0813,0.0806,0.1698,0.6456,0.3262,1.2004,1.1952,1.1892,0.0824,0.0871,0.0817,0.7127,0.7417,0.7356,0.6637,0.6667,0.6772,0.2735,0.3207,0.4635,1.6184,1.6216,1.6501,0.7563,0.8322,0.9044,0.8570,0.8472,0.6798,0.7184,0.7452
52:29:10,28.1,1.3235,1.3542,1.6973,1.7040,1.1176,1.1012,1.0938,0.7473,0.7079,0.7048,1.3653,1.1640,1.3448,1.6797,0.1072,0.1083,0.1083,0.5875,0.5951,0.5987,0.0803,0.0786,0.0788,0.9492,0.9892,0.9885,0.6378,0.6308,0.6339,0.0795,0.0813,0.0806,0.1694,0.6687,0.3156,1.1949,1.1901,1.1834,0.0827,0.0872,0.0815,0.7187,0.7306,0.7244,0.6561,0.6604,0.6693,0.2911,0.3504,0.4897,1.6185,1.6258,1.6535,0.7530,0.8348,0.9034,0.8541,0.8470,0.6727,0.7173,0.7412
52:59:10,28.1,1.3326,1.3629,1.7118,1.7179,1.1123,1.0964,1.0899,0.7531,0.7143,0.7125,1.3749,1.1688,1.3571,1.7063,0.1071,0.1081,0.1083,0.5855,0.5935,0.5969,0.0804,0.0786,0.0795,0.9450,0.9834,0.9836,0.6382,0.6308,0.6348,0.0791,0.0812,0.0795,0.1689,0.6918,0.3059,1.1917,1.1868,1.1777,0.0822,0.0871,0.0819,0.7216,0.7289,0.7224,0.6549,0.6577,0.6675,0.3082,0.3741,0.5139,1.6189,1.6312,1.6576,0.7514,0.8294,0.9030,0.8532,0.8453,0.6712,0.7135,0.7426
53:29:10,28.0,1.3424,1.3713,1.7327,1.7318,1.1150,1.0968,1.0870,0.7584,0.7222,0.7182,1.3850,1.1746,1.3701,1.7273,0.1067,0.1080,0.1080,0.5862,0.5943,0.5988,0.0804,0.0790,0.0783,0.9405,0.9802,0.9794,0.6425,0.6362,0.6406,0.0795,0.0813,0.0802,0.1701,0.7138,0.3241,1.1902,1.1830,1.1779,0.0823,0.0871,0.0827,0.7269,0.7398,0.7351,0.6569,0.6602,0.6721,0.3266,0.3907,0.5446,1.6248,1.6377,1.6625,0.7483,0.8268,0.9001,0.8537,0.8406,0.6673,0.7084,0.7362
53:59:10,28.1,1.3518,1.3830,1.7490,1.7455,1.1096,1.0913,1.0818,0.7621,0.7259,0.7223,1.3970,1.1777,1.3823,1.7479,0.1069,0.1080,0.1082,0.5865,0.5942,0.5976,0.0804,0.0797,0.0780,0.9360,0.9747,0.9745,0.6420,0.6356,0.6384,0.0791,0.0808,0.0806,0.1711,0.7305,0.3340,1.1847,1.1788,1.1723,0.0825,0.0875,0.0829,0.7284,0.7344,0.7273,0.6543,0.6573,0.6680,0.3469,0.4146,0.5727,1.6290,1.6396,1.6646,0.7480,0.8282,0.9000,0.8507,0.8443,0.6675,0.7078,0.7351
54:29:10,28.0,1.3628,1.3936,1.7614,1.7596,1.1062,1.0894,1.0779,0.7679,0.7327,0.7291,1.4077,1.1831,1.3972,1.7671,0.1069,0.1079,0.1082,0.5856,0.5941,0.5983,0.0813,0.0787,0.0785,0.9294,0.9701,0.9706,0.6461,0.6400,0.6438,0.0800,0.0814,0.0799,0.1727,0.7403,0.3680,1.1811,1.1761,1.1672,0.0824,0.0872,0.0831,0.7317,0.7381,0.7337,0.6567,0.6598,0.6706,0.3580,0.4464,0.5871,1.6345,1.6435,1.6681,0.7487,0.8268,0.8992,0.8466,0.8410,0.6603,0.7031,0.7327
54:59:10,28.1,1.3719,1.4015,1.7782,1.7714,1.1072,1.0878,1.0741,0.7731,0.7384,0.7345,1.4194,1.1886,1.4115,1.7836,0.1069,0.1079,0.1083,0.5852,0.5932,0.5977,0.0810,0.0791,0.0791,0.9264,0.9662,0.9656,0.6465,0.6410,0.6438,0.0794,0.0802,0.0788,0.1733,0.7639,0.4081,1.1783,1.1724,1.1659,0.0823,0.0871,0.0833,0.7401,0.7398,0.7339,0.6559,0.6588,0.6696,0.3930,0.4727,0.5834,1.6386,1.6453,1.6693,0.7426,0.8234,0.8958,0.8456,0.8377,0.6567,0.6989,0.7268
55:29:10,28.1,1.3837,1.4132,1.7916,1.7840,1.0980,1.0828,1.0689,0.7724,0.7388,0.7347,1.4348,1.1931,1.4270,1.8049,0.1069,0.1082,0.1082,0.5837,0.5918,0.5954,0.0804,0.0791,0.0785,0.9204,0.9602,0.9617,0.6454,0.6387,0.6425,0.0798,0.0814,0.0797,0.1737,0.7804,0.4487,1.1745,1.1673,1.1619,0.0826,0.0872,0.0835,0.7404,0.7334,0.7277,0.6516,0.6555,0.6658,0.4453,0.5060,0.5907,1.6397,1.6440,1.6688,0.7435,0.8223,0.8968,0.8433,0.8404,0.6558,0.6985,0.7284
55:59:10,28.1,1.3943,1.4212,1.8032,1.7905,1.0972,1.0777,1.0652,0.7748,0.7408,0.7372,1.4434,1.1999,1.4384,1.8213,0.1068,0.1081,0.1082,0.5852,0.5930,0.5963,0.0803,0.0787,0.0790,0.9171,0.9547,0.9566,0.6457,0.6392,0.6424,0.0802,0.0815,0.0800,0.1756,0.7933,0.4916,1.1713,1.1658,1.1586,0.0824,0.0870,0.0834,0.7435,0.7299,0.7218,0.6492,0.6522,0.6623,0.4623,0.5382,0.5999,1.6408,1.6424,1.6677,0.7389,0.8184,0.8931,0.8389,0.8351,0.6550,0.6924,0.7250
56:29:10,28.1,1.4062,1.4334,1.8205,1.8034,1.0967,1.0768,1.0618,0.7783,0.7466,0.7416,1.4571,1.2056,1.4542,1.8290,0.1069,0.1080,0.1080,0.5837,0.5913,0.5956,0.0806,0.0784,0.0783,0.9122,0.9525,0.9527,0.6485,0.6420,0.6460,0.0790,0.0811,0.0797,0.1758,0.8075,0.5316,1.1698,1.1648,1.1570,0.0825,0.0870,0.0836,0.7485,0.7390,0.7319,0.6510,0.6541,0.6652,0.5258,0.5287,0.6133,1.6439,1.6439,1.6688,0.7403,0.8186,0.8926,0.8378,0.8356,0.6496,0.6906,0.7259
56:59:10,28.1,1.4179,1.4423,1.8318,1.8122,1.0945,1.0754,1.0584,0.7842,0.7527,0.7475,1.4712,1.2097,1.4690,1.8376,0.1067,0.1080,0.1081,0.5883,0.5966,0.5999,0.0810,0.0786,0.0784,0.9078,0.9484,0.9488,0.6528,0.6466,0.6494,0.0795,0.0808,0.0793,0.1781,0.8236,0.5634,1.1665,1.1611,1.1536,0.0823,0.0869,0.0835,0.7541,0.7397,0.7326,0.6524,0.6559,0.6668,0.5601,0.5391,0.6266,1.6442,1.6426,1.6672,0.7387,0.8175,0.8914,0.8365,0.8379,0.6476,0.6863,0.7227
57:29:10,28.0,1.4278,1.4515,1.8420,1.8224,1.0901,1.0719,1.0541,0.7831,0.7518,0.7468,1.4841,1.2143,1.4831,1.8524,0.1065,0.1078,0.1080,0.5854,0.5932,0.5972,0.0804,0.0791,0.0787,0.9020,0.9438,0.9442,0.6508,0.6445,0.6484,0.0805,0.0810,0.0801,0.1785,0.8407,0.5949,1.1634,1.1585,1.1505,0.0827,0.0871,0.0836,0.7559,0.7326,0.7271,0.6493,0.6522,0.6636,0.6043,0.5469,0.6410,1.6430,1.6377,1.6641,0.7383,0.8160,0.8892,0.8352,0.8356,0.6468,0.6865,0.7194
57:59:10,28.0,1.4412,1.4640,1.8528,1.8333,1.0863,1.0668,1.0502,0.7856,0.7540,0.7499,1.4955,1.2186,1.4995,1.8646,0.1062,0.1079,0.1081,0.5876,0.5948,0.5987,0.0824,0.0787,0.0788,0.8990,0.9379,0.9401,0.6531,0.6466,0.6495,0.0803,0.0815,0.0798,0.1793,0.8582,0.6298,1.1600,1.1561,1.1463,0.0824,0.0870,0.0836,0.7555,0.7303,0.7226,0.6490,0.6516,0.6621,0.6358,0.5560,0.6543,1.6398,1.6333,1.6605,0.7353,0.8112,0.8878,0.8319,0.8313,0.6449,0.6829,0.7162
58:29:10,28.1,1.4513,1.4722,1.8589,1.8379,1.0842,1.0666,1.0472,0.7907,0.7606,0.7560,1.5115,1.2234,1.5165,1.8687,0.1062,0.1078,0.1081,0.5863,0.5938,0.5988,0.0811,0.0789,0.0785,0.8950,0.9357,0.9365,0.6569,0.6510,0.6551,0.0803,0.0814,0.0807,0.1802,0.8689,0.6457,1.1583,1.1543,1.1460,0.0824,0.0871,0.0835,0.7597,0.7412,0.7337,0.6520,0.6552,0.6670,0.6478,0.5691,0.6671,1.6410,1.6297,1.6583,0.7333,0.8111,0.8872,0.8292,0.8314,0.6362,0.6806,0.7133
58:59:10,28.1,1.4623,1.4827,1.8669,1.8435,1.0782,1.0633,1.0424,0.7873,0.7588,0.7535,1.5219,1.2289,1.5308,1.8707,0.1060,0.1078,0.1080,0.5802,0.5877,0.5920,0.0823,0.0788,0.0785,0.8910,0.9294,0.9326,0.6519,0.6456,0.6508,0.0801,0.0815,0.0793,0.1805,0.8807,0.6798,1.1523,1.1486,1.1408,0.0825,0.0870,0.0836,0.7608,0.7381,0.7295,0.6473,0.6501,0.6620,0.6401,0.5866,0.6759,1.6363,1.6221,1.6521,0.7353,0.8127,0.8870,0.8284,0.8329,0.6378,0.6795,0.7132
59:29:10,28.1,1.4710,1.4935,1.8745,1.8503,1.0823,1.0655,1.0417,0.7981,0.7692,0.7650,1.5355,1.2341,1.5488,1.8722,0.1061,0.1079,0.1080,0.5879,0.5956,0.6004,0.0809,0.0788,0.0787,0.8873,0.9268,0.9277,0.6615,0.6552,0.6592,0.0803,0.0813,0.0793,0.1815,0.9038,0.7004,1.1529,1.1474,1.1408,0.0824,0.0870,0.0838,0.7707,0.7473,0.7393,0.6541,0.6565,0.6682,0.6590,0.6064,0.6890,1.6327,1.6180,1.6467,0.7349,0.8133,0.8872,0.8301,0.8332,0.6363,0.6776,0.7099
59:59:10,28.1,1.4844,1.5021,1.8776,1.8572,1.0750,1.0568,1.0354,0.7889,0.7605,0.7563,1.5505,1.2384,1.5670,1.8821,0.1064,0.1076,0.1082,0.5796,0.5870,0.5912,0.0805,0.0785,0.0785,0.8811,0.9227,0.9229,0.6539,0.6470,0.6512,0.0795,0.0812,0.0793,0.1811,0.9159,0.7361,1.1475,1.1426,1.1341,0.0824,0.0871,0.0836,0.7665,0.7294,0.7222,0.6439,0.6468,0.6574,0.6751,0.6226,0.6891,1.6216,1.6065,1.6351,0.7348,0.8144,0.8890,0.8280,0.8324,0.6368,0.6741,0.7101
60:29:10,28.1,1.4944,1.5112,1.8909,1.8609,1.0656,1.0532,1.0313,0.7859,0.7587,0.7549,1.5625,1.2446,1.5810,1.8904,0.1062,0.1076,0.1079,0.5798,0.5872,0.5910,0.0804,0.0788,0.0790,0.8782,0.9173,0.9198,0.6529,0.6464,0.6500,0.0797,0.0809,0.0808,0.1818,0.9195,0.7585,1.1441,1.1392,1.1316,0.0824,0.0871,0.0836,0.7624,0.7245,0.7154,0.6404,0.6433,0.6538,0.6785,0.6374,0.6888,1.6114,1.5977,1.6261,0.7328,0.8071,0.8860,0.8251,0.8305,0.6315,0.6719,0.7077
60:59:10,28.0,1.5069,1.5229,1.8903,1.8625,1.0662,1.0529,1.0275,0.7936,0.7675,0.7624,1.5760,1.2498,1.5996,1.8946,0.1062,0.1076,0.1078,0.5829,0.5909,0.5952,0.0809,0.0787,0.0783,0.8735,0.9142,0.9162,0.6593,0.6529,0.6558,0.0805,0.0815,0.0803,0.1830,0.9390,0.7657,1.1422,1.1382,1.1303,0.0824,0.0868,0.0837,0.7724,0.7385,0.7312,0.6455,0.6488,0.6596,0.6816,0.6572,0.7000,1.6062,1.5923,1.6193,0.7329,0.8129,0.8894,0.8235,0.8323,0.6268,0.6708,0.7060
61:29:10,28.1,1.5158,1.5336,1.8950,1.8662,1.0658,1.0523,1.0261,0.7949,0.7697,0.7644,1.5907,1.2565,1.6177,1.9020,0.1063,0.1076,0.1083,0.5807,0.5882,0.5932,0.0806,0.0787,0.0784,0.8707,0.9106,0.9115,0.6581,0.6519,0.6555,0.0795,0.0804,0.0807,0.1829,0.9539,0.7798,1.1399,1.1349,1.1284,0.0824,0.0871,0.0838,0.7784,0.7366,0.7297,0.6437,0.6467,0.6578,0.6874,0.6749,0.7065,1.5979,1.5846,1.6099,0.7310,0.8130,0.8900,0.8250,0.8355,0.6235,0.6673,0.7039
61:59:10,28.1,1.5247,1.5392,1.8942,1.8715,1.0634,1.0520,1.0235,0.7998,0.7750,0.7689,1.6052,1.2601,1.6357,1.9087,0.1062,0.1074,0.1080,0.5825,0.5903,0.5952,0.0813,0.0791,0.0784,0.8657,0.9074,0.9089,0.6611,0.6550,0.6590,0.0803,0.0817,0.0795,0.1837,0.9733,0.7894,1.1381,1.1329,1.1273,0.0825,0.0869,0.0837,0.7788,0.7433,0.7352,0.6461,0.6490,0.6607,0.6945,0.6865,0.7120,1.5899,1.5787,1.6021,0.7316,0.8134,0.8873,0.8247,0.8335,0.6235,0.6677,0.7027
62:29:10,28.0,1.5372,1.5525,1.8994,1.8745,1.0610,1.0498,1.0207,0.8016,0.7774,0.7717,1.6178,1.2655,1.6525,1.9140,0.1062,0.1075,0.1078,0.5832,0.5912,0.5955,0.0805,0.0792,0.0789,0.8622,0.9031,0.9048,0.6631,0.6577,0.6605,0.0792,0.0811,0.0790,0.1872,0.9871,0.8179,1.1362,1.1304,1.1248,0.0825,0.0870,0.0837,0.7810,0.7414,0.7328,0.6460,0.6485,0.6603,0.6995,0.6977,0.7151,1.5815,1.5726,1.5961,0.7318,0.8111,0.8873,0.8248,0.8329,0.6208,0.6630,0.7034
62:59:10,28.1,1.5461,1.5605,1.9082,1.8821,1.0535,1.0458,1.0172,0.7975,0.7740,0.7692,1.6335,1.2732,1.6706,1.9176,0.1066,0.1076,0.1082,0.5803,0.5879,0.5924,0.0812,0.0786,0.0783,0.8573,0.8983,0.9010,0.6601,0.6554,0.6591,0.0807,0.0815,0.0802,0.1875,0.9997,0.8408,1.1328,1.1272,1.1206,0.0824,0.0870,0.0839,0.7786,0.7359,0.7264,0.6409,0.6446,0.6563,0.6972,0.7061,0.7150,1.5734,1.5651,1.5893,0.7326,0.8117,0.8878,0.8236,0.8368,0.6184,0.6642,0.6992
63:29:10,28.0,1.5561,1.5714,1.9118,1.8898,1.0525,1.0425,1.0135,0.7993,0.7761,0.7710,1.6481,1.2801,1.6861,1.9230,0.1068,0.1073,0.1078,0.5798,0.5875,0.5912,0.0804,0.0786,0.0792,0.8538,0.8949,0.8962,0.6620,0.6561,0.6591,0.0806,0.0814,0.0804,0.1889,1.0097,0.8581,1.1289,1.1246,1.1185,0.0825,0.0870,0.0838,0.7816,0.7368,0.7254,0.6404,0.6437,0.6554,0.7006,0.7152,0.7186,1.5670,1.5604,1.5832,0.7268,0.8067,0.8836,0.8200,0.8316,0.6135,0.6560,0.7005
63:59:10,28.1,1.5673,1.5817,1.9148,1.8900,1.0470,1.0410,1.0113,0.8027,0.7799,0.7746,1.6639,1.2845,1.7028,1.9235,0.1070,0.1077,0.1077,0.5781,0.5860,0.5902,0.0811,0.0786,0.0785,0.8518,0.8911,0.8928,0.6639,0.6591,0.6628,0.0799,0.0813,0.0793,0.1892,1.0267,0.8801,1.1273,1.1216,1.1152,0.0825,0.0870,0.0839,0.7783,0.7368,0.7284,0.6418,0.6447,0.6567,0.6989,0.7190,0.7205,1.5622,1.5565,1.5802,0.7267,0.8067,0.8807,0.8195,0.8338,0.6120,0.6570,0.6990
64:29:10,28.1,1.5747,1.5923,1.9206,1.8957,1.0439,1.0387,1.0073,0.7991,0.7788,0.7737,1.6800,1.2885,1.7190,1.9272,0.1065,0.1072,0.1076,0.5758,0.5838,0.5877,0.0804,0.0786,0.0783,0.8481,0.8859,0.8887,0.6631,0.6579,0.6607,0.0804,0.0814,0.0805,0.1888,1.0394,0.9014,1.1240,1.1191,1.1112,0.0826,0.0870,0.0840,0.7804,0.7324,0.7227,0.6383,0.6412,0.6534,0.7060,0.7253,0.7216,1.5562,1.5503,1.5745,0.7294,0.8077,0.8800,0.8213,0.8348,0.6133,0.6578,0.6989
64:59:10,28.0,1.5843,1.5974,1.9229,1.8990,1.0437,1.0400,1.0060,0.8009,0.7867,0.7807,1.6932,1.2947,1.7320,1.9324,0.1065,0.1073,0.1075,0.5776,0.5858,0.5901,0.0804,0.0787,0.0786,0.8441,0.8834,0.8859,0.6682,0.6629,0.6664,0.0798,0.0810,0.0789,0.1897,1.0558,0.9231,1.1228,1.1183,1.1121,0.0825,0.0868,0.0839,0.7854,0.7398,0.7314,0.6417,0.6447,0.6568,0.7058,0.7322,0.7260,1.5526,1.5475,1.5712,0.7266,0.8062,0.8710,0.8192,0.8333,0.6078,0.6532,0.6968
65:29:10,28.1,1.5940,1.6077,1.9292,1.9053,1.0371,1.0350,1.0026,0.7932,0.7825,0.7767,1.7101,1.2985,1.7480,1.9358,0.1066,0.1072,0.1077,0.5791,0.5864,0.5906,0.0817,0.0787,0.0781,0.8410,0.8790,0.8816,0.6678,0.6620,0.6648,0.0799,0.0814,0.0797,0.1912,1.0750,0.9229,1.1205,1.1147,1.1076,0.0824,0.0871,0.0840,0.7843,0.7325,0.7223,0.6375,0.6403,0.6520,0.7065,0.7358,0.7251,1.5479,1.5425,1.5667,0.7288,0.8090,0.8730,0.8200,0.8182,0.6075,0.6530,0.6967
65:59:10,28.1,1.6016,1.6159,1.9324,1.9090,1.0323,1.0340,1.0006,0.7958,0.7887,0.7834,1.7212,1.3044,1.7605,1.9376,0.1061,0.1072,0.1079,0.5792,0.5873,0.5919,0.0808,0.0789,0.0788,0.8373,0.8752,0.8776,0.6715,0.6656,0.6686,0.0803,0.0812,0.0793,0.1905,1.0834,0.9508,1.1187,1.1133,1.1063,0.0824,0.0870,0.0840,0.7791,0.7328,0.7248,0.6401,0.6423,0.6540,0.7045,0.7360,0.7238,1.5439,1.5391,1.5640,0.7286,0.8091,0.8720,0.8196,0.8144,0.6052,0.6525,0.6966
66:29:10,28.0,1.6083,1.6223,1.9344,1.9126,1.0264,1.0293,0.9970,0.7865,0.7846,0.7782,1.7390,1.3125,1.7737,1.9432,0.1063,0.1072,0.1078,0.5779,0.5859,0.5895,0.0804,0.0789,0.0781,0.8332,0.8717,0.8748,0.6694,0.6635,0.6669,0.0798,0.0813,0.0791,0.1912,1.1006,0.9575,1.1169,1.1098,1.1039,0.0825,0.0871,0.0840,0.7794,0.7302,0.7202,0.6352,0.6378,0.6493,0.7040,0.7395,0.7239,1.5395,1.5352,1.5591,0.7297,0.7910,0.8735,0.8191,0.8166,0.6025,0.6499,0.6971
66:59:10,28.1,1.6187,1.6304,1.9383,1.9192,1.0241,1.0272,0.9947,0.7863,0.7886,0.7803,1.7492,1.3149,1.7829,1.9472,0.1061,0.1071,0.1077,0.5773,0.5850,0.5894,0.0819,0.0787,0.0788,0.8312,0.8687,0.8707,0.6723,0.6661,0.6694,0.0792,0.0813,0.0791,0.1915,1.1107,0.9775,1.1134,1.1083,1.1013,0.0826,0.0868,0.0840,0.7781,0.7279,0.7185,0.6363,0.6387,0.6493,0.7057,0.7397,0.7242,1.5360,1.5315,1.5562,0.7285,0.7906,0.8737,0.8189,0.8164,0.6007,0.6472,0.6956
67:29:10,28.1,1.6214,1.6367,1.9411,1.9236,1.0200,1.0291,0.9922,0.7831,0.7879,0.7767,1.7633,1.3217,1.7953,1.9466,0.1061,0.1073,0.1077,0.5762,0.5834,0.5875,0.0804,0.0787,0.0784,0.8260,0.8650,0.8673,0.6731,0.6668,0.6710,0.0791,0.0812,0.0790,0.1919,1.1283,0.9944,1.1121,1.1049,1.0992,0.0825,0.0870,0.0841,0.7814,0.7319,0.7219,0.6352,0.6377,0.6494,0.6999,0.7433,0.7262,1.5331,1.5283,1.5534,0.7341,0.7938,0.8791,0.8229,0.8227,0.6010,0.6523,0.6952
67:59:10,28.0,1.6361,1.6465,1.9451,1.9254,1.0136,1.0250,0.9877,0.7808,0.7857,0.7758,1.7699,1.3264,1.8015,1.9488,0.1061,0.1072,0.1078,0.5770,0.5845,0.5882,0.0808,0.0788,0.0781,0.8229,0.8612,0.8640,0.6751,0.6688,0.6718,0.0801,0.0811,0.0800,0.1932,1.1310,1.0273,1.1087,1.1031,1.0966,0.0824,0.0870,0.0842,0.7787,0.7283,0.7190,0.6329,0.6355,0.6471,0.6993,0.7409,0.7262,1.5300,1.5253,1.5495,0.7347,0.7938,0.8797,0.8238,0.8233,0.5979,0.6492,0.6917
68:29:10,28.1,1.6426,1.6527,1.9455,1.9299,1.0128,1.0264,0.9880,0.7857,0.7898,0.7804,1.7795,1.3318,1.8164,1.9531,0.1060,0.1074,0.1078,0.5772,0.5850,0.5892,0.0805,0.0795,0.0781,0.8216,0.8578,0.8605,0.6786,0.6725,0.6762,0.0794,0.0813,0.0790,0.1935,1.1515,1.0300,1.1073,1.1014,1.0954,0.0823,0.0871,0.0841,0.7845,0.7337,0.7238,0.6363,0.6388,0.6505,0.7019,0.7455,0.7298,1.5285,1.5226,1.5484,0.7348,0.7943,0.8810,0.8254,0.8250,0.5975,0.6486,0.6917
68:59:10,28.1,1.6497,1.6595,1.9496,1.9314,1.0101,1.0232,0.9844,0.7839,0.7877,0.7782,1.7926,1.3368,1.8237,1.9560,0.1062,0.1076,0.1079,0.5760,0.5834,0.5873,0.0809,0.0796,0.0784,0.8174,0.8544,0.8574,0.6793,0.6731,0.6771,0.0793,0.0810,0.0794,0.1927,1.1632,1.0569,1.1045,1.0981,1.0928,0.0825,0.0872,0.0841,0.7841,0.7348,0.7241,0.6347,0.6374,0.6491,0.7050,0.7467,0.7293,1.5260,1.5202,1.5457,0.7361,0.7947,0.8831,0.8255,0.8259,0.5947,0.6483,0.6938
69:29:10,28.0,1.6590,1.6675,1.9520,1.9348,1.0052,1.0203,0.9814,0.7843,0.7866,0.7770,1.8005,1.3402,1.8289,1.9561,0.1060,0.1073,0.1078,0.5735,0.5813,0.5854,0.0821,0.0787,0.0783,0.8143,0.8509,0.8549,0.6792,0.6729,0.6764,0.0802,0.0817,0.0794,0.1944,1.1732,1.0621,1.1021,1.0965,1.0905,0.0824,0.0869,0.0841,0.7786,0.7320,0.7218,0.6336,0.6363,0.6473,0.7023,0.7426,0.7274,1.5234,1.5171,1.5428,0.7390,0.7980,0.8836,0.8279,0.8301,0.5926,0.6470,0.6911
69:59:10,28.1,1.6681,1.6744,1.9532,1.9388,1.0032,1.0202,0.9802,0.7854,0.7858,0.7758,1.8075,1.3485,1.8370,1.9573,0.1063,0.1075,0.1078,0.5730,0.5806,0.5843,0.0806,0.0790,0.0784,0.8120,0.8479,0.8509,0.6797,0.6738,0.6779,0.0799,0.0812,0.0794,0.1942,1.1902,1.0797,1.1005,1.0939,1.0890,0.0827,0.0872,0.0843,0.7789,0.7302,0.7204,0.6318,0.6346,0.6465,0.7000,0.7429,0.7277,1.5208,1.5140,1.5398,0.7376,0.7901,0.8854,0.8282,0.8254,0.5919,0.6451,0.6925
70:29:10,28.0,1.6739,1.6802,1.9579,1.9435,0.9976,1.0144,0.9765,0.7836,0.7820,0.7724,1.8160,1.3527,1.8404,1.9590,0.1061,0.1076,0.1076,0.5729,0.5802,0.5838,0.0805,0.0789,0.0787,0.8074,0.8444,0.8471,0.6805,0.6735,0.6776,0.0807,0.0817,0.0793,0.1938,1.2032,1.0763,1.0979,1.0911,1.0856,0.0825,0.0872,0.0844,0.7790,0.7237,0.7115,0.6274,0.6306,0.6420,0.6998,0.7436,0.7275,1.5166,1.5103,1.5364,0.7412,0.7910,0.8877,0.8308,0.8266,0.5913,0.6459,0.6938
70:59:10,28.1,1.6838,1.6888,1.9546,1.9433,0.9967,1.0128,0.9744,0.7871,0.7823,0.7730,1.8243,1.3591,1.8432,1.9606,0.1061,0.1076,0.1076,0.5715,0.5788,0.5825,0.0806,0.0787,0.0789,0.8063,0.8417,0.8436,0.6810,0.6740,0.6778,0.0798,0.0804,0.0788,0.1950,1.2138,1.0974,1.0948,1.0887,1.0829,0.0827,0.0872,0.0844,0.7810,0.7233,0.7101,0.6276,0.6302,0.6412,0.7004,0.7447,0.7290,1.5140,1.5072,1.5340,0.7409,0.7923,0.8896,0.8319,0.8286,0.5875,0.6439,0.6946
71:29:10,28.1,1.6882,1.6954,1.9588,1.9485,0.9918,1.0151,0.9742,0.8022,0.7938,0.7841,1.8298,1.3651,1.8486,1.9603,0.1056,0.1078,0.1077,0.5742,0.5821,0.5868,0.0817,0.0801,0.0788,0.8022,0.8383,0.8408,0.6877,0.6806,0.6848,0.0793,0.0805,0.0805,0.1943,1.2362,1.1226,1.0941,1.0876,1.0814,0.0825,0.0872,0.0844,0.7747,0.7284,0.7197,0.6335,0.6361,0.6475,0.6961,0.7406,0.7291,1.5129,1.5052,1.5320,0.7430,0.7935,0.8923,0.8354,0.8319,0.5879,0.6441,0.6982
71:59:10,28.1,1.6928,1.7017,1.9608,1.9486,0.9876,1.0150,0.9714,0.8064,0.7970,0.7875,1.8357,1.3672,1.8574,1.9600,0.1064,0.1077,0.1075,0.5741,0.5814,0.5854,0.0806,0.0791,0.0791,0.7993,0.8343,0.8374,0.6882,0.6808,0.6846,0.0801,0.0813,0.0792,0.1947,1.2422,1.1363,1.0917,1.0855,1.0804,0.0826,0.0871,0.0844,0.7747,0.7343,0.7229,0.6333,0.6353,0.6474,0.6982,0.7404,0.7312,1.5111,1.5034,1.5308,0.7468,0.7962,0.8966,0.8419,0.8353,0.5866,0.6456,0.6955
72:29:10,28.1,1.6978,1.7087,1.9582,1.9538,0.9859,1.0162,0.9708,0.8099,0.7995,0.7893,1.8423,1.3744,1.8553,1.9630,0.1067,0.1078,0.1077,0.5697,0.5773,0.5823,0.0805,0.0786,0.0781,0.7973,0.8318,0.8337,0.6871,0.6799,0.6847,0.0801,0.0805,0.0789,0.1957,1.2577,1.1445,1.0897,1.0820,1.0782,0.0826,0.0871,0.0844,0.7807,0.7345,0.7239,0.6324,0.6351,0.6473,0.6992,0.7445,0.7335,1.5094,1.5016,1.5291,0.7510,0.7995,0.9024,0.8106,0.8409,0.5894,0.6498,0.6957
72:59:10,28.0,1.7057,1.7133,1.9633,1.9529,0.9832,1.0107,0.9670,0.8057,0.7932,0.7836,1.8481,1.3789,1.8637,1.9662,0.1068,0.1074,0.1082,0.5710,0.5783,0.5816,0.0805,0.0787,0.0784,0.7926,0.8278,0.8300,0.6858,0.6785,0.6829,0.0803,0.0801,0.0790,0.1959,1.2674,1.1531,1.0863,1.0805,1.0743,0.0825,0.0872,0.0844,0.7798,0.7255,0.7112,0.6265,0.6288,0.6407,0.7010,0.7430,0.7321,1.5064,1.4979,1.5259,0.7513,0.8038,0.9026,0.8088,0.8414,0.5874,0.6468,0.7006
73:29:10,28.0,1.7153,1.7225,1.9654,1.9537,0.9814,1.0098,0.9646,0.8109,0.7981,0.7884,1.8506,1.3849,1.8663,1.9680,0.1065,0.1075,0.1075,0.5685,0.5758,0.5795,0.0820,0.0785,0.0792,0.7916,0.8247,0.8278,0.6862,0.6796,0.6840,0.0796,0.0801,0.0796,0.1973,1.2735,1.1667,1.0855,1.0788,1.0727,0.0824,0.0868,0.0844,0.7788,0.7264,0.7129,0.6262,0.6290,0.6402,0.7017,0.7421,0.7321,1.5038,1.4961,1.5234,0.7558,0.8048,0.9077,0.8122,0.8452,0.5879,0.6477,0.6994
73:59:10,28.1,1.7181,1.7259,1.9657,1.9565,0.9738,1.0072,0.9632,0.8148,0.8013,0.7913,1.8552,1.3878,1.8687,1.9634,0.1065,0.1077,0.1076,0.5694,0.5766,0.5804,0.0821,0.0786,0.0785,0.7889,0.8219,0.8241,0.6883,0.6816,0.6870,0.0791,0.0815,0.0800,0.1959,1.2994,1.1798,1.0818,1.0760,1.0699,0.0825,0.0870,0.0844,0.7667,0.7241,0.7127,0.6256,0.6282,0.6398,0.6947,0.7341,0.7295,1.5020,1.4936,1.5215,0.7608,0.8089,0.9123,0.8152,0.8412,0.5870,0.6482,0.7044
74:29:10,28.0,1.7212,1.7317,1.9652,1.9564,0.9714,1.0104,0.9625,0.8269,0.8136,0.8027,1.8590,1.3942,1.8740,1.9670,0.1067,0.1077,0.1078,0.5719,0.5794,0.5838,0.0806,0.0787,0.0795,0.7856,0.8199,0.8218,0.6929,0.6863,0.6911,0.0795,0.0815,0.0796,0.1960,1.3139,1.2017,1.0828,1.0757,1.0718,0.0824,0.0870,0.0846,0.7696,0.7317,0.7219,0.6288,0.6302,0.6428,0.6982,0.7364,0.7348,1.5013,1.4923,1.5199,0.7537,0.8089,0.9177,0.8179,0.8444,0.5844,0.6489,0.7034
74:59:10,28.1,1.7280,1.7383,1.9667,1.9591,0.9694,1.0063,0.9606,0.8260,0.8120,0.8012,1.8609,1.3985,1.8741,1.9686,0.1065,0.1076,0.1078,0.5711,0.5782,0.5826,0.0806,0.0796,0.0788,0.7836,0.8160,0.8180,0.6936,0.6856,0.6903,0.0800,0.0807,0.0790,0.1966,1.3186,1.2041,1.0797,1.0731,1.0668,0.0825,0.0870,0.0843,0.7726,0.7291,0.7178,0.6271,0.6292,0.6406,0.6993,0.7376,0.7357,1.4991,1.4902,1.5181,0.7559,0.8121,0.9247,0.8218,0.8480,0.5848,0.6499,0.7077
75:29:10,28.1,1.7315,1.7419,1.9668,1.9592,0.9637,1.0070,0.9598,0.8366,0.8203,0.8090,1.8670,1.4033,1.8786,1.9675,0.1065,0.1077,0.1079,0.5733,0.5805,0.5851,0.0821,0.0795,0.0786,0.7796,0.8132,0.8149,0.6965,0.6906,0.6945,0.0796,0.0810,0.0789,0.1962,1.3362,1.2260,1.0780,1.0719,1.0669,0.0825,0.0870,0.0844,0.7622,0.7284,0.7189,0.6290,0.6309,0.6428,0.6933,0.7296,0.7328,1.4978,1.4885,1.5167,0.7563,0.8123,0.9283,0.8272,0.8530,0.5874,0.6537,0.7083

