time,OD,well,strain,carbon_source,growth_rates
0:29:10,0.0985,D1,at,36,-0.008048289738430534
0:59:10,0.0979,D1,at,36,-0.02828282828282825
1:29:10,0.096,D1,at,36,-0.021739130434782657
1:59:10,0.096,D1,at,36,0.007223942208462252
2:29:10,0.0964,D1,at,36,0.009249743062692682
2:59:10,0.0969,D1,at,36,0.01635991820040904
3:29:10,0.0981,D1,at,36,0.022244691607684604
3:59:10,0.0989,D1,at,36,0.021999999999999936
4:29:10,0.1002,D1,at,36,0.019782393669633906
4:59:10,0.1009,D1,at,36,0.01470588235294119
5:29:10,0.1014,D1,at,36,0.014619883040935686
5:59:10,0.1024,D1,at,36,0.02608695652173921
6:29:10,0.1035,D1,at,36,0.031339031339031445
6:59:10,0.1048,D1,at,36,0.02996254681647935
7:29:10,0.1071,D1,at,36,0.029493087557603635
7:59:10,0.1093,D1,at,36,0.06909090909090905
8:29:10,0.1137,D1,at,36,0.08096468561584846
8:59:10,0.1176,D1,at,36,0.0494137353433836
9:29:10,0.12,D1,at,36,0.054098360655737664
9:59:10,0.1246,D1,at,36,0.10079365079365071
10:29:10,0.1328,D1,at,36,0.11507052709725306
10:59:10,0.1406,D1,at,36,0.11731448763250887
11:29:10,0.1573,D1,at,36,0.18440185062789166
11:59:10,0.168,D1,at,36,0.08146399055489968
12:29:10,0.1634,D1,at,36,0.03331314354936405
12:59:10,0.1735,D1,at,36,0.14579759862778727
13:29:10,0.187,D1,at,36,0.18363064008394547
13:59:10,0.2045,D1,at,36,0.20914721295855165
14:29:10,0.2216,D1,at,36,0.13134328358208955
14:59:10,0.2349,D1,at,36,0.02866638969671798
15:29:10,0.2391,D1,at,36,0.016155758077879098
15:59:10,0.2286,D1,at,36,0.09811937857726909
16:29:10,0.2559,D1,at,36,0.009796533534287834
16:59:10,0.235,D1,at,36,0.07524271844660174
17:29:10,0.2799,D1,at,36,0.07464788732394376
17:59:10,0.2722,D1,at,36,-0.03166915052160935
18:29:10,0.2742,D1,at,36,0.02794918330308524
18:59:10,0.2775,D1,at,36,-0.01992031872509962
19:29:10,0.2783,D1,at,36,0.02518518518518508
19:59:10,0.2807,D1,at,36,0.04559915164369024
20:29:10,0.2901,D1,at,36,0.032873806998939666
20:59:10,0.3057,D1,at,36,0.047227926078028865
21:29:10,0.308,D1,at,36,0.06673407482305353
21:59:10,0.3304,D1,at,36,0.07820512820512814
22:29:10,0.3463,D1,at,36,0.11896605418872629
22:59:10,0.3652,D1,at,36,0.15019988577955448
23:29:10,0.3859,D1,at,36,0.10382659887610383
23:59:10,0.4144,D1,at,36,0.12107969151670958
24:29:10,0.4327,D1,at,36,0.10765209125475286
24:59:10,0.4436,D1,at,36,0.0665438636886944
25:29:10,0.4706,D1,at,36,0.06537691794529682
25:59:10,0.4766,D1,at,36,0.07806771619581628
26:29:10,0.4953,D1,at,36,0.09569870343692115
26:59:10,0.5165,D1,at,36,0.06644453155625253
27:29:10,0.54,D1,at,36,0.04713351288957284
27:59:10,0.5524,D1,at,36,0.06639236955302034
28:29:10,0.5737,D1,at,36,0.05330452007923658
28:59:10,0.5975,D1,at,36,0.06131490342016651
29:29:10,0.6024,D1,at,36,0.0613663332768266
29:59:10,0.6348,D1,at,36,0.04029975020815987
30:29:10,0.6443,D1,at,36,0.03549910438039396
30:59:10,0.6363,D1,at,36,0.034549252771975056
31:29:10,0.6614,D1,at,36,0.03052234109502845
31:59:10,0.6513,D1,at,36,0.007791803023219406
32:29:10,0.6588,D1,at,36,0.007024664377146345
32:59:10,0.6541,D1,at,36,0.026462395543175494
33:29:10,0.6708,D1,at,36,0.037707161319750715
33:59:10,0.6759,D1,at,36,0.01997019374068566
34:29:10,0.6816,D1,at,36,0.007599463567277594
34:59:10,0.6836,D1,at,36,0.0204111817778434
35:29:10,0.689,D1,at,36,0.015768725361366507
35:59:10,0.6936,D1,at,36,0.012520017469791894
36:29:10,0.6922,D1,at,36,0.023792357606344728
36:59:10,0.7044,D1,at,36,0.011373329542223495
37:29:10,0.7048,D1,at,36,0.013970064148253627
37:59:10,0.7117,D1,at,36,0.016124509254066118
38:29:10,0.7087,D1,at,36,0.01640953716690048
38:59:10,0.7237,D1,at,36,0.022623810180714694
39:29:10,0.7286,D1,at,36,0.007540444200712997
39:59:10,0.7201,D1,at,36,0.012732749178532276
40:29:10,0.7395,D1,at,36,0.01570326248815479
40:59:10,0.7393,D1,at,36,0.005121293800539118
41:29:10,0.7421,D1,at,36,0.018720538720538752
41:59:10,0.754,D1,at,36,0.024606429421881133
42:29:10,0.7542,D1,at,36,0.01248193404283268
42:59:10,0.7661,D1,at,36,0.015155474261823955
43:29:10,0.7738,D1,at,36,0.00905914326387991
43:59:10,0.7751,D1,at,36,0.004531330916623443
44:29:10,0.7803,D1,at,36,0.002061324400927655
44:59:10,0.7791,D1,at,36,0.016666666666666694
45:29:10,0.786,D1,at,36,0.015333924724369534
45:59:10,0.7948,D1,at,36,0.013738710087775132
46:29:10,0.8002,D1,at,36,0.02512814101762721
46:59:10,0.7974,D1,at,36,0.0035971223021581526
47:29:10,0.8041,D1,at,36,0.006228201295465875
47:59:10,0.8127,D1,at,36,0.021696252465483307
48:29:10,0.8197,D1,at,36,-0.0025597269624573265
48:59:10,0.8133,D1,at,36,-0.0017303176368805683
49:29:10,0.8228,D1,at,36,0.003907203907203884
49:59:10,0.8191,D1,at,36,0.010341007017111995
50:29:10,0.8306,D1,at,36,0.014261542180323945
50:59:10,0.83,D1,at,36,-0.002548234437568245
51:29:10,0.8374,D1,at,36,0.005694898824669728
51:59:10,0.8343,D1,at,36,0.013030888030887935
52:29:10,0.8504,D1,at,36,0.017820834828369842
52:59:10,0.8464,D1,at,36,0.011022875429655193
53:29:10,0.8524,D1,at,36,0.006742370475514594
53:59:10,0.8519,D1,at,36,0.002825523899222931
54:29:10,0.8514,D1,at,36,0.00908233073838161
54:59:10,0.8667,D1,at,36,0.019367635048419027
55:29:10,0.8671,D1,at,36,0.003933364183248577
55:59:10,0.8655,D1,at,36,0.004183614177803658
56:29:10,0.8801,D1,at,36,0.009331797235023037
56:59:10,0.8804,D1,at,36,0.012664057103384767
57:29:10,0.8841,D1,at,36,0.017519908987485743
57:59:10,0.8915,D1,at,36,0.004751131221719436
58:29:10,0.8909,D1,at,36,-0.0023777173913043376
58:59:10,0.8944,D1,at,36,0.008957931738292345
59:29:10,0.9096,D1,at,36,0.010324318258332382
59:59:10,0.907,D1,at,36,-0.0003366625519021063
60:29:10,0.9088,D1,at,36,0.014032330489447638
60:59:10,0.9122,D1,at,36,0.024568393094289508
61:29:10,0.9047,D1,at,36,0.012157721796276012
61:59:10,0.898,D1,at,36,0.0022958346999015973
62:29:10,0.8886,D1,at,36,0.0030597748879904103
62:59:10,0.8821,D1,at,36,0.0020708446866485155
63:29:10,0.8781,D1,at,36,-0.007197382769901788
63:59:10,0.8724,D1,at,36,-0.01624766714238669
64:29:10,0.8644,D1,at,36,-0.013189980048769699
64:59:10,0.866,D1,at,36,-0.008231368186874262
65:29:10,0.8638,D1,at,36,-0.008381761287438602
65:59:10,0.8633,D1,at,36,-0.012114413909141931
66:29:10,0.8577,D1,at,36,-0.01414027149321262
66:59:10,0.8549,D1,at,36,-0.008759954493742936
67:29:10,0.8541,D1,at,36,-0.010726920004564607
67:59:10,0.8484,D1,at,36,-0.010004599816007279
68:29:10,0.8471,D1,at,36,-0.00576302443522361
68:59:10,0.8459,D1,at,36,-0.006130002313208515
69:29:10,0.845,D1,at,36,-0.0031311608488925383
69:59:10,0.8437,D1,at,36,-0.0009281819236569345
70:29:10,0.846,D1,at,36,-0.005339524085896748
70:59:10,0.8411,D1,at,36,-0.009798203662661932
71:29:10,0.8399,D1,at,36,-0.00691595358105721
71:59:10,0.8368,D1,at,36,-0.009043927648578727
72:29:10,0.8294,D1,at,36,-0.008871540099361322
72:59:10,0.83,D1,at,36,-0.004265908282971973
73:29:10,0.8268,D1,at,36,0.000475172249940683
73:59:10,0.8322,D1,at,36,-0.0065142721781356735
74:29:10,0.8222,D1,at,36,-0.010402965443022888
74:59:10,0.8224,D1,at,36,-0.005026328386788048
75:29:10,0.8185,D1,at,36,
Unnamed: 152,,D1,at,36,
0:29:10,0.0994,D2,at,36,-0.012182741116751336
0:59:10,0.099,D2,at,36,-0.025536261491317692
1:29:10,0.0966,D2,at,36,-0.019791666666666655
1:59:10,0.0969,D2,at,36,0.0041666666666666415
2:29:10,0.0973,D2,at,36,0.00933609958506222
2:59:10,0.0978,D2,at,36,0.01754385964912288
3:29:10,0.0989,D2,at,36,0.02038735983690114
3:59:10,0.1,D2,at,36,0.021233569261880594
4:29:10,0.1011,D2,at,36,0.01996007984031938
4:59:10,0.102,D2,at,36,0.011892963330029798
5:29:10,0.1026,D2,at,36,0.014792899408284037
5:59:10,0.1035,D2,at,36,0.02050781249999991
6:29:10,0.1053,D2,at,36,0.023188405797101443
6:59:10,0.1068,D2,at,36,0.034351145038167996
7:29:10,0.1085,D2,at,36,0.04201680672268898
7:59:10,0.11,D2,at,36,0.060384263494967935
8:29:10,0.1161,D2,at,36,0.0729991204925242
8:59:10,0.1194,D2,at,36,0.053571428571428575
9:29:10,0.122,D2,at,36,0.05833333333333339
9:59:10,0.126,D2,at,36,0.10272873194221513
10:29:10,0.1347,D2,at,36,0.12048192771084337
10:59:10,0.1415,D2,at,36,0.17425320056899
11:29:10,0.1513,D2,at,36,0.1741894469167197
11:59:10,0.1694,D2,at,36,0.03630952380952377
12:29:10,0.1651,D2,at,36,0.033659730722154085
12:59:10,0.1749,D2,at,36,0.13602305475504328
13:29:10,0.1906,D2,at,36,0.1657754010695187
13:59:10,0.2099,D2,at,36,0.1691931540342298
14:29:10,0.2345,D2,at,36,0.13718411552346577
14:59:10,0.2407,D2,at,36,0.07449978714346538
15:29:10,0.2414,D2,at,36,-0.026348808030112924
15:59:10,0.2446,D2,at,36,0.073490813648294
16:29:10,0.2654,D2,at,36,0.02500976944118792
16:59:10,0.2472,D2,at,36,0.10212765957446794
17:29:10,0.284,D2,at,36,0.1329046087888532
17:59:10,0.2684,D2,at,36,-0.02094048493754586
18:29:10,0.2755,D2,at,36,0.01932895696571855
18:59:10,0.2761,D2,at,36,0.014774774774774747
19:29:10,0.27,D2,at,36,0.011498383039884947
19:59:10,0.2829,D2,at,36,0.04203776273601722
20:29:10,0.2829,D2,at,36,0.08617718028266122
20:59:10,0.2922,D2,at,36,0.05855413804383373
21:29:10,0.2967,D2,at,36,0.0801948051948052
21:59:10,0.312,D2,at,36,0.11592009685230023
22:29:10,0.3211,D2,at,36,0.10049090384060062
22:59:10,0.3502,D2,at,36,0.1084337349397591
23:29:10,0.3737,D2,at,36,0.1274941694739569
23:59:10,0.389,D2,at,36,0.11293436293436282
24:29:10,0.4208,D2,at,36,0.0674832447423157
24:59:10,0.4343,D2,at,36,0.08543733092876475
25:29:10,0.4497,D2,at,36,0.07012324691882708
25:59:10,0.4637,D2,at,36,0.05182543013008812
26:29:10,0.4859,D2,at,36,0.08055723803755287
26:59:10,0.5102,D2,at,36,0.08654404646660217
27:29:10,0.5198,D2,at,36,0.06648148148148156
27:59:10,0.5347,D2,at,36,0.061006517016654514
28:29:10,0.5553,D2,at,36,0.07861251525187385
28:59:10,0.5643,D2,at,36,0.048033472803347375
29:29:10,0.5899,D2,at,36,0.061918990703851255
29:59:10,0.6005,D2,at,36,0.06600504095778188
30:29:10,0.6141,D2,at,36,0.0023281080242122396
30:59:10,0.6223,D2,at,36,0.026874115983026883
31:29:10,0.6356,D2,at,36,0.022679165406713053
31:59:10,0.6417,D2,at,36,-0.003992015968063774
32:29:10,0.6406,D2,at,36,0.004250151791135435
32:59:10,0.6462,D2,at,36,0.018345818682158538
33:29:10,0.6577,D2,at,36,0.032498509242695185
33:59:10,0.671,D2,at,36,0.015978695073235735
34:29:10,0.6711,D2,at,36,0.01129694835680757
34:59:10,0.6761,D2,at,36,0.010825043885312994
35:29:10,0.6849,D2,at,36,0.014513788098693773
35:59:10,0.6869,D2,at,36,0.004613610149942462
36:29:10,0.6935,D2,at,36,0.015602427044206921
36:59:10,0.7034,D2,at,36,0.01788756388415665
37:29:10,0.7015,D2,at,36,0.010357548240635603
37:59:10,0.7132,D2,at,36,0.005479837009976134
38:29:10,0.713,D2,at,36,0.016932411457598436
38:59:10,0.7249,D2,at,36,0.027497581870941038
39:29:10,0.7294,D2,at,36,-0.004940982706560592
39:59:10,0.7304,D2,at,36,0.015136786557422609
40:29:10,0.7387,D2,at,36,0.02596348884381338
40:59:10,0.742,D2,at,36,0.0035168402542945162
41:29:10,0.7425,D2,at,36,0.019808651125185348
41:59:10,0.7559,D2,at,36,0.016047745358090185
42:29:10,0.7611,D2,at,36,0.016043489790506498
42:59:10,0.7654,D2,at,36,0.025584127398512024
43:29:10,0.7727,D2,at,36,0.011630912380460077
43:59:10,0.7724,D2,at,36,0.008386014707779577
44:29:10,0.7762,D2,at,36,0.005126233499935927
44:59:10,0.774,D2,at,36,0.007316134000770169
45:29:10,0.7891,D2,at,36,0.019974554707379053
45:59:10,0.7861,D2,at,36,0.017866129843985896
46:29:10,0.7999,D2,at,36,0.00324918770307429
46:59:10,0.8062,D2,at,36,0.004890895410082787
47:29:10,0.8028,D2,at,36,0.01902748414376319
47:59:10,0.8112,D2,at,36,0.019195275009228432
48:29:10,0.8204,D2,at,36,0.0007319751128462181
48:59:10,0.8091,D2,at,36,0.003811631624246885
49:29:10,0.819,D2,at,36,0.007049100631988366
49:59:10,0.8123,D2,at,36,0.00952264680747165
50:29:10,0.8274,D2,at,36,0.013123043582951974
50:59:10,0.8241,D2,at,36,0.008192771084337384
51:29:10,0.8253,D2,at,36,0.005134941485550611
51:59:10,0.8288,D2,at,36,0.015581924967038249
52:29:10,0.8361,D2,at,36,0.014228598306679208
52:59:10,0.8437,D2,at,36,0.0023629489603024596
53:29:10,0.8454,D2,at,36,0.006452369779446209
53:59:10,0.8494,D2,at,36,-0.0011738466956215529
54:29:10,0.8478,D2,at,36,0.01738313366220347
54:59:10,0.8571,D2,at,36,0.018114687896619287
55:29:10,0.8644,D2,at,36,-0.0013839234229039083
55:59:10,0.8605,D2,at,36,0.015020219526285397
56:29:10,0.868,D2,at,36,0.016929894330189654
56:59:10,0.8686,D2,at,36,0.004543389368468882
57:29:10,0.879,D2,at,36,0.012555140821174074
57:59:10,0.884,D2,at,36,0.007627593942793077
58:29:10,0.8832,D2,at,36,0.003255135256482224
58:59:10,0.8819,D2,at,36,0.020907871198568805
59:29:10,0.8911,D2,at,36,0.013852242744063386
59:59:10,0.8911,D2,at,36,-0.0008820286659315456
60:29:10,0.8908,D2,at,36,0.005721830985915473
60:59:10,0.9036,D2,at,36,-0.004494628370971392
61:29:10,0.913,D2,at,36,-0.015695810765999768
61:59:10,0.9147,D2,at,36,-0.017928730512249448
62:29:10,0.9151,D2,at,36,-0.017893315327481462
62:59:10,0.9175,D2,at,36,-0.011903412311529252
63:29:10,0.917,D2,at,36,-0.011046577838515023
63:59:10,0.9109,D2,at,36,-0.015703805593764383
64:29:10,0.9022,D2,at,36,-0.0074039796390559486
64:59:10,0.899,D2,at,36,-0.0006928406466511939
65:29:10,0.8948,D2,at,36,-0.0031257235471174294
65:59:10,0.8915,D2,at,36,-0.007065909880690368
66:29:10,0.884,D2,at,36,-0.00979363413781038
66:59:10,0.879,D2,at,36,-0.004211018832612057
67:29:10,0.8763,D2,at,36,-0.007610350076103443
67:59:10,0.8696,D2,at,36,-0.008250825082508257
68:29:10,0.8676,D2,at,36,-0.002951245425569659
68:59:10,0.8646,D2,at,36,-0.002482562950703382
69:29:10,0.8623,D2,at,36,-0.0026035502958579645
69:59:10,0.8619,D2,at,36,0.0011852554225435592
70:29:10,0.8615,D2,at,36,-0.0030732860520095114
70:59:10,0.8573,D2,at,36,-0.007252407561526566
71:29:10,0.8531,D2,at,36,-0.005119657102035922
71:59:10,0.8514,D2,at,36,-0.01254780114722748
72:29:10,0.8454,D2,at,36,-0.008198697853870302
72:59:10,0.8439,D2,at,36,-0.0031325301204819843
73:29:10,0.8418,D2,at,36,0.002660861151427299
73:59:10,0.8443,D2,at,36,-0.005527517423696151
74:29:10,0.8363,D2,at,36,-0.011919241060569241
74:59:10,0.8356,D2,at,36,-0.00449902723735413
75:29:10,0.8321,D2,at,36,
Unnamed: 152,,D2,at,36,
0:29:10,0.1006,D3,at,36,-0.035785288270377656
0:59:10,0.0988,D3,at,36,-0.03846153846153844
1:29:10,0.0968,D3,at,36,-0.01756198347107431
1:59:10,0.0971,D3,at,36,0.009268795056642616
2:29:10,0.0977,D3,at,36,0.014329580348004078
2:59:10,0.0985,D3,at,36,0.015228426395939099
3:29:10,0.0992,D3,at,36,0.01814516129032254
3:59:10,0.1003,D3,at,36,0.017946161515453737
4:29:10,0.101,D3,at,36,0.013861386138613846
4:59:10,0.1017,D3,at,36,0.010816125860373548
5:29:10,0.1021,D3,at,36,0.013712047012732601
5:59:10,0.1031,D3,at,36,0.021338506304558753
6:29:10,0.1043,D3,at,36,0.011505273250239756
6:59:10,0.1043,D3,at,36,0.0067114093959730805
7:29:10,0.105,D3,at,36,0.032380952380952385
7:59:10,0.1077,D3,at,36,0.07706592386258126
8:29:10,0.1133,D3,at,36,0.08120035304501325
8:59:10,0.1169,D3,at,36,0.06501283147989731
9:29:10,0.1209,D3,at,36,0.05872622001654256
9:59:10,0.124,D3,at,36,0.0919354838709678
10:29:10,0.1323,D3,at,36,0.12244897959183668
10:59:10,0.1402,D3,at,36,0.15477888730385164
11:29:10,0.154,D3,at,36,0.1857142857142858
11:59:10,0.1688,D3,at,36,0.055094786729857834
12:29:10,0.1633,D3,at,36,0.021432945499081466
12:59:10,0.1723,D3,at,36,0.11375507835171215
13:29:10,0.1829,D3,at,36,0.14215418261344995
13:59:10,0.1983,D3,at,36,0.17952597075138674
14:29:10,0.2185,D3,at,36,0.12540045766590394
14:59:10,0.2257,D3,at,36,0.08241027913159063
15:29:10,0.2371,D3,at,36,0.05567271193589198
15:59:10,0.2389,D3,at,36,0.11134365843449136
16:29:10,0.2637,D3,at,36,0.062191884717482084
16:59:10,0.2553,D3,at,36,0.03172737955346649
17:29:10,0.2718,D3,at,36,0.0908756438557763
17:59:10,0.28,D3,at,36,-0.021428571428571446
18:29:10,0.2658,D3,at,36,-0.037998495109104795
18:59:10,0.2699,D3,at,36,0.06298629121897005
19:29:10,0.2828,D3,at,36,0.06683168316831693
19:59:10,0.2888,D3,at,36,0.009002770083102463
20:29:10,0.2854,D3,at,36,0.01261387526278904
20:59:10,0.2924,D3,at,36,0.04958960328317378
21:29:10,0.2999,D3,at,36,0.07902634211403801
21:59:10,0.3161,D3,at,36,0.09332489718443539
22:29:10,0.3294,D3,at,36,0.12537947783849424
22:59:10,0.3574,D3,at,36,0.15528819250139897
23:29:10,0.3849,D3,at,36,0.11769290724863603
23:59:10,0.4027,D3,at,36,0.10777253538614352
24:29:10,0.4283,D3,at,36,0.0856876021480271
24:59:10,0.4394,D3,at,36,0.06008192990441506
25:29:10,0.4547,D3,at,36,0.09104904332526939
25:59:10,0.4808,D3,at,36,0.08673044925124795
26:29:10,0.4964,D3,at,36,0.05539887187751807
26:59:10,0.5083,D3,at,36,0.06138107416879786
27:29:10,0.5276,D3,at,36,0.06463229719484462
27:59:10,0.5424,D3,at,36,0.0479351032448378
28:29:10,0.5536,D3,at,36,0.04479768786127176
28:59:10,0.5672,D3,at,36,0.0625881523272214
29:29:10,0.5891,D3,at,36,0.05703615684943128
29:59:10,0.6008,D3,at,36,0.03362183754993341
30:29:10,0.6093,D3,at,36,0.029706220252749067
30:59:10,0.6189,D3,at,36,0.038293746970431496
31:29:10,0.633,D3,at,36,0.03475513428120066
31:59:10,0.6409,D3,at,36,0.01997191449524112
32:29:10,0.6458,D3,at,36,0.02245277175596153
32:59:10,0.6554,D3,at,36,0.034330180042721946
33:29:10,0.6683,D3,at,36,0.027682178662277526
33:59:10,0.6739,D3,at,36,0.016916456447544095
34:29:10,0.6797,D3,at,36,0.016330734147417977
34:59:10,0.685,D3,at,36,0.014744525547445252
35:29:10,0.6898,D3,at,36,0.01681646854160618
35:59:10,0.6966,D3,at,36,0.01837496411139827
36:29:10,0.7026,D3,at,36,0.019356675206376395
36:59:10,0.7102,D3,at,36,0.01210926499577591
37:29:10,0.7112,D3,at,36,0.010686164229471232
37:59:10,0.7178,D3,at,36,0.017971579827249808
38:29:10,0.7241,D3,at,36,0.018781936196657998
38:59:10,0.7314,D3,at,36,0.018321028165162807
39:29:10,0.7375,D3,at,36,0.011389830508474525
39:59:10,0.7398,D3,at,36,0.008515815085158113
40:29:10,0.7438,D3,at,36,0.014251142780317212
40:59:10,0.7504,D3,at,36,0.01199360341151387
41:29:10,0.7528,D3,at,36,0.011291179596174365
41:59:10,0.7589,D3,at,36,0.02042429832652518
42:29:10,0.7683,D3,at,36,0.017961733697774353
42:59:10,0.7727,D3,at,36,0.011776886243043867
43:29:10,0.7774,D3,at,36,0.011448417802932735
43:59:10,0.7816,D3,at,36,0.009211873080859755
44:29:10,0.7846,D3,at,36,0.0075197552893194195
44:59:10,0.7875,D3,at,36,0.01638095238095241
45:29:10,0.7975,D3,at,36,0.01053291536050166
45:59:10,0.7959,D3,at,36,0.009046362608367865
46:29:10,0.8047,D3,at,36,0.01851621722381001
46:59:10,0.8108,D3,at,36,0.006660088801184104
47:29:10,0.8101,D3,at,36,0.0074064930255524075
47:59:10,0.8168,D3,at,36,0.017140058765915785
48:29:10,0.8241,D3,at,36,0.004489746390001257
48:59:10,0.8205,D3,at,36,0.009140767824497199
49:29:10,0.8316,D3,at,36,0.0016835016835016316
49:59:10,0.8219,D3,at,36,0.00803017398710298
50:29:10,0.8382,D3,at,36,0.018492006680983143
50:59:10,0.8374,D3,at,36,0.002627179364700371
51:29:10,0.8404,D3,at,36,0.003926701570680592
51:59:10,0.8407,D3,at,36,0.015225407398596316
52:29:10,0.8532,D3,at,36,0.019924988279418677
52:59:10,0.8577,D3,at,36,0.008161361781508693
53:29:10,0.8602,D3,at,36,0.0067426179958149585
53:59:10,0.8635,D3,at,36,-0.0008106543138389379
54:29:10,0.8595,D3,at,36,0.001512507271669538
54:59:10,0.8648,D3,at,36,0.01561054579093427
55:29:10,0.873,D3,at,36,0.009621993127147723
55:59:10,0.8732,D3,at,36,0.01007787448465418
56:29:10,0.8818,D3,at,36,0.007938308006350652
56:59:10,0.8802,D3,at,36,0.006475800954328479
57:29:10,0.8875,D3,at,36,0.018366197183098572
57:59:10,0.8965,D3,at,36,0.007585052983826022
58:29:10,0.8943,D3,at,36,-0.005590965000559101
58:59:10,0.8915,D3,at,36,0.024004486819966322
59:29:10,0.9157,D3,at,36,0.02260565687452228
59:59:10,0.9122,D3,at,36,-0.0013155009866257167
60:29:10,0.9145,D3,at,36,0.008201202843083599
60:59:10,0.9197,D3,at,36,0.006741328694139376
61:29:10,0.9207,D3,at,36,0.0011947431302269903
61:59:10,0.9208,D3,at,36,-0.007710686359687224
62:29:10,0.9136,D3,at,36,-0.013791593695271394
62:59:10,0.9082,D3,at,36,-0.013102840783968313
63:29:10,0.9017,D3,at,36,-0.01519352334479322
63:59:10,0.8945,D3,at,36,-0.016433761878144142
64:29:10,0.887,D3,at,36,-0.010484780157835372
64:59:10,0.8852,D3,at,36,-0.0059873474920921505
65:29:10,0.8817,D3,at,36,-0.006578201202223009
65:59:10,0.8794,D3,at,36,-0.011030247896292976
66:29:10,0.872,D3,at,36,-0.012270642201834785
66:59:10,0.8687,D3,at,36,-0.006331299643144871
67:29:10,0.8665,D3,at,36,-0.009694171956145498
67:59:10,0.8603,D3,at,36,-0.009182843194234592
68:29:10,0.8586,D3,at,36,-0.0039599347775447925
68:59:10,0.8569,D3,at,36,-0.0064184852374840244
69:29:10,0.8531,D3,at,36,-0.003985464775524509
69:59:10,0.8535,D3,at,36,0.0
70:29:10,0.8531,D3,at,36,-0.005274879849959043
70:59:10,0.849,D3,at,36,-0.008833922261484042
71:29:10,0.8456,D3,at,36,-0.007568590350047258
71:59:10,0.8426,D3,at,36,-0.009138381201044434
72:29:10,0.8379,D3,at,36,-0.009428332736603436
72:59:10,0.8347,D3,at,36,-0.004911944411165679
73:29:10,0.8338,D3,at,36,0.0021587910769969103
73:59:10,0.8365,D3,at,36,-0.006694560669455993
74:29:10,0.8282,D3,at,36,-0.010866940352571852
74:59:10,0.8275,D3,at,36,-0.005800604229607283
75:29:10,0.8234,D3,at,36,
Unnamed: 152,,D3,at,36,
0:29:10,0.088,D1,oa,36,0.0
0:59:10,0.088,D1,oa,36,0.010989010989010999
1:29:10,0.091,D1,oa,36,0.02173913043478263
1:59:10,0.093,D1,oa,36,0.02150537634408604
2:29:10,0.093,D1,oa,36,0.010638297872340436
2:59:10,0.091,D1,oa,36,0.010638297872340436
3:29:10,0.093,D1,oa,36,-0.010526315789473693
3:59:10,0.094,D1,oa,36,0.0
4:29:10,0.094,D1,oa,36,0.021052631578947385
4:59:10,0.094,D1,oa,36,0.010526315789473693
5:29:10,0.095,D1,oa,36,0.020833333333333353
5:59:10,0.096,D1,oa,36,0.020618556701030945
6:29:10,0.096,D1,oa,36,0.020408163265306138
6:59:10,0.097,D1,oa,36,0.020202020202020218
7:29:10,0.098,D1,oa,36,0.020000000000000018
7:59:10,0.099,D1,oa,36,0.01980198019801968
8:29:10,0.101,D1,oa,36,0.029411764705882245
8:59:10,0.102,D1,oa,36,0.04807692307692312
9:29:10,0.105,D1,oa,36,0.06542056074766361
9:59:10,0.111,D1,oa,36,0.09909909909909906
10:29:10,0.115,D1,oa,36,0.11864406779661016
10:59:10,0.122,D1,oa,36,0.13600000000000012
11:29:10,0.13,D1,oa,36,0.1629629629629629
11:59:10,0.145,D1,oa,36,0.14965986394557818
12:29:10,0.155,D1,oa,36,0.14649681528662434
12:59:10,0.167,D1,oa,36,0.2
13:29:10,0.188,D1,oa,36,0.3769633507853402
13:59:10,0.248,D1,oa,36,0.48760330578512395
14:29:10,0.316,D1,oa,36,0.48867313915857613
14:59:10,0.38,D1,oa,36,0.37913486005089064
15:29:10,0.429,D1,oa,36,0.08733624454148467
15:59:10,0.389,D1,oa,36,0.1062355658198614
16:29:10,0.484,D1,oa,36,0.25595238095238104
16:59:10,0.57,D1,oa,36,0.17971530249110315
17:29:10,0.593,D1,oa,36,0.10578512396694206
17:59:10,0.634,D1,oa,36,0.10543130990415345
18:29:10,0.682,D1,oa,36,0.14456035767511172
18:59:10,0.742,D1,oa,36,0.11203319502074684
19:29:10,0.768,D1,oa,36,0.0784574468085107
19:59:10,0.793,D1,oa,36,0.09207161125319686
20:29:10,0.832,D1,oa,36,0.08495145631067956
20:59:10,0.857,D1,oa,36,0.03638497652582163
21:29:10,0.86,D1,oa,36,0.030409356725146226
21:59:10,0.881,D1,oa,36,0.02619589977220959
22:29:10,0.882,D1,oa,36,0.007972665148063789
22:59:10,0.888,D1,oa,36,0.040677966101694954
23:29:10,0.911,D1,oa,36,0.053610503282275755
23:59:10,0.929,D1,oa,36,0.027837259100642303
24:29:10,0.936,D1,oa,36,0.009574468085106274
24:59:10,0.939,D1,oa,36,0.0021208907741251345
25:29:10,0.94,D1,oa,36,0.006369426751592363
25:59:10,0.947,D1,oa,36,0.012644889357218136
26:29:10,0.95,D1,oa,36,0.0062893081761006345
26:59:10,0.951,D1,oa,36,0.010471204188481685
27:29:10,0.958,D1,oa,36,0.014522821576763498
27:59:10,0.958,D1,oa,36,0.009287925696594436
28:29:10,0.958,D1,oa,36,0.003083247687564237
28:59:10,0.954,D1,oa,36,0.014403292181069971
29:29:10,0.968,D1,oa,36,0.014184397163120581
29:59:10,0.965,D1,oa,36,0.007099391480730229
30:29:10,0.972,D1,oa,36,0.010060362173038238
30:59:10,0.971,D1,oa,36,0.003012048192771087
31:29:10,0.976,D1,oa,36,0.012036108324974936
31:59:10,0.985,D1,oa,36,0.02678571428571431
32:29:10,0.999,D1,oa,36,0.027343750000000024
32:59:10,1.007,D1,oa,36,0.02027027027027018
33:29:10,1.017,D1,oa,36,0.00956937799043063
33:59:10,1.023,D1,oa,36,0.00764818355640536
34:29:10,1.033,D1,oa,36,0.0056980056980057035
34:59:10,1.035,D1,oa,36,0.010456273764258669
35:29:10,1.048,D1,oa,36,0.015977443609022465
35:59:10,1.055,D1,oa,36,0.012160898035547148
36:29:10,1.066,D1,oa,36,0.01764159702878378
36:59:10,1.078,D1,oa,36,0.02113970588235306
37:29:10,1.088,D1,oa,36,0.024545454545454464
37:59:10,1.102,D1,oa,36,0.017040358744394534
38:29:10,1.108,D1,oa,36,0.010723860589812341
38:59:10,1.117,D1,oa,36,0.0106477373558119
39:29:10,1.123,D1,oa,36,0.01149425287356313
39:59:10,1.133,D1,oa,36,0.014912280701754304
40:29:10,1.145,D1,oa,36,0.013066202090592444
40:59:10,1.156,D1,oa,36,0.009523809523809629
41:29:10,1.162,D1,oa,36,0.026747195858498635
41:59:10,1.18,D1,oa,36,0.036256323777402975
42:29:10,1.214,D1,oa,36,0.010815307820299604
42:59:10,1.208,D1,oa,36,-0.005004170141784825
43:29:10,1.197,D1,oa,36,0.0
43:59:10,1.191,D1,oa,36,-0.004170141784820594
44:29:10,1.181,D1,oa,36,0.00587741393786725
44:59:10,1.186,D1,oa,36,-0.0008291873963516683
45:29:10,1.172,D1,oa,36,-0.015126050420168081
45:59:10,1.173,D1,oa,36,-0.036195286195286135
46:29:10,1.142,D1,oa,36,-0.06015693112467302
46:59:10,1.116,D1,oa,36,-0.0437890974084003
47:29:10,1.092,D1,oa,36,-0.025500910746812405
47:59:10,1.087,D1,oa,36,-0.01741521539871689
48:29:10,1.08,D1,oa,36,0.007414272474513445
48:59:10,1.094,D1,oa,36,0.0027297543221111134
49:29:10,1.081,D1,oa,36,-0.048059149722735714
49:59:10,1.055,D1,oa,36,-0.028653295128939854
50:29:10,1.058,D1,oa,36,-0.00950570342205324
50:59:10,1.045,D1,oa,36,0.0019286403085824512
51:29:10,1.058,D1,oa,36,0.013282732447817847
51:59:10,1.054,D1,oa,36,-0.0038058991436726963
52:29:10,1.053,D1,oa,36,0.004761904761904872
52:59:10,1.053,D1,oa,36,-0.01041666666666678
53:29:10,1.043,D1,oa,36,-0.015399422521655453
53:59:10,1.048,D1,oa,36,-0.009615384615384623
54:29:10,1.037,D1,oa,36,0.009718172983479115
54:59:10,1.046,D1,oa,36,0.013333333333333345
55:29:10,1.036,D1,oa,36,-0.006711409395973267
55:59:10,1.045,D1,oa,36,-0.01054650047938629
56:29:10,1.033,D1,oa,36,-0.004844961240309974
56:59:10,1.034,D1,oa,36,-0.008670520231213986
57:29:10,1.029,D1,oa,36,-0.008797653958944399
57:59:10,1.034,D1,oa,36,-0.006802721088435273
58:29:10,1.024,D1,oa,36,-0.0029527559055117043
58:59:10,1.023,D1,oa,36,-0.0038986354775828493
59:29:10,1.016,D1,oa,36,-0.014822134387351901
59:59:10,1.019,D1,oa,36,0.008902077151335211
60:29:10,1.025,D1,oa,36,0.01958863858961804
60:59:10,1.031,D1,oa,36,-0.011639185257032019
61:29:10,1.013,D1,oa,36,-0.0227948463825569
61:59:10,1.014,D1,oa,36,0.007936507936507943
62:29:10,1.022,D1,oa,36,-0.010816125860373659
62:59:10,1.005,D1,oa,36,-0.005015045135406112
63:29:10,1.015,D1,oa,36,0.008893280632411075
63:59:10,1.009,D1,oa,36,-0.009940357852882713
64:29:10,1.005,D1,oa,36,0.005988023952095814
64:59:10,1.011,D1,oa,36,0.01778656126482215
65:29:10,1.016,D1,oa,36,-0.007843137254901968
65:59:10,1.005,D1,oa,36,-0.003984063745019924
66:29:10,1.012,D1,oa,36,0.005905511811023627
66:59:10,1.007,D1,oa,36,-0.004950495049505065
67:29:10,1.007,D1,oa,36,-0.007912957467853619
67:59:10,1.0,D1,oa,36,0.0
68:29:10,1.006,D1,oa,36,0.012858555885262019
68:59:10,1.01,D1,oa,36,-0.0049261083743841316
69:29:10,1.004,D1,oa,36,-0.006958250497017788
69:59:10,1.005,D1,oa,36,-0.0039682539682539715
70:29:10,1.0,D1,oa,36,-0.0019960079840319377
70:59:10,1.002,D1,oa,36,0.006958250497017788
71:29:10,1.004,D1,oa,36,-0.003964321110009915
71:59:10,1.0,D1,oa,36,-0.009980039920159578
72:29:10,0.996,D1,oa,36,-0.0030030030030030056
72:59:10,0.995,D1,oa,36,-0.0040040040040040074
73:29:10,0.992,D1,oa,36,-0.008040201005025133
73:59:10,0.989,D1,oa,36,-0.0010090817356205861
74:29:10,0.99,D1,oa,36,0.007042253521126767
74:59:10,0.993,D1,oa,36,-0.009018036072144296
75:29:10,0.985,D1,oa,36,-0.02639593908629444
0:29:10,0.091,D2,oa,36,0.0
0:59:10,0.091,D2,oa,36,0.03409090909090912
1:29:10,0.092,D2,oa,36,0.05494505494505499
1:59:10,0.093,D2,oa,36,0.02150537634408604
2:29:10,0.094,D2,oa,36,-0.02150537634408604
2:59:10,0.094,D2,oa,36,0.0
3:29:10,0.095,D2,oa,36,0.03225806451612906
3:59:10,0.093,D2,oa,36,0.010638297872340436
4:29:10,0.095,D2,oa,36,0.0
4:59:10,0.095,D2,oa,36,0.010638297872340436
5:29:10,0.096,D2,oa,36,0.021052631578947385
5:59:10,0.097,D2,oa,36,0.010416666666666676
6:29:10,0.098,D2,oa,36,0.010416666666666676
6:59:10,0.099,D2,oa,36,0.020618556701030945
7:29:10,0.1,D2,oa,36,0.020408163265306138
7:59:10,0.101,D2,oa,36,0.030303030303030328
8:29:10,0.102,D2,oa,36,0.02970297029702959
8:59:10,0.104,D2,oa,36,0.039215686274509706
9:29:10,0.107,D2,oa,36,0.0857142857142858
9:59:10,0.111,D2,oa,36,0.09009009009009017
10:29:10,0.118,D2,oa,36,0.09565217391304344
10:59:10,0.125,D2,oa,36,0.12295081967213115
11:29:10,0.135,D2,oa,36,0.17692307692307685
11:59:10,0.147,D2,oa,36,0.17241379310344826
12:29:10,0.157,D2,oa,36,0.14193548387096788
12:59:10,0.17,D2,oa,36,0.19760479041916168
13:29:10,0.191,D2,oa,36,0.43085106382978716
13:59:10,0.242,D2,oa,36,0.5161290322580645
14:29:10,0.309,D2,oa,36,0.4177215189873418
14:59:10,0.393,D2,oa,36,0.29736842105263156
15:29:10,0.458,D2,oa,36,0.020979020979020997
15:59:10,0.433,D2,oa,36,0.14138817480719792
16:29:10,0.504,D2,oa,36,0.3739669421487602
16:59:10,0.562,D2,oa,36,0.19122807017543858
17:29:10,0.605,D2,oa,36,0.10792580101180449
17:59:10,0.626,D2,oa,36,0.14037854889589918
18:29:10,0.671,D2,oa,36,0.15835777126099704
18:59:10,0.723,D2,oa,36,0.11590296495956869
19:29:10,0.752,D2,oa,36,0.06640625000000006
19:59:10,0.782,D2,oa,36,0.08070617906683474
20:29:10,0.824,D2,oa,36,0.07692307692307686
20:59:10,0.852,D2,oa,36,0.032672112018669805
21:29:10,0.855,D2,oa,36,0.02790697674418607
21:59:10,0.878,D2,oa,36,0.02497162315550513
22:29:10,0.878,D2,oa,36,0.007936507936507943
22:59:10,0.885,D2,oa,36,0.032657657657657685
23:29:10,0.914,D2,oa,36,0.04500548847420421
23:59:10,0.934,D2,oa,36,0.02691065662002155
24:29:10,0.94,D2,oa,36,0.010683760683760575
24:59:10,0.943,D2,oa,36,0.004259850905218203
25:29:10,0.942,D2,oa,36,0.00851063829787235
25:59:10,0.949,D2,oa,36,0.010559662090813104
26:29:10,0.954,D2,oa,36,0.004210526315789478
26:59:10,0.955,D2,oa,36,0.008412197686645645
27:29:10,0.964,D2,oa,36,0.007306889352818378
27:59:10,0.969,D2,oa,36,0.0
28:29:10,0.973,D2,oa,36,-0.004175365344467645
28:59:10,0.972,D2,oa,36,0.010482180293501057
29:29:10,0.987,D2,oa,36,0.011363636363636374
29:59:10,0.986,D2,oa,36,0.004145077720207258
30:29:10,0.994,D2,oa,36,0.006172839506172845
30:59:10,0.996,D2,oa,36,0.004119464469618954
31:29:10,0.997,D2,oa,36,0.01434426229508198
31:59:10,1.008,D2,oa,36,0.02335025380710662
32:29:10,1.024,D2,oa,36,0.02202202202202193
32:59:10,1.036,D2,oa,36,0.017874875868917485
33:29:10,1.045,D2,oa,36,0.015732546705998048
33:59:10,1.046,D2,oa,36,0.015640273704789848
34:29:10,1.053,D2,oa,36,0.011616650532429827
34:59:10,1.052,D2,oa,36,0.014492753623188527
35:29:10,1.064,D2,oa,36,0.019083969465648873
35:59:10,1.069,D2,oa,36,0.0170616113744076
36:29:10,1.077,D2,oa,36,0.02157598499061926
36:59:10,1.088,D2,oa,36,0.020408163265306138
37:29:10,1.1,D2,oa,36,0.022058823529411783
37:59:10,1.115,D2,oa,36,0.01814882032667878
38:29:10,1.119,D2,oa,36,0.013537906137184027
38:59:10,1.127,D2,oa,36,0.013428827215756403
39:29:10,1.131,D2,oa,36,0.014247551202137146
39:59:10,1.14,D2,oa,36,0.019417475728155355
40:29:10,1.148,D2,oa,36,0.020087336244541405
40:59:10,1.155,D2,oa,36,0.014705882352941095
41:29:10,1.159,D2,oa,36,0.02065404475043031
41:59:10,1.186,D2,oa,36,0.04406779661016953
42:29:10,1.202,D2,oa,36,0.023064250411861636
42:59:10,1.199,D2,oa,36,-0.014072847682119126
43:29:10,1.196,D2,oa,36,-0.014202172096908858
43:59:10,1.199,D2,oa,36,-0.013434089000839642
44:29:10,1.191,D2,oa,36,-0.004233700254022113
44:59:10,1.206,D2,oa,36,-0.007588532883642597
45:29:10,1.19,D2,oa,36,-0.01109215017064838
45:59:10,1.188,D2,oa,36,-0.0255754475703325
46:29:10,1.147,D2,oa,36,-0.04991243432574426
46:59:10,1.119,D2,oa,36,-0.044802867383512385
47:29:10,1.098,D2,oa,36,-0.02655677655677668
47:59:10,1.091,D2,oa,36,-0.011039558417663303
48:29:10,1.079,D2,oa,36,0.00648148148148159
48:59:10,1.099,D2,oa,36,0.000914076782449625
49:29:10,1.082,D2,oa,36,-0.036077705827937234
49:59:10,1.047,D2,oa,36,-0.021800947867298495
50:29:10,1.052,D2,oa,36,-0.009451795841209839
50:59:10,1.037,D2,oa,36,0.0
51:29:10,1.054,D2,oa,36,0.00850661625708896
51:59:10,1.051,D2,oa,36,-0.004743833017077908
52:29:10,1.05,D2,oa,36,-0.0009496676163343893
52:59:10,1.056,D2,oa,36,-0.009496676163342838
53:29:10,1.039,D2,oa,36,-0.004793863854266437
53:59:10,1.04,D2,oa,36,-0.005725190839694662
54:29:10,1.029,D2,oa,36,-0.0019286403085824512
54:59:10,1.05,D2,oa,36,-0.0009560229445505639
55:29:10,1.043,D2,oa,36,-0.0009652509652510733
55:59:10,1.043,D2,oa,36,-0.0028708133971292954
56:29:10,1.032,D2,oa,36,-0.0106485963213939
56:59:10,1.038,D2,oa,36,-0.00386847195357834
57:29:10,1.023,D2,oa,36,0.0
57:59:10,1.029,D2,oa,36,-0.004835589941972818
58:29:10,1.016,D2,oa,36,-0.010742187500000118
58:59:10,1.026,D2,oa,36,-0.007820136852394924
59:29:10,1.012,D2,oa,36,-0.0039370078740157514
59:59:10,1.011,D2,oa,36,0.008832188420019527
60:29:10,1.021,D2,oa,36,0.011707317073170744
60:59:10,1.031,D2,oa,36,-0.011639185257032019
61:29:10,1.009,D2,oa,36,-0.016781836130305927
61:59:10,1.008,D2,oa,36,0.00887573964497053
62:29:10,1.017,D2,oa,36,-0.008806262230919881
62:59:10,0.997,D2,oa,36,-0.006965174129353351
63:29:10,1.012,D2,oa,36,0.003940886699507393
63:59:10,1.006,D2,oa,36,-0.009910802775024787
64:29:10,1.002,D2,oa,36,0.001990049751243783
64:59:10,1.012,D2,oa,36,0.010880316518298835
65:29:10,1.02,D2,oa,36,-0.005905511811023627
65:59:10,1.004,D2,oa,36,-0.003980099502487566
66:29:10,1.016,D2,oa,36,0.0019762845849802388
66:59:10,1.01,D2,oa,36,-0.004965243296921665
67:29:10,1.011,D2,oa,36,-0.006951340615690065
67:59:10,1.002,D2,oa,36,-0.0009999999999998899
68:29:10,1.011,D2,oa,36,0.009940357852882713
68:59:10,1.015,D2,oa,36,-0.001980198019801982
69:29:10,1.006,D2,oa,36,-0.004980079681275016
69:59:10,1.008,D2,oa,36,-0.003980099502487566
70:29:10,1.002,D2,oa,36,-0.0029999999999998916
70:59:10,1.006,D2,oa,36,0.003992015968063875
71:29:10,1.009,D2,oa,36,-0.001992031872509962
71:59:10,1.002,D2,oa,36,-0.008000000000000007
72:29:10,0.999,D2,oa,36,-0.005020080321285145
72:59:10,0.999,D2,oa,36,-0.004020100502512567
73:29:10,0.995,D2,oa,36,-0.006048387096774199
73:59:10,0.991,D2,oa,36,-0.0020222446916076863
74:29:10,0.994,D2,oa,36,0.004040404040404044
74:59:10,0.998,D2,oa,36,-0.005035246727089632
75:29:10,0.985,D2,oa,36,-0.01624365482233504
0:29:10,0.096,D3,oa,36,0.0
0:59:10,0.096,D3,oa,36,0.010416666666666676
1:29:10,0.097,D3,oa,36,0.030927835051546417
1:59:10,0.099,D3,oa,36,0.030303030303030328
2:29:10,0.1,D3,oa,36,0.020000000000000018
2:59:10,0.101,D3,oa,36,0.00990099009900991
3:29:10,0.101,D3,oa,36,0.0
3:59:10,0.101,D3,oa,36,0.02970297029702959
4:29:10,0.104,D3,oa,36,0.05769230769230761
4:59:10,0.107,D3,oa,36,0.03738317757009349
5:29:10,0.108,D3,oa,36,0.027777777777777804
5:59:10,0.11,D3,oa,36,0.0363636363636364
6:29:10,0.112,D3,oa,36,0.03571428571428575
6:59:10,0.114,D3,oa,36,0.06140350877192975
7:29:10,0.119,D3,oa,36,0.10084033613445376
7:59:10,0.126,D3,oa,36,0.09523809523809532
8:29:10,0.131,D3,oa,36,0.09923664122137413
8:59:10,0.139,D3,oa,36,0.1366906474820143
9:29:10,0.15,D3,oa,36,0.1533333333333333
9:59:10,0.162,D3,oa,36,0.17901234567901234
10:29:10,0.179,D3,oa,36,0.25698324022346364
10:59:10,0.208,D3,oa,36,0.33653846153846156
11:29:10,0.249,D3,oa,36,0.36947791164658633
11:59:10,0.3,D3,oa,36,0.30666666666666675
12:29:10,0.341,D3,oa,36,0.2639296187683285
12:59:10,0.39,D3,oa,36,0.2615384615384615
13:29:10,0.443,D3,oa,36,0.22347629796839724
13:59:10,0.489,D3,oa,36,0.1922290388548058
14:29:10,0.537,D3,oa,36,0.08007448789571701
14:59:10,0.532,D3,oa,36,0.11466165413533823
15:29:10,0.598,D3,oa,36,0.18394648829431437
15:59:10,0.642,D3,oa,36,0.12616822429906552
16:29:10,0.679,D3,oa,36,0.12960235640648007
16:59:10,0.73,D3,oa,36,0.12328767123287668
17:29:10,0.769,D3,oa,36,0.0780234070221067
17:59:10,0.79,D3,oa,36,0.031645569620253194
18:29:10,0.794,D3,oa,36,0.05793450881612081
18:59:10,0.836,D3,oa,36,0.06578947368421045
19:29:10,0.849,D3,oa,36,0.035335689045936425
19:59:10,0.866,D3,oa,36,0.053117782909930765
20:29:10,0.895,D3,oa,36,0.053631284916201165
20:59:10,0.914,D3,oa,36,0.019693654266958443
21:29:10,0.913,D3,oa,36,0.016429353778751384
21:59:10,0.929,D3,oa,36,0.013993541442411207
22:29:10,0.926,D3,oa,36,0.001079913606911448
22:59:10,0.93,D3,oa,36,0.029032258064516033
23:29:10,0.953,D3,oa,36,0.04092339979013633
23:59:10,0.969,D3,oa,36,0.020639834881320967
24:29:10,0.973,D3,oa,36,0.006166495375128474
24:59:10,0.975,D3,oa,36,0.0010256410256410265
25:29:10,0.974,D3,oa,36,0.004106776180698156
25:59:10,0.979,D3,oa,36,0.004085801838610831
26:29:10,0.978,D3,oa,36,-0.004089979550102253
26:59:10,0.975,D3,oa,36,0.002051282051282053
27:29:10,0.98,D3,oa,36,0.004081632653061228
27:59:10,0.979,D3,oa,36,0.0010214504596527077
28:29:10,0.981,D3,oa,36,0.002038735983690114
28:59:10,0.981,D3,oa,36,0.018348623853211024
29:29:10,0.999,D3,oa,36,0.019019019019019034
29:59:10,1.0,D3,oa,36,0.009000000000000008
30:29:10,1.008,D3,oa,36,0.015873015873015886
30:59:10,1.016,D3,oa,36,0.017716535433070883
31:29:10,1.026,D3,oa,36,0.022417153996101277
31:59:10,1.039,D3,oa,36,0.0279114533205004
32:29:10,1.055,D3,oa,36,0.028436018957345998
32:59:10,1.069,D3,oa,36,0.025257249766136705
33:29:10,1.082,D3,oa,36,0.017560073937153538
33:59:10,1.088,D3,oa,36,0.014705882352941188
34:29:10,1.098,D3,oa,36,0.011839708561019945
34:59:10,1.101,D3,oa,36,0.012715712988192563
35:29:10,1.112,D3,oa,36,0.016187050359712244
35:59:10,1.119,D3,oa,36,0.013404825737265329
36:29:10,1.127,D3,oa,36,0.01597160603371785
36:59:10,1.137,D3,oa,36,0.01671064204045726
37:29:10,1.146,D3,oa,36,0.022687609075043653
37:59:10,1.163,D3,oa,36,0.018916595012897695
38:29:10,1.168,D3,oa,36,0.02397260273972605
38:59:10,1.191,D3,oa,36,0.03862300587741397
39:29:10,1.214,D3,oa,36,0.03294892915980234
39:59:10,1.231,D3,oa,36,0.018683996750609368
40:29:10,1.237,D3,oa,36,0.004042037186742032
40:59:10,1.236,D3,oa,36,-0.021035598705501635
41:29:10,1.211,D3,oa,36,-0.03468208092485552
41:59:10,1.194,D3,oa,36,0.01423785594639858
42:29:10,1.228,D3,oa,36,-0.007328990228012946
42:59:10,1.185,D3,oa,36,-0.07257383966244732
43:29:10,1.142,D3,oa,36,-0.05429071803852895
43:59:10,1.123,D3,oa,36,-0.03829029385574348
44:29:10,1.099,D3,oa,36,-0.015468607825295636
44:59:10,1.106,D3,oa,36,-0.018987341772151813
45:29:10,1.078,D3,oa,36,-0.02319109461966617
45:59:10,1.081,D3,oa,36,-0.008325624421831749
46:29:10,1.069,D3,oa,36,-0.015902712815715533
46:59:10,1.064,D3,oa,36,-0.011278195488721814
47:29:10,1.057,D3,oa,36,-0.006622516556291502
47:59:10,1.057,D3,oa,36,-0.005676442762535483
48:29:10,1.051,D3,oa,36,0.017126546146527134
48:59:10,1.075,D3,oa,36,0.000930232558139639
49:29:10,1.052,D3,oa,36,-0.02851711026615972
49:59:10,1.045,D3,oa,36,-0.0038277511961722524
50:29:10,1.048,D3,oa,36,-0.015267175572519097
50:59:10,1.029,D3,oa,36,-0.004859086491739666
51:29:10,1.043,D3,oa,36,0.023969319271332824
51:59:10,1.054,D3,oa,36,0.004743833017077908
52:29:10,1.048,D3,oa,36,-0.0038167938931297743
52:59:10,1.05,D3,oa,36,-0.0019047619047619063
53:29:10,1.046,D3,oa,36,0.008604206500955924
53:59:10,1.059,D3,oa,36,-0.007554296506137873
54:29:10,1.038,D3,oa,36,-0.012524084778419943
54:59:10,1.046,D3,oa,36,-0.0009560229445507762
55:29:10,1.037,D3,oa,36,-0.005785920925747354
55:59:10,1.04,D3,oa,36,0.014423076923077042
56:29:10,1.052,D3,oa,36,0.03992395437262361
56:59:10,1.082,D3,oa,36,0.015711645101663497
57:29:10,1.069,D3,oa,36,-0.04303086997193643
57:59:10,1.036,D3,oa,36,-0.04440154440154444
58:29:10,1.023,D3,oa,36,-0.019550342130987313
58:59:10,1.016,D3,oa,36,-0.009842519685039379
59:29:10,1.013,D3,oa,36,-0.0019743336623889458
59:59:10,1.014,D3,oa,36,0.013806706114398434
60:29:10,1.027,D3,oa,36,0.02239532619279446
60:59:10,1.037,D3,oa,36,-0.01350048216007716
61:29:10,1.013,D3,oa,36,-0.02467917077986171
61:59:10,1.012,D3,oa,36,0.011857707509881433
62:29:10,1.025,D3,oa,36,-0.009756097560975618
62:59:10,1.002,D3,oa,36,-0.005988023952095814
63:29:10,1.019,D3,oa,36,0.003925417075564283
63:59:10,1.006,D3,oa,36,-0.017892644135188884
64:29:10,1.001,D3,oa,36,0.00899100899100889
64:59:10,1.015,D3,oa,36,0.022660098522167618
65:29:10,1.024,D3,oa,36,-0.01171875000000001
65:59:10,1.003,D3,oa,36,-0.005982053838484552
66:29:10,1.018,D3,oa,36,0.009823182711198437
66:59:10,1.013,D3,oa,36,-0.007897334649555783
67:29:10,1.01,D3,oa,36,-0.013861386138613764
67:59:10,0.999,D3,oa,36,-0.0020020020020020037
68:29:10,1.008,D3,oa,36,0.01686507936507938
68:59:10,1.016,D3,oa,36,-0.004921259842519799
69:29:10,1.003,D3,oa,36,-0.009970089730807588
69:59:10,1.006,D3,oa,36,-0.0029821073558647035
70:29:10,1.0,D3,oa,36,-0.001000000000000112
70:59:10,1.005,D3,oa,36,0.00696517412935313
71:29:10,1.007,D3,oa,36,-0.0019860973187686218
71:59:10,1.003,D3,oa,36,-0.008973080757726718
72:29:10,0.998,D3,oa,36,-0.0050100200400800534
72:59:10,0.998,D3,oa,36,-0.004008016032064131
73:29:10,0.994,D3,oa,36,-0.009054325955734414
73:59:10,0.989,D3,oa,36,0.0
74:29:10,0.994,D3,oa,36,0.007042253521126767
74:59:10,0.996,D3,oa,36,-0.01104417670682732
75:29:10,0.983,D3,oa,36,-0.026449643947100736
