Time	A1	A2	A3	A4	A5	A6	A7	A8	A9	A10	A11	A12	B1	B2	B3	B4	B5	B6	B7	B8	B9	B10	B11	B12	C1	C2	C3	C4	C5	C6	C7	C8	C9	C10	C11	C12	D1	D2	D3	D4	D5	D6	D7	D8	D9	D10	D11	D12	E1	E2	E3	E4	E5	E6	E7	E8	E9	E10	E11	E12	F1	F2	F3	F4	F5	F6	F7	F8	F9	F10	F11	F12	G1	G2	G3	G4	G5	G6	G7	G8	G9	G10	G11	G12	H1	H2	H3	H4	H5	H6	H7	H8	H9	H10	H11	H12
0:29:10	0.094	0.093	0.088	0.09	0.089	0.089	0.187	0.151	0.137	0.087	0.09	0.089	0.088	0.088	0.09	0.09	0.089	0.089	0.088	0.089	0.087	0.088	0.087	0.087	0.091	0.087	0.088	0.091	0.088	0.092	0.088	0.088	0.088	0.088	0.096	0.089	0.088	0.091	0.096	0.096	0.079	0.087	0.089	0.087	0.089	0.087	0.089	0.087	0.089	0.092	0.089	0.088	0.091	0.086	0.087	0.09	0.087	0.087	0.088	0.088	0.093	0.087	0.087	0.085	0.085	0.089	0.087	0.086	0.086	0.087	0.089	0.091	0.09	0.085	0.086	0.09	0.091	0.095	0.087	0.085	0.09	0.085	0.088	0.102	0.086	0.085	0.094	0.086	0.084	0.085	0.084	0.084	0.086	0.086	0.085	0.09
0:59:10	0.095	0.093	0.088	0.089	0.088	0.089	0.203	0.158	0.147	0.086	0.088	0.088	0.089	0.088	0.089	0.088	0.089	0.088	0.088	0.088	0.086	0.087	0.087	0.086	0.09	0.086	0.088	0.089	0.088	0.09	0.087	0.086	0.087	0.087	0.094	0.088	0.088	0.091	0.096	0.095	0.079	0.085	0.09	0.087	0.089	0.087	0.089	0.086	0.09	0.093	0.09	0.089	0.091	0.087	0.086	0.088	0.087	0.087	0.088	0.087	0.092	0.086	0.086	0.086	0.086	0.09	0.086	0.085	0.086	0.088	0.088	0.091	0.089	0.085	0.086	0.09	0.091	0.095	0.087	0.086	0.088	0.085	0.085	0.101	0.088	0.085	0.095	0.087	0.084	0.085	0.085	0.085	0.086	0.085	0.085	0.091
1:29:10	0.095	0.094	0.088	0.088	0.088	0.088	0.217	0.17	0.162	0.085	0.087	0.087	0.088	0.088	0.089	0.088	0.089	0.088	0.088	0.087	0.086	0.088	0.087	0.087	0.09	0.086	0.087	0.089	0.088	0.089	0.086	0.086	0.086	0.087	0.094	0.087	0.091	0.092	0.097	0.094	0.079	0.086	0.09	0.088	0.09	0.087	0.088	0.086	0.089	0.093	0.089	0.088	0.091	0.087	0.087	0.088	0.087	0.087	0.087	0.087	0.091	0.086	0.086	0.086	0.086	0.09	0.086	0.086	0.086	0.087	0.087	0.09	0.088	0.085	0.085	0.09	0.091	0.096	0.087	0.085	0.087	0.086	0.086	0.1	0.087	0.086	0.095	0.088	0.086	0.086	0.085	0.085	0.086	0.085	0.085	0.09
1:59:10	0.094	0.093	0.088	0.088	0.088	0.088	0.23	0.184	0.174	0.086	0.088	0.087	0.088	0.088	0.089	0.087	0.088	0.088	0.087	0.086	0.085	0.089	0.088	0.087	0.09	0.086	0.087	0.089	0.088	0.09	0.086	0.086	0.086	0.087	0.093	0.087	0.093	0.093	0.099	0.095	0.079	0.087	0.09	0.09	0.091	0.088	0.09	0.088	0.09	0.091	0.088	0.088	0.09	0.086	0.086	0.088	0.087	0.087	0.087	0.088	0.091	0.085	0.086	0.087	0.087	0.091	0.086	0.085	0.085	0.088	0.087	0.091	0.088	0.086	0.085	0.088	0.09	0.098	0.087	0.085	0.087	0.085	0.086	0.1	0.088	0.086	0.094	0.087	0.086	0.085	0.085	0.085	0.086	0.085	0.084	0.089
2:29:10	0.094	0.092	0.087	0.088	0.088	0.088	0.246	0.195	0.191	0.086	0.088	0.087	0.087	0.088	0.088	0.087	0.088	0.087	0.087	0.086	0.085	0.09	0.089	0.089	0.089	0.086	0.087	0.089	0.087	0.089	0.086	0.086	0.086	0.087	0.094	0.087	0.093	0.094	0.1	0.095	0.079	0.085	0.09	0.089	0.089	0.089	0.088	0.086	0.091	0.091	0.088	0.087	0.09	0.086	0.086	0.088	0.087	0.086	0.087	0.088	0.091	0.085	0.086	0.087	0.088	0.092	0.085	0.085	0.085	0.088	0.087	0.09	0.088	0.086	0.085	0.088	0.09	0.098	0.086	0.085	0.086	0.085	0.085	0.1	0.087	0.087	0.095	0.086	0.086	0.085	0.085	0.085	0.086	0.084	0.084	0.089
2:59:10	0.093	0.092	0.088	0.088	0.087	0.088	0.264	0.208	0.209	0.086	0.088	0.087	0.088	0.087	0.088	0.087	0.088	0.087	0.086	0.086	0.085	0.091	0.09	0.09	0.089	0.086	0.087	0.089	0.087	0.089	0.086	0.085	0.086	0.087	0.094	0.087	0.091	0.094	0.101	0.096	0.079	0.086	0.09	0.088	0.09	0.089	0.088	0.087	0.09	0.09	0.087	0.087	0.09	0.085	0.087	0.089	0.087	0.086	0.087	0.087	0.091	0.085	0.085	0.089	0.089	0.093	0.086	0.085	0.085	0.088	0.087	0.09	0.088	0.086	0.084	0.088	0.09	0.099	0.087	0.085	0.086	0.085	0.085	0.1	0.087	0.086	0.094	0.086	0.085	0.085	0.085	0.085	0.086	0.084	0.084	0.09
3:29:10	0.092	0.091	0.087	0.088	0.087	0.088	0.276	0.223	0.229	0.086	0.088	0.087	0.089	0.088	0.089	0.087	0.088	0.088	0.086	0.085	0.084	0.094	0.093	0.093	0.089	0.086	0.087	0.089	0.087	0.089	0.085	0.085	0.085	0.087	0.093	0.086	0.093	0.095	0.101	0.097	0.08	0.085	0.091	0.088	0.092	0.089	0.088	0.086	0.089	0.091	0.088	0.087	0.089	0.085	0.086	0.088	0.086	0.086	0.087	0.088	0.091	0.085	0.085	0.09	0.092	0.095	0.086	0.085	0.085	0.088	0.087	0.091	0.087	0.086	0.084	0.087	0.09	0.098	0.086	0.085	0.087	0.086	0.085	0.101	0.088	0.085	0.094	0.086	0.085	0.085	0.085	0.085	0.086	0.084	0.084	0.089
3:59:10	0.092	0.091	0.088	0.087	0.087	0.088	0.289	0.241	0.241	0.086	0.087	0.086	0.089	0.089	0.089	0.088	0.089	0.089	0.086	0.085	0.084	0.1	0.097	0.096	0.09	0.086	0.088	0.089	0.087	0.088	0.085	0.085	0.085	0.086	0.092	0.086	0.094	0.093	0.101	0.096	0.08	0.085	0.093	0.089	0.091	0.086	0.089	0.086	0.088	0.09	0.087	0.087	0.089	0.085	0.086	0.089	0.087	0.087	0.087	0.087	0.091	0.085	0.085	0.093	0.093	0.097	0.085	0.085	0.085	0.087	0.087	0.09	0.09	0.088	0.084	0.088	0.09	0.098	0.086	0.085	0.087	0.085	0.084	0.1	0.086	0.086	0.093	0.085	0.085	0.085	0.085	0.085	0.086	0.084	0.084	0.089
4:29:10	0.092	0.091	0.088	0.088	0.087	0.088	0.303	0.266	0.251	0.085	0.087	0.086	0.089	0.089	0.091	0.088	0.09	0.09	0.086	0.085	0.084	0.108	0.104	0.1	0.089	0.086	0.087	0.089	0.088	0.088	0.085	0.085	0.085	0.086	0.092	0.086	0.094	0.095	0.104	0.095	0.08	0.088	0.094	0.091	0.095	0.087	0.091	0.086	0.09	0.092	0.09	0.087	0.089	0.085	0.087	0.089	0.086	0.087	0.087	0.09	0.091	0.085	0.084	0.098	0.102	0.103	0.085	0.085	0.085	0.087	0.087	0.09	0.09	0.089	0.084	0.088	0.09	0.099	0.087	0.085	0.086	0.086	0.085	0.101	0.09	0.088	0.092	0.086	0.084	0.085	0.085	0.085	0.086	0.084	0.084	0.089
4:59:10	0.093	0.092	0.088	0.088	0.088	0.089	0.316	0.281	0.278	0.085	0.086	0.086	0.091	0.09	0.092	0.089	0.09	0.09	0.086	0.085	0.084	0.118	0.116	0.113	0.091	0.086	0.089	0.089	0.087	0.087	0.085	0.085	0.085	0.086	0.092	0.086	0.094	0.095	0.107	0.095	0.08	0.088	0.093	0.091	0.094	0.09	0.09	0.086	0.091	0.093	0.091	0.09	0.089	0.085	0.087	0.089	0.087	0.089	0.088	0.091	0.091	0.085	0.085	0.105	0.11	0.111	0.085	0.085	0.085	0.087	0.086	0.09	0.09	0.089	0.085	0.089	0.091	0.099	0.087	0.085	0.086	0.089	0.088	0.103	0.089	0.089	0.093	0.086	0.085	0.085	0.085	0.085	0.086	0.084	0.084	0.089
5:29:10	0.095	0.093	0.089	0.09	0.089	0.088	0.332	0.3	0.299	0.084	0.086	0.086	0.091	0.091	0.092	0.09	0.092	0.091	0.085	0.085	0.084	0.129	0.126	0.125	0.094	0.087	0.092	0.089	0.087	0.087	0.085	0.085	0.085	0.086	0.092	0.086	0.095	0.096	0.108	0.096	0.08	0.087	0.094	0.092	0.095	0.093	0.091	0.086	0.093	0.095	0.093	0.097	0.091	0.085	0.087	0.088	0.086	0.091	0.089	0.093	0.091	0.085	0.085	0.116	0.12	0.122	0.085	0.085	0.085	0.088	0.085	0.092	0.09	0.089	0.087	0.09	0.092	0.1	0.087	0.085	0.087	0.089	0.088	0.106	0.088	0.089	0.09	0.086	0.084	0.086	0.085	0.085	0.086	0.084	0.084	0.089
5:59:10	0.097	0.095	0.091	0.088	0.088	0.087	0.345	0.311	0.298	0.084	0.086	0.086	0.09	0.09	0.092	0.09	0.09	0.09	0.085	0.085	0.084	0.147	0.143	0.141	0.095	0.087	0.092	0.089	0.087	0.087	0.085	0.085	0.085	0.086	0.092	0.086	0.096	0.097	0.11	0.096	0.08	0.087	0.096	0.098	0.098	0.092	0.096	0.089	0.093	0.094	0.093	0.099	0.096	0.085	0.086	0.088	0.086	0.091	0.09	0.094	0.092	0.085	0.085	0.13	0.133	0.137	0.084	0.085	0.084	0.089	0.088	0.092	0.091	0.088	0.088	0.092	0.093	0.1	0.087	0.085	0.087	0.093	0.09	0.107	0.09	0.087	0.09	0.087	0.084	0.085	0.085	0.085	0.086	0.084	0.084	0.089
6:29:10	0.1	0.099	0.093	0.089	0.086	0.086	0.356	0.328	0.334	0.087	0.09	0.085	0.092	0.09	0.092	0.091	0.092	0.092	0.085	0.084	0.083	0.178	0.169	0.166	0.095	0.089	0.093	0.089	0.087	0.087	0.085	0.085	0.085	0.085	0.091	0.086	0.096	0.098	0.112	0.096	0.08	0.086	0.102	0.1	0.101	0.093	0.096	0.091	0.095	0.096	0.095	0.099	0.099	0.09	0.087	0.088	0.086	0.091	0.091	0.094	0.092	0.086	0.086	0.154	0.158	0.161	0.084	0.084	0.084	0.088	0.087	0.093	0.091	0.088	0.087	0.093	0.094	0.1	0.088	0.086	0.087	0.093	0.092	0.106	0.089	0.088	0.09	0.087	0.084	0.085	0.085	0.085	0.086	0.084	0.084	0.089
6:59:10	0.101	0.1	0.096	0.089	0.088	0.086	0.366	0.336	0.331	0.087	0.091	0.086	0.093	0.091	0.093	0.092	0.094	0.093	0.085	0.085	0.083	0.191	0.19	0.188	0.095	0.091	0.093	0.089	0.087	0.086	0.085	0.085	0.085	0.086	0.092	0.085	0.097	0.099	0.114	0.096	0.08	0.088	0.102	0.102	0.103	0.095	0.095	0.093	0.096	0.097	0.095	0.1	0.1	0.095	0.088	0.089	0.086	0.092	0.094	0.093	0.092	0.087	0.085	0.184	0.188	0.193	0.087	0.084	0.085	0.089	0.089	0.093	0.09	0.089	0.085	0.093	0.096	0.1	0.087	0.086	0.088	0.093	0.094	0.107	0.087	0.088	0.091	0.086	0.086	0.085	0.085	0.086	0.086	0.084	0.084	0.089
7:29:10	0.103	0.102	0.096	0.09	0.087	0.089	0.376	0.35	0.355	0.089	0.087	0.087	0.093	0.092	0.094	0.092	0.094	0.09	0.085	0.084	0.083	0.224	0.214	0.211	0.096	0.092	0.094	0.088	0.087	0.088	0.085	0.085	0.085	0.085	0.092	0.085	0.098	0.1	0.119	0.097	0.08	0.087	0.11	0.107	0.107	0.094	0.096	0.091	0.096	0.098	0.097	0.1	0.102	0.097	0.086	0.088	0.086	0.091	0.094	0.094	0.092	0.086	0.087	0.223	0.235	0.233	0.087	0.084	0.084	0.089	0.089	0.094	0.091	0.09	0.087	0.093	0.095	0.1	0.088	0.086	0.087	0.095	0.095	0.11	0.091	0.087	0.091	0.087	0.088	0.088	0.085	0.085	0.086	0.084	0.084	0.089
7:59:10	0.105	0.103	0.098	0.091	0.086	0.087	0.382	0.363	0.358	0.089	0.087	0.088	0.095	0.092	0.094	0.093	0.094	0.094	0.085	0.084	0.083	0.294	0.249	0.243	0.097	0.093	0.095	0.088	0.086	0.087	0.085	0.085	0.085	0.085	0.095	0.085	0.099	0.101	0.126	0.097	0.08	0.087	0.114	0.113	0.109	0.097	0.098	0.097	0.097	0.098	0.096	0.101	0.102	0.098	0.087	0.087	0.086	0.095	0.095	0.095	0.092	0.086	0.087	0.288	0.31	0.307	0.087	0.085	0.084	0.09	0.087	0.092	0.091	0.09	0.085	0.091	0.096	0.099	0.088	0.086	0.089	0.095	0.096	0.112	0.091	0.088	0.092	0.086	0.086	0.086	0.085	0.087	0.086	0.084	0.084	0.089
8:29:10	0.107	0.107	0.098	0.09	0.086	0.088	0.385	0.352	0.376	0.088	0.089	0.088	0.092	0.095	0.096	0.094	0.094	0.093	0.085	0.084	0.083	0.359	0.287	0.293	0.098	0.094	0.096	0.088	0.086	0.089	0.085	0.088	0.085	0.088	0.095	0.087	0.101	0.102	0.131	0.097	0.08	0.088	0.12	0.119	0.114	0.1	0.101	0.101	0.097	0.097	0.097	0.103	0.104	0.1	0.086	0.089	0.089	0.096	0.096	0.095	0.093	0.087	0.088	0.361	0.394	0.39	0.087	0.086	0.084	0.088	0.088	0.093	0.093	0.089	0.087	0.093	0.096	0.1	0.089	0.087	0.089	0.094	0.098	0.111	0.088	0.088	0.092	0.087	0.091	0.09	0.086	0.086	0.086	0.084	0.084	0.089
8:59:10	0.107	0.108	0.1	0.087	0.088	0.088	0.39	0.368	0.366	0.088	0.089	0.087	0.096	0.095	0.096	0.093	0.094	0.094	0.085	0.084	0.083	0.347	0.404	0.392	0.099	0.095	0.097	0.088	0.086	0.089	0.091	0.085	0.089	0.088	0.096	0.087	0.102	0.104	0.139	0.092	0.08	0.088	0.126	0.124	0.118	0.104	0.106	0.106	0.096	0.1	0.098	0.105	0.106	0.102	0.086	0.088	0.088	0.099	0.098	0.097	0.092	0.086	0.086	0.452	0.379	0.429	0.085	0.085	0.086	0.09	0.089	0.093	0.094	0.091	0.088	0.094	0.096	0.1	0.089	0.087	0.089	0.098	0.098	0.116	0.091	0.089	0.09	0.091	0.092	0.089	0.086	0.086	0.086	0.084	0.084	0.089
9:29:10	0.11	0.108	0.099	0.087	0.089	0.086	0.385	0.372	0.377	0.089	0.09	0.087	0.098	0.094	0.097	0.094	0.095	0.094	0.085	0.084	0.083	0.545	0.569	0.586	0.1	0.097	0.1	0.088	0.087	0.089	0.089	0.085	0.088	0.087	0.095	0.085	0.105	0.107	0.15	0.096	0.08	0.089	0.133	0.131	0.123	0.111	0.113	0.113	0.098	0.095	0.098	0.108	0.11	0.106	0.089	0.09	0.091	0.102	0.102	0.101	0.094	0.088	0.088	0.503	0.561	0.56	0.087	0.086	0.085	0.09	0.09	0.093	0.095	0.092	0.089	0.094	0.097	0.1	0.089	0.088	0.089	0.101	0.101	0.118	0.09	0.089	0.091	0.091	0.093	0.091	0.085	0.086	0.085	0.084	0.084	0.089
9:59:10	0.112	0.112	0.103	0.087	0.089	0.089	0.386	0.365	0.374	0.088	0.089	0.089	0.096	0.097	0.094	0.095	0.096	0.094	0.085	0.084	0.083	0.614	0.626	0.64	0.101	0.098	0.099	0.089	0.086	0.09	0.092	0.086	0.088	0.088	0.091	0.086	0.111	0.111	0.162	0.098	0.08	0.089	0.138	0.137	0.128	0.124	0.123	0.12	0.098	0.1	0.097	0.11	0.113	0.108	0.088	0.092	0.089	0.105	0.105	0.105	0.092	0.089	0.088	0.599	0.611	0.608	0.087	0.086	0.085	0.09	0.089	0.09	0.095	0.091	0.091	0.094	0.096	0.1	0.089	0.087	0.089	0.105	0.105	0.12	0.09	0.09	0.09	0.092	0.093	0.091	0.087	0.086	0.086	0.084	0.084	0.089
10:29:10	0.114	0.111	0.105	0.088	0.091	0.087	0.394	0.37	0.385	0.09	0.089	0.089	0.098	0.098	0.098	0.096	0.096	0.094	0.085	0.084	0.083	0.646	0.67	0.693	0.103	0.101	0.103	0.091	0.087	0.091	0.093	0.089	0.09	0.086	0.093	0.086	0.115	0.118	0.179	0.098	0.08	0.089	0.146	0.143	0.133	0.134	0.137	0.144	0.1	0.097	0.1	0.113	0.117	0.112	0.089	0.09	0.09	0.11	0.11	0.111	0.093	0.088	0.088	0.634	0.656	0.644	0.087	0.087	0.084	0.091	0.089	0.092	0.096	0.093	0.09	0.095	0.097	0.1	0.089	0.087	0.09	0.11	0.109	0.125	0.09	0.089	0.092	0.092	0.093	0.093	0.087	0.085	0.087	0.084	0.084	0.089
10:59:10	0.115	0.107	0.104	0.093	0.088	0.086	0.392	0.373	0.383	0.089	0.089	0.088	0.099	0.098	0.099	0.096	0.096	0.096	0.085	0.084	0.083	0.701	0.725	0.741	0.105	0.101	0.106	0.088	0.088	0.089	0.09	0.089	0.09	0.09	0.092	0.089	0.122	0.125	0.208	0.098	0.08	0.089	0.152	0.148	0.138	0.147	0.148	0.146	0.099	0.098	0.099	0.118	0.121	0.116	0.087	0.089	0.092	0.115	0.117	0.117	0.093	0.085	0.088	0.667	0.703	0.695	0.087	0.086	0.087	0.091	0.09	0.093	0.097	0.092	0.09	0.094	0.096	0.1	0.09	0.084	0.086	0.112	0.113	0.129	0.089	0.09	0.093	0.092	0.095	0.091	0.086	0.087	0.087	0.084	0.084	0.088
11:29:10	0.117	0.112	0.108	0.089	0.087	0.086	0.398	0.357	0.361	0.087	0.088	0.088	0.1	0.098	0.1	0.095	0.096	0.096	0.085	0.084	0.083	0.751	0.781	0.786	0.107	0.105	0.105	0.088	0.086	0.091	0.089	0.089	0.092	0.086	0.094	0.088	0.13	0.135	0.249	0.098	0.08	0.089	0.16	0.154	0.145	0.163	0.164	0.16	0.097	0.1	0.096	0.122	0.126	0.121	0.088	0.089	0.092	0.123	0.124	0.124	0.094	0.087	0.088	0.721	0.772	0.765	0.088	0.086	0.087	0.09	0.089	0.094	0.096	0.091	0.09	0.094	0.096	0.1	0.09	0.086	0.089	0.116	0.116	0.133	0.092	0.089	0.091	0.093	0.094	0.092	0.086	0.087	0.088	0.084	0.084	0.089
11:59:10	0.115	0.116	0.113	0.087	0.09	0.088	0.399	0.374	0.363	0.088	0.09	0.089	0.102	0.101	0.101	0.096	0.098	0.097	0.085	0.084	0.083	0.815	0.852	0.862	0.11	0.107	0.108	0.089	0.089	0.092	0.091	0.085	0.089	0.089	0.094	0.087	0.145	0.147	0.3	0.099	0.08	0.09	0.166	0.165	0.15	0.174	0.176	0.175	0.099	0.101	0.097	0.128	0.131	0.126	0.09	0.092	0.092	0.132	0.134	0.133	0.094	0.089	0.087	0.805	0.873	0.863	0.088	0.084	0.086	0.091	0.091	0.092	0.092	0.093	0.093	0.095	0.096	0.099	0.09	0.084	0.088	0.119	0.119	0.136	0.09	0.089	0.091	0.096	0.097	0.094	0.085	0.087	0.088	0.084	0.084	0.088
12:29:10	0.119	0.12	0.116	0.092	0.088	0.087	0.4	0.363	0.375	0.088	0.089	0.089	0.106	0.105	0.106	0.097	0.098	0.097	0.085	0.084	0.083	0.826	0.849	0.872	0.114	0.112	0.113	0.088	0.088	0.092	0.089	0.092	0.088	0.09	0.094	0.09	0.155	0.157	0.341	0.099	0.08	0.09	0.173	0.172	0.158	0.192	0.194	0.194	0.102	0.104	0.1	0.134	0.138	0.133	0.092	0.093	0.093	0.143	0.144	0.144	0.094	0.087	0.091	0.84	0.893	0.888	0.086	0.087	0.088	0.091	0.09	0.092	0.098	0.095	0.094	0.094	0.096	0.1	0.091	0.086	0.088	0.126	0.125	0.139	0.092	0.091	0.092	0.099	0.099	0.099	0.086	0.088	0.088	0.084	0.084	0.088
12:59:10	0.124	0.125	0.12	0.088	0.091	0.091	0.399	0.369	0.374	0.088	0.091	0.089	0.112	0.112	0.11	0.098	0.099	0.098	0.085	0.084	0.083	0.868	0.888	0.903	0.118	0.116	0.117	0.091	0.089	0.091	0.087	0.085	0.092	0.087	0.094	0.09	0.167	0.17	0.39	0.1	0.08	0.091	0.182	0.18	0.167	0.208	0.212	0.215	0.105	0.106	0.101	0.139	0.143	0.139	0.091	0.093	0.093	0.155	0.156	0.153	0.096	0.09	0.092	0.868	0.909	0.911	0.089	0.087	0.087	0.091	0.09	0.094	0.099	0.097	0.095	0.094	0.097	0.1	0.089	0.084	0.088	0.132	0.13	0.146	0.093	0.091	0.092	0.104	0.104	0.103	0.088	0.086	0.088	0.084	0.084	0.088
13:29:10	0.129	0.13	0.125	0.087	0.087	0.092	0.39	0.381	0.373	0.089	0.09	0.09	0.121	0.121	0.12	0.1	0.101	0.1	0.085	0.084	0.084	0.924	0.941	0.949	0.122	0.119	0.12	0.091	0.091	0.092	0.09	0.086	0.091	0.088	0.095	0.09	0.188	0.191	0.443	0.1	0.079	0.091	0.19	0.188	0.175	0.232	0.235	0.242	0.109	0.11	0.104	0.145	0.149	0.144	0.092	0.093	0.092	0.167	0.167	0.169	0.094	0.091	0.089	0.892	0.934	0.931	0.088	0.088	0.087	0.09	0.088	0.094	0.101	0.099	0.097	0.094	0.096	0.1	0.09	0.085	0.086	0.138	0.134	0.149	0.093	0.09	0.092	0.112	0.109	0.11	0.087	0.087	0.088	0.084	0.084	0.088
13:59:10	0.136	0.136	0.131	0.087	0.087	0.093	0.402	0.368	0.371	0.089	0.09	0.092	0.133	0.132	0.132	0.104	0.104	0.104	0.085	0.084	0.083	0.96	0.971	0.981	0.126	0.124	0.124	0.09	0.091	0.092	0.095	0.092	0.093	0.088	0.097	0.091	0.248	0.242	0.489	0.101	0.08	0.092	0.209	0.201	0.186	0.258	0.262	0.27	0.114	0.114	0.107	0.151	0.155	0.15	0.092	0.092	0.092	0.182	0.182	0.182	0.093	0.092	0.088	0.908	0.952	0.949	0.089	0.087	0.085	0.091	0.091	0.095	0.106	0.103	0.101	0.094	0.096	0.099	0.09	0.084	0.09	0.149	0.139	0.154	0.093	0.091	0.092	0.127	0.119	0.119	0.088	0.087	0.088	0.084	0.084	0.088
14:29:10	0.143	0.142	0.137	0.093	0.091	0.092	0.401	0.367	0.384	0.088	0.091	0.092	0.147	0.145	0.145	0.108	0.109	0.108	0.085	0.084	0.083	0.999	1.033	1.032	0.131	0.128	0.129	0.091	0.09	0.092	0.095	0.093	0.096	0.089	0.095	0.088	0.316	0.309	0.537	0.103	0.079	0.093	0.225	0.218	0.201	0.287	0.29	0.287	0.118	0.119	0.111	0.158	0.162	0.157	0.093	0.088	0.092	0.194	0.196	0.199	0.097	0.091	0.088	0.921	0.964	0.958	0.087	0.088	0.087	0.091	0.089	0.094	0.113	0.109	0.106	0.094	0.096	0.1	0.089	0.086	0.093	0.157	0.145	0.159	0.093	0.091	0.092	0.142	0.133	0.132	0.088	0.085	0.086	0.083	0.084	0.088
14:59:10	0.151	0.149	0.144	0.092	0.091	0.09	0.39	0.367	0.352	0.089	0.091	0.092	0.165	0.163	0.163	0.115	0.116	0.115	0.085	0.084	0.083	1.077	1.103	1.113	0.138	0.135	0.136	0.091	0.091	0.092	0.098	0.091	0.094	0.09	0.097	0.09	0.38	0.393	0.532	0.105	0.08	0.095	0.241	0.247	0.218	0.308	0.307	0.3	0.122	0.124	0.117	0.165	0.168	0.162	0.093	0.092	0.093	0.213	0.223	0.235	0.096	0.091	0.091	0.979	1.025	1.022	0.087	0.086	0.088	0.091	0.091	0.094	0.123	0.117	0.114	0.094	0.097	0.1	0.088	0.085	0.092	0.169	0.156	0.168	0.093	0.092	0.093	0.161	0.153	0.157	0.088	0.086	0.086	0.083	0.084	0.088
15:29:10	0.159	0.158	0.152	0.093	0.091	0.089	0.387	0.371	0.349	0.09	0.092	0.091	0.18	0.179	0.179	0.122	0.123	0.122	0.085	0.084	0.083	1.097	1.111	1.115	0.144	0.141	0.142	0.092	0.091	0.092	0.096	0.088	0.091	0.088	0.097	0.088	0.429	0.458	0.598	0.107	0.079	0.096	0.252	0.25	0.227	0.345	0.339	0.33	0.124	0.126	0.119	0.172	0.172	0.168	0.093	0.094	0.094	0.246	0.265	0.269	0.098	0.087	0.092	0.992	1.042	1.035	0.088	0.086	0.087	0.09	0.091	0.096	0.134	0.127	0.123	0.094	0.096	0.099	0.088	0.085	0.092	0.173	0.167	0.19	0.093	0.092	0.093	0.181	0.172	0.173	0.086	0.087	0.086	0.084	0.083	0.088
15:59:10	0.167	0.168	0.162	0.092	0.091	0.09	0.395	0.367	0.37	0.09	0.091	0.092	0.19	0.193	0.191	0.131	0.131	0.131	0.085	0.084	0.083	1.104	1.125	1.123	0.153	0.149	0.15	0.09	0.091	0.092	0.094	0.092	0.096	0.09	0.096	0.088	0.389	0.433	0.642	0.11	0.079	0.098	0.264	0.262	0.242	0.373	0.365	0.359	0.128	0.129	0.122	0.171	0.172	0.169	0.094	0.094	0.094	0.294	0.302	0.301	0.096	0.092	0.093	1.022	1.076	1.067	0.087	0.086	0.083	0.092	0.092	0.096	0.147	0.139	0.135	0.094	0.097	0.1	0.088	0.085	0.091	0.182	0.17	0.201	0.093	0.092	0.093	0.206	0.193	0.193	0.087	0.086	0.089	0.083	0.083	0.088
16:29:10	0.174	0.177	0.171	0.089	0.091	0.092	0.4	0.356	0.377	0.089	0.091	0.092	0.203	0.199	0.198	0.139	0.14	0.139	0.085	0.084	0.083	1.092	1.121	1.117	0.161	0.156	0.157	0.091	0.09	0.092	0.098	0.093	0.089	0.087	0.093	0.087	0.484	0.504	0.679	0.114	0.08	0.101	0.275	0.272	0.255	0.558	0.544	0.476	0.131	0.132	0.125	0.177	0.179	0.175	0.093	0.094	0.093	0.368	0.359	0.344	0.096	0.093	0.092	1.022	1.077	1.067	0.088	0.087	0.086	0.092	0.093	0.097	0.159	0.151	0.147	0.094	0.097	0.1	0.087	0.086	0.088	0.19	0.175	0.199	0.094	0.092	0.094	0.231	0.212	0.21	0.088	0.087	0.088	0.084	0.083	0.088
16:59:10	0.183	0.189	0.185	0.092	0.091	0.092	0.392	0.368	0.371	0.089	0.092	0.092	0.221	0.215	0.216	0.15	0.15	0.149	0.085	0.084	0.083	1.095	1.124	1.121	0.172	0.166	0.167	0.091	0.089	0.092	0.094	0.097	0.099	0.091	0.097	0.087	0.57	0.562	0.73	0.118	0.08	0.105	0.292	0.289	0.271	0.666	0.659	0.624	0.134	0.136	0.128	0.184	0.187	0.183	0.094	0.095	0.095	0.498	0.468	0.427	0.098	0.092	0.093	1.035	1.097	1.083	0.087	0.086	0.086	0.093	0.093	0.098	0.173	0.166	0.162	0.095	0.096	0.1	0.086	0.087	0.091	0.202	0.185	0.201	0.094	0.093	0.095	0.245	0.225	0.224	0.088	0.087	0.089	0.083	0.083	0.088
17:29:10	0.188	0.202	0.199	0.093	0.091	0.086	0.407	0.364	0.37	0.09	0.093	0.093	0.24	0.235	0.237	0.16	0.159	0.158	0.085	0.084	0.083	1.099	1.126	1.128	0.184	0.176	0.177	0.091	0.093	0.092	0.1	0.093	0.098	0.09	0.096	0.087	0.593	0.605	0.769	0.123	0.08	0.109	0.309	0.304	0.288	0.705	0.709	0.703	0.138	0.14	0.132	0.193	0.196	0.191	0.094	0.095	0.096	0.599	0.591	0.567	0.099	0.092	0.094	1.051	1.118	1.102	0.088	0.086	0.087	0.094	0.093	0.098	0.183	0.181	0.177	0.095	0.096	0.099	0.09	0.087	0.089	0.213	0.194	0.207	0.095	0.093	0.095	0.253	0.247	0.249	0.086	0.087	0.087	0.083	0.083	0.088
17:59:10	0.197	0.217	0.214	0.091	0.092	0.09	0.401	0.374	0.376	0.091	0.093	0.093	0.264	0.261	0.264	0.169	0.167	0.165	0.085	0.084	0.083	1.096	1.115	1.123	0.197	0.189	0.19	0.089	0.093	0.092	0.094	0.098	0.1	0.09	0.095	0.088	0.634	0.626	0.79	0.129	0.08	0.114	0.327	0.32	0.304	0.731	0.736	0.734	0.141	0.143	0.136	0.202	0.211	0.201	0.094	0.095	0.096	0.668	0.673	0.666	0.1	0.092	0.092	1.063	1.131	1.112	0.086	0.087	0.087	0.094	0.094	0.099	0.189	0.196	0.191	0.094	0.096	0.1	0.09	0.085	0.089	0.226	0.203	0.215	0.095	0.094	0.096	0.28	0.277	0.278	0.086	0.087	0.089	0.083	0.083	0.088
18:29:10	0.209	0.23	0.227	0.09	0.091	0.091	0.388	0.374	0.383	0.091	0.093	0.094	0.29	0.29	0.295	0.174	0.174	0.171	0.085	0.084	0.083	1.076	1.088	1.095	0.209	0.2	0.203	0.092	0.093	0.092	0.096	0.098	0.1	0.09	0.095	0.087	0.682	0.671	0.794	0.134	0.08	0.12	0.339	0.332	0.318	0.739	0.744	0.742	0.144	0.146	0.138	0.214	0.225	0.213	0.094	0.095	0.096	0.71	0.72	0.719	0.097	0.093	0.095	1.055	1.122	1.101	0.086	0.087	0.086	0.094	0.094	0.1	0.202	0.202	0.199	0.095	0.096	0.1	0.09	0.084	0.089	0.238	0.215	0.225	0.096	0.094	0.096	0.313	0.31	0.309	0.086	0.086	0.089	0.083	0.083	0.088
18:59:10	0.222	0.229	0.221	0.093	0.09	0.092	0.406	0.364	0.38	0.092	0.094	0.094	0.316	0.317	0.32	0.178	0.179	0.178	0.085	0.084	0.083	1.108	1.123	1.129	0.23	0.237	0.24	0.091	0.092	0.092	0.093	0.096	0.094	0.09	0.095	0.087	0.742	0.723	0.836	0.139	0.08	0.125	0.355	0.35	0.334	0.771	0.777	0.777	0.148	0.15	0.142	0.227	0.243	0.227	0.095	0.095	0.096	0.769	0.784	0.786	0.101	0.089	0.092	1.082	1.157	1.134	0.086	0.087	0.087	0.095	0.094	0.1	0.212	0.205	0.201	0.094	0.096	0.1	0.09	0.084	0.088	0.246	0.221	0.231	0.096	0.095	0.097	0.348	0.344	0.344	0.089	0.087	0.086	0.083	0.083	0.088
19:29:10	0.239	0.235	0.232	0.093	0.09	0.091	0.398	0.364	0.392	0.092	0.094	0.094	0.38	0.392	0.43	0.187	0.189	0.188	0.085	0.084	0.083	1.086	1.099	1.104	0.253	0.278	0.278	0.092	0.092	0.092	0.1	0.098	0.098	0.091	0.095	0.086	0.768	0.752	0.849	0.143	0.08	0.129	0.372	0.367	0.349	0.787	0.793	0.791	0.151	0.154	0.146	0.242	0.261	0.242	0.094	0.095	0.096	0.795	0.812	0.816	0.1	0.095	0.094	1.088	1.165	1.14	0.088	0.088	0.088	0.095	0.095	0.102	0.229	0.221	0.216	0.094	0.096	0.1	0.089	0.086	0.089	0.256	0.23	0.24	0.097	0.096	0.097	0.392	0.389	0.387	0.089	0.088	0.087	0.083	0.083	0.088
19:59:10	0.257	0.248	0.25	0.091	0.091	0.091	0.39	0.344	0.378	0.092	0.094	0.095	0.502	0.539	0.582	0.198	0.202	0.2	0.086	0.084	0.083	1.075	1.094	1.091	0.298	0.339	0.333	0.092	0.093	0.093	0.102	0.097	0.094	0.09	0.095	0.086	0.793	0.782	0.866	0.147	0.08	0.134	0.392	0.385	0.364	0.805	0.81	0.806	0.156	0.159	0.15	0.26	0.269	0.26	0.095	0.096	0.096	0.82	0.84	0.847	0.1	0.092	0.096	1.103	1.183	1.157	0.086	0.087	0.086	0.097	0.096	0.103	0.248	0.239	0.234	0.094	0.096	0.1	0.09	0.086	0.088	0.26	0.233	0.247	0.098	0.097	0.098	0.456	0.452	0.448	0.088	0.086	0.086	0.083	0.083	0.088
20:29:10	0.276	0.268	0.271	0.093	0.091	0.092	0.402	0.357	0.376	0.093	0.096	0.095	0.639	0.676	0.695	0.21	0.214	0.212	0.086	0.084	0.085	1.107	1.127	1.116	0.343	0.418	0.405	0.091	0.092	0.092	0.101	0.102	0.098	0.091	0.095	0.086	0.832	0.824	0.895	0.152	0.08	0.135	0.415	0.409	0.379	0.829	0.835	0.829	0.16	0.164	0.154	0.272	0.277	0.272	0.096	0.096	0.096	0.849	0.87	0.881	0.099	0.094	0.093	1.13	1.213	1.188	0.087	0.087	0.086	0.1	0.098	0.105	0.268	0.259	0.253	0.095	0.096	0.1	0.091	0.091	0.09	0.257	0.234	0.253	0.1	0.098	0.1	0.585	0.558	0.561	0.088	0.087	0.088	0.083	0.083	0.088
20:59:10	0.298	0.294	0.299	0.09	0.091	0.092	0.39	0.359	0.388	0.093	0.096	0.097	0.728	0.748	0.76	0.224	0.228	0.227	0.086	0.084	0.083	1.111	1.136	1.115	0.382	0.475	0.456	0.093	0.094	0.093	0.1	0.101	0.102	0.091	0.095	0.086	0.857	0.852	0.914	0.156	0.08	0.137	0.426	0.421	0.367	0.852	0.857	0.846	0.164	0.168	0.159	0.286	0.29	0.285	0.096	0.096	0.096	0.873	0.894	0.908	0.103	0.093	0.096	1.152	1.239	1.213	0.088	0.087	0.086	0.102	0.102	0.112	0.29	0.285	0.276	0.094	0.096	0.099	0.089	0.088	0.091	0.244	0.238	0.261	0.101	0.1	0.101	0.731	0.703	0.698	0.088	0.086	0.088	0.083	0.083	0.088
21:29:10	0.329	0.335	0.344	0.092	0.092	0.092	0.402	0.36	0.364	0.094	0.096	0.097	0.761	0.781	0.783	0.241	0.246	0.246	0.085	0.084	0.083	1.085	1.11	1.087	0.435	0.524	0.496	0.093	0.092	0.092	0.094	0.102	0.102	0.091	0.096	0.086	0.86	0.855	0.913	0.162	0.08	0.143	0.433	0.43	0.37	0.861	0.864	0.854	0.169	0.173	0.163	0.302	0.306	0.301	0.096	0.097	0.097	0.883	0.906	0.923	0.103	0.096	0.097	1.153	1.237	1.212	0.088	0.087	0.087	0.105	0.105	0.118	0.316	0.311	0.302	0.095	0.097	0.1	0.09	0.089	0.09	0.25	0.247	0.273	0.103	0.102	0.103	0.832	0.808	0.787	0.088	0.087	0.089	0.083	0.083	0.088
21:59:10	0.369	0.381	0.388	0.093	0.091	0.092	0.409	0.371	0.383	0.094	0.097	0.098	0.804	0.829	0.824	0.257	0.262	0.262	0.086	0.084	0.083	1.106	1.129	1.104	0.501	0.501	0.477	0.093	0.093	0.092	0.098	0.104	0.103	0.09	0.097	0.086	0.881	0.878	0.929	0.164	0.08	0.143	0.44	0.44	0.351	0.879	0.881	0.868	0.172	0.177	0.167	0.32	0.322	0.318	0.096	0.097	0.097	0.899	0.922	0.942	0.104	0.094	0.097	1.175	1.259	1.235	0.087	0.087	0.087	0.109	0.109	0.119	0.343	0.335	0.326	0.092	0.096	0.099	0.087	0.09	0.091	0.258	0.256	0.281	0.106	0.104	0.106	0.902	0.875	0.858	0.089	0.086	0.088	0.083	0.083	0.088
22:29:10	0.426	0.406	0.406	0.092	0.088	0.093	0.405	0.367	0.373	0.095	0.096	0.099	0.818	0.841	0.837	0.276	0.28	0.278	0.085	0.084	0.083	1.085	1.105	1.084	0.529	0.578	0.553	0.091	0.092	0.092	0.105	0.1	0.103	0.091	0.092	0.086	0.882	0.878	0.926	0.168	0.08	0.148	0.447	0.447	0.363	0.883	0.884	0.874	0.177	0.182	0.171	0.358	0.347	0.345	0.096	0.098	0.098	0.907	0.93	0.952	0.104	0.098	0.098	1.168	1.249	1.226	0.089	0.088	0.088	0.114	0.114	0.122	0.378	0.388	0.361	0.094	0.097	0.1	0.09	0.089	0.091	0.268	0.266	0.293	0.109	0.107	0.11	0.915	0.89	0.878	0.088	0.087	0.088	0.083	0.083	0.088
22:59:10	0.45	0.441	0.445	0.093	0.093	0.093	0.404	0.359	0.399	0.096	0.098	0.101	0.836	0.86	0.855	0.295	0.298	0.295	0.086	0.084	0.085	1.082	1.101	1.081	0.649	0.661	0.647	0.094	0.091	0.092	0.101	0.105	0.104	0.091	0.094	0.086	0.888	0.885	0.93	0.173	0.08	0.152	0.456	0.459	0.372	0.889	0.89	0.882	0.182	0.188	0.176	0.445	0.42	0.415	0.097	0.098	0.098	0.918	0.942	0.966	0.105	0.096	0.099	1.169	1.252	1.229	0.088	0.088	0.088	0.12	0.119	0.127	0.551	0.558	0.497	0.094	0.096	0.1	0.09	0.089	0.093	0.278	0.276	0.305	0.112	0.111	0.114	0.937	0.913	0.903	0.088	0.086	0.088	0.083	0.083	0.088
23:29:10	0.523	0.533	0.546	0.088	0.091	0.092	0.387	0.367	0.366	0.097	0.099	0.102	0.865	0.897	0.89	0.313	0.318	0.314	0.087	0.085	0.085	1.133	1.155	1.125	0.673	0.779	0.768	0.092	0.094	0.093	0.105	0.107	0.106	0.09	0.091	0.086	0.911	0.914	0.953	0.171	0.08	0.152	0.444	0.473	0.351	0.909	0.91	0.898	0.185	0.194	0.181	0.443	0.386	0.384	0.097	0.098	0.098	0.935	0.962	0.989	0.106	0.099	0.099	1.206	1.291	1.267	0.088	0.089	0.088	0.124	0.124	0.133	0.638	0.671	0.581	0.094	0.096	0.1	0.092	0.089	0.092	0.287	0.285	0.307	0.116	0.113	0.117	0.981	0.957	0.947	0.088	0.087	0.087	0.083	0.083	0.088
23:59:10	0.61	0.606	0.622	0.088	0.091	0.09	0.402	0.361	0.378	0.102	0.101	0.104	0.885	0.926	0.92	0.33	0.335	0.331	0.086	0.084	0.085	1.144	1.169	1.133	0.698	0.808	0.804	0.091	0.092	0.093	0.104	0.109	0.103	0.089	0.093	0.086	0.929	0.934	0.969	0.171	0.08	0.156	0.383	0.415	0.346	0.927	0.926	0.909	0.187	0.2	0.187	0.458	0.406	0.41	0.098	0.099	0.099	0.953	0.981	1.011	0.107	0.098	0.1	1.23	1.31	1.29	0.089	0.088	0.088	0.13	0.129	0.139	0.674	0.761	0.696	0.095	0.096	0.1	0.092	0.089	0.091	0.299	0.296	0.317	0.12	0.117	0.121	1.017	0.993	0.982	0.087	0.087	0.087	0.083	0.083	0.088
24:29:10	0.661	0.657	0.674	0.092	0.091	0.093	0.403	0.367	0.382	0.104	0.108	0.107	0.9	0.94	0.935	0.349	0.353	0.348	0.085	0.084	0.084	1.132	1.154	1.12	0.761	0.849	0.873	0.094	0.094	0.093	0.109	0.11	0.105	0.091	0.092	0.087	0.936	0.94	0.973	0.175	0.08	0.16	0.377	0.405	0.355	0.934	0.932	0.917	0.191	0.206	0.192	0.55	0.518	0.513	0.098	0.099	0.099	0.965	0.993	1.026	0.107	0.1	0.1	1.231	1.306	1.286	0.089	0.088	0.088	0.136	0.136	0.146	0.76	0.812	0.776	0.094	0.096	0.1	0.092	0.09	0.091	0.312	0.309	0.331	0.124	0.121	0.126	1.038	1.016	1.006	0.084	0.085	0.086	0.083	0.083	0.088
24:59:10	0.69	0.685	0.7	0.094	0.092	0.093	0.403	0.373	0.371	0.107	0.11	0.109	0.911	0.951	0.947	0.373	0.379	0.373	0.087	0.084	0.084	1.117	1.136	1.104	0.821	0.876	0.898	0.094	0.094	0.093	0.11	0.11	0.1	0.087	0.092	0.086	0.939	0.943	0.975	0.179	0.08	0.164	0.38	0.407	0.368	0.937	0.935	0.922	0.196	0.213	0.198	0.619	0.605	0.595	0.1	0.099	0.1	0.971	1.001	1.036	0.108	0.102	0.101	1.227	1.299	1.278	0.089	0.088	0.089	0.142	0.142	0.153	0.804	0.843	0.818	0.094	0.095	0.1	0.091	0.09	0.091	0.326	0.322	0.345	0.128	0.125	0.133	1.056	1.035	1.025	0.087	0.087	0.087	0.083	0.084	0.088
25:29:10	0.703	0.695	0.709	0.09	0.092	0.093	0.405	0.345	0.371	0.11	0.112	0.112	0.919	0.956	0.952	0.403	0.407	0.399	0.086	0.084	0.083	1.091	1.108	1.079	0.859	0.897	0.911	0.093	0.093	0.093	0.112	0.112	0.105	0.088	0.096	0.088	0.94	0.942	0.974	0.187	0.08	0.168	0.4	0.419	0.387	0.936	0.932	0.923	0.203	0.22	0.205	0.658	0.648	0.646	0.1	0.1	0.1	0.974	1.004	1.039	0.108	0.102	0.102	1.212	1.282	1.264	0.089	0.089	0.089	0.149	0.149	0.162	0.824	0.861	0.841	0.095	0.095	0.1	0.091	0.091	0.091	0.347	0.342	0.366	0.133	0.129	0.139	1.067	1.047	1.037	0.087	0.086	0.086	0.083	0.083	0.088
25:59:10	0.72	0.708	0.722	0.094	0.09	0.093	0.408	0.361	0.382	0.113	0.115	0.117	0.93	0.967	0.963	0.432	0.437	0.429	0.086	0.084	0.085	1.089	1.107	1.077	0.894	0.938	0.944	0.093	0.095	0.093	0.117	0.113	0.106	0.089	0.096	0.088	0.947	0.949	0.979	0.189	0.08	0.172	0.411	0.427	0.398	0.939	0.935	0.928	0.207	0.227	0.211	0.692	0.686	0.69	0.1	0.1	0.101	0.984	1.014	1.049	0.109	0.103	0.102	1.21	1.281	1.262	0.089	0.089	0.089	0.157	0.157	0.171	0.843	0.883	0.866	0.095	0.096	0.1	0.088	0.09	0.09	0.36	0.354	0.378	0.138	0.134	0.144	1.083	1.065	1.055	0.086	0.086	0.087	0.083	0.084	0.09
26:29:10	0.738	0.725	0.739	0.094	0.089	0.094	0.405	0.367	0.386	0.117	0.118	0.135	0.94	0.975	0.971	0.464	0.464	0.458	0.088	0.084	0.083	1.093	1.111	1.081	0.919	0.968	0.968	0.094	0.094	0.093	0.12	0.114	0.107	0.091	0.092	0.089	0.95	0.954	0.978	0.194	0.08	0.177	0.42	0.436	0.408	0.943	0.939	0.934	0.214	0.236	0.22	0.721	0.714	0.719	0.101	0.101	0.101	0.991	1.023	1.06	0.11	0.104	0.103	1.212	1.284	1.265	0.089	0.089	0.089	0.164	0.165	0.179	0.858	0.905	0.888	0.093	0.096	0.1	0.088	0.089	0.089	0.372	0.366	0.387	0.142	0.138	0.15	1.096	1.079	1.069	0.088	0.085	0.087	0.083	0.083	0.088
26:59:10	0.75	0.734	0.749	0.094	0.089	0.094	0.405	0.359	0.389	0.12	0.121	0.145	0.948	0.98	0.977	0.506	0.512	0.498	0.085	0.084	0.083	1.075	1.092	1.063	0.929	0.97	0.969	0.095	0.091	0.093	0.122	0.117	0.116	0.089	0.095	0.089	0.951	0.955	0.975	0.199	0.08	0.182	0.438	0.453	0.423	0.942	0.938	0.937	0.22	0.244	0.227	0.733	0.726	0.733	0.101	0.102	0.102	0.996	1.028	1.066	0.111	0.104	0.104	1.204	1.273	1.255	0.09	0.089	0.089	0.172	0.173	0.19	0.868	0.918	0.9	0.091	0.096	0.1	0.089	0.088	0.093	0.391	0.386	0.405	0.147	0.142	0.157	1.107	1.09	1.082	0.086	0.087	0.089	0.083	0.083	0.089
27:29:10	0.769	0.753	0.769	0.094	0.092	0.094	0.408	0.364	0.387	0.124	0.125	0.145	0.96	0.99	0.988	0.663	0.666	0.629	0.086	0.085	0.084	1.083	1.101	1.068	0.95	0.991	0.988	0.095	0.091	0.093	0.124	0.118	0.116	0.09	0.093	0.089	0.958	0.964	0.98	0.203	0.08	0.187	0.444	0.457	0.431	0.948	0.944	0.943	0.225	0.253	0.235	0.755	0.747	0.757	0.102	0.102	0.102	1.005	1.039	1.079	0.111	0.105	0.104	1.21	1.278	1.259	0.09	0.09	0.09	0.181	0.183	0.2	0.882	0.936	0.919	0.095	0.096	0.1	0.091	0.088	0.093	0.404	0.399	0.417	0.151	0.147	0.161	1.124	1.108	1.099	0.088	0.088	0.088	0.083	0.083	0.088
27:59:10	0.781	0.765	0.78	0.094	0.092	0.094	0.398	0.37	0.382	0.128	0.129	0.146	0.971	0.998	0.996	0.771	0.775	0.748	0.085	0.084	0.083	1.074	1.091	1.057	0.96	0.996	0.991	0.095	0.093	0.093	0.126	0.12	0.119	0.089	0.094	0.09	0.958	0.969	0.979	0.209	0.08	0.192	0.46	0.471	0.445	0.951	0.945	0.946	0.231	0.262	0.244	0.768	0.76	0.77	0.103	0.103	0.103	1.013	1.047	1.087	0.112	0.105	0.105	1.199	1.269	1.25	0.091	0.09	0.09	0.192	0.195	0.208	0.892	0.948	0.931	0.095	0.094	0.1	0.088	0.089	0.091	0.423	0.417	0.433	0.156	0.153	0.166	1.139	1.124	1.115	0.087	0.088	0.087	0.083	0.083	0.088
28:29:10	0.796	0.78	0.795	0.094	0.092	0.093	0.383	0.367	0.381	0.133	0.134	0.146	0.981	1.006	1.003	0.847	0.856	0.846	0.086	0.084	0.083	1.082	1.099	1.065	0.974	1.011	1.006	0.092	0.094	0.093	0.128	0.122	0.121	0.09	0.096	0.09	0.958	0.973	0.981	0.213	0.08	0.196	0.466	0.478	0.452	0.956	0.95	0.951	0.236	0.273	0.255	0.788	0.779	0.79	0.103	0.104	0.104	1.019	1.052	1.096	0.113	0.106	0.105	1.204	1.273	1.256	0.091	0.089	0.09	0.203	0.206	0.214	0.901	0.962	0.946	0.091	0.094	0.1	0.092	0.088	0.091	0.434	0.427	0.443	0.161	0.157	0.167	1.152	1.137	1.128	0.087	0.088	0.086	0.083	0.084	0.088
28:59:10	0.804	0.788	0.802	0.093	0.088	0.094	0.407	0.365	0.389	0.138	0.139	0.151	0.988	1.01	1.008	0.871	0.879	0.872	0.086	0.084	0.083	1.046	1.062	1.033	0.972	1.005	0.998	0.09	0.092	0.092	0.132	0.125	0.122	0.09	0.095	0.09	0.954	0.972	0.981	0.22	0.08	0.202	0.484	0.495	0.47	0.955	0.949	0.951	0.243	0.282	0.263	0.792	0.784	0.792	0.103	0.105	0.104	1.022	1.056	1.1	0.114	0.107	0.106	1.19	1.252	1.238	0.091	0.09	0.091	0.219	0.222	0.226	0.906	0.968	0.952	0.095	0.093	0.1	0.091	0.088	0.09	0.463	0.455	0.462	0.167	0.164	0.175	1.159	1.147	1.137	0.086	0.087	0.085	0.083	0.084	0.088
29:29:10	0.833	0.819	0.833	0.094	0.093	0.092	0.398	0.37	0.389	0.142	0.142	0.148	1.004	1.026	1.023	0.936	0.943	0.937	0.086	0.084	0.086	1.131	1.149	1.108	1.008	1.052	1.042	0.094	0.095	0.091	0.135	0.128	0.125	0.088	0.094	0.087	0.968	0.987	0.999	0.221	0.08	0.206	0.457	0.467	0.46	0.97	0.963	0.964	0.24	0.298	0.276	0.841	0.824	0.843	0.105	0.105	0.105	1.038	1.072	1.118	0.112	0.106	0.106	1.228	1.301	1.283	0.091	0.091	0.091	0.224	0.224	0.233	0.916	0.992	0.975	0.093	0.096	0.1	0.09	0.087	0.089	0.447	0.439	0.459	0.171	0.167	0.174	1.182	1.169	1.158	0.087	0.085	0.086	0.083	0.084	0.088
29:59:10	0.84	0.828	0.842	0.094	0.09	0.092	0.396	0.363	0.376	0.148	0.148	0.152	1.009	1.028	1.024	0.933	0.939	0.933	0.086	0.084	0.087	1.07	1.089	1.051	0.997	1.028	1.019	0.092	0.093	0.09	0.137	0.13	0.127	0.091	0.093	0.091	0.965	0.986	1	0.228	0.08	0.212	0.496	0.503	0.49	0.965	0.958	0.962	0.253	0.307	0.286	0.832	0.821	0.833	0.105	0.105	0.106	1.04	1.075	1.124	0.113	0.108	0.108	1.196	1.258	1.242	0.091	0.091	0.091	0.238	0.236	0.244	0.919	0.992	0.976	0.094	0.096	0.1	0.092	0.089	0.091	0.476	0.465	0.484	0.177	0.172	0.181	1.19	1.178	1.168	0.088	0.087	0.087	0.083	0.083	0.088
30:29:10	0.857	0.846	0.858	0.096	0.092	0.091	0.391	0.355	0.384	0.153	0.154	0.155	1.02	1.037	1.033	0.959	0.965	0.962	0.086	0.085	0.084	1.079	1.097	1.061	1.01	1.04	1.031	0.09	0.094	0.093	0.142	0.135	0.13	0.09	0.096	0.091	0.972	0.994	1.008	0.234	0.08	0.217	0.498	0.506	0.498	0.971	0.963	0.967	0.258	0.319	0.297	0.854	0.841	0.855	0.106	0.106	0.106	1.049	1.084	1.133	0.114	0.108	0.109	1.203	1.266	1.252	0.091	0.091	0.091	0.249	0.247	0.257	0.924	1.003	0.987	0.096	0.092	0.1	0.092	0.09	0.091	0.488	0.477	0.496	0.183	0.178	0.185	1.205	1.193	1.183	0.086	0.086	0.088	0.083	0.084	0.089
30:59:10	0.868	0.859	0.87	0.094	0.092	0.09	0.397	0.359	0.393	0.16	0.16	0.16	1.027	1.042	1.038	0.97	0.977	0.974	0.086	0.084	0.087	1.058	1.076	1.042	1.01	1.034	1.025	0.089	0.094	0.092	0.143	0.137	0.133	0.089	0.095	0.091	0.971	0.996	1.016	0.24	0.08	0.224	0.514	0.521	0.512	0.971	0.963	0.969	0.263	0.329	0.307	0.86	0.85	0.862	0.106	0.107	0.107	1.055	1.09	1.141	0.115	0.109	0.11	1.19	1.248	1.234	0.091	0.091	0.091	0.261	0.259	0.271	0.929	1.008	0.992	0.096	0.095	0.1	0.093	0.09	0.091	0.508	0.497	0.515	0.189	0.184	0.192	1.214	1.203	1.195	0.086	0.088	0.088	0.083	0.083	0.089
31:29:10	0.883	0.875	0.885	0.091	0.093	0.093	0.392	0.363	0.378	0.164	0.164	0.164	1.037	1.05	1.046	0.986	0.993	0.993	0.087	0.087	0.087	1.087	1.103	1.066	1.019	1.04	1.032	0.09	0.093	0.092	0.147	0.14	0.137	0.091	0.094	0.09	0.976	0.997	1.026	0.245	0.08	0.23	0.516	0.524	0.514	0.976	0.969	0.977	0.267	0.34	0.319	0.879	0.868	0.881	0.107	0.108	0.108	1.066	1.101	1.153	0.114	0.11	0.11	1.194	1.255	1.241	0.092	0.092	0.092	0.274	0.272	0.283	0.938	1.016	1	0.093	0.095	0.1	0.091	0.091	0.091	0.519	0.507	0.529	0.195	0.189	0.197	1.231	1.22	1.21	0.085	0.088	0.086	0.083	0.083	0.089
31:59:10	0.9	0.893	0.904	0.095	0.092	0.091	0.404	0.36	0.387	0.17	0.171	0.169	1.05	1.062	1.057	1.007	1.015	1.016	0.086	0.087	0.086	1.095	1.113	1.075	1.034	1.056	1.047	0.093	0.093	0.088	0.151	0.146	0.142	0.091	0.095	0.091	0.985	1.008	1.039	0.251	0.08	0.236	0.522	0.529	0.527	0.982	0.975	0.984	0.272	0.353	0.332	0.902	0.889	0.904	0.107	0.109	0.108	1.078	1.113	1.165	0.115	0.11	0.111	1.204	1.263	1.252	0.093	0.093	0.092	0.287	0.286	0.297	0.947	1.028	1.012	0.094	0.095	0.1	0.093	0.091	0.094	0.534	0.522	0.544	0.201	0.195	0.204	1.248	1.238	1.227	0.085	0.087	0.085	0.083	0.083	0.089
32:29:10	0.919	0.913	0.927	0.09	0.091	0.091	0.412	0.362	0.369	0.175	0.175	0.174	1.064	1.074	1.07	1.029	1.04	1.039	0.088	0.086	0.084	1.124	1.141	1.1	1.053	1.079	1.068	0.093	0.091	0.093	0.156	0.15	0.146	0.091	0.096	0.09	0.999	1.024	1.055	0.257	0.08	0.244	0.537	0.527	0.537	0.992	0.985	0.993	0.274	0.366	0.343	0.932	0.918	0.937	0.108	0.109	0.109	1.09	1.126	1.179	0.115	0.11	0.111	1.226	1.277	1.27	0.094	0.093	0.093	0.301	0.3	0.311	0.955	1.041	1.024	0.095	0.095	0.1	0.093	0.091	0.094	0.547	0.536	0.556	0.208	0.202	0.211	1.266	1.255	1.244	0.085	0.087	0.088	0.083	0.083	0.088
32:59:10	0.935	0.93	0.943	0.094	0.092	0.093	0.398	0.364	0.363	0.181	0.181	0.18	1.075	1.085	1.079	1.044	1.055	1.055	0.088	0.086	0.084	1.131	1.147	1.102	1.062	1.085	1.074	0.095	0.094	0.093	0.162	0.156	0.149	0.09	0.097	0.09	1.007	1.036	1.069	0.264	0.08	0.252	0.555	0.539	0.547	0.997	0.99	0.999	0.279	0.378	0.354	0.951	0.937	0.955	0.11	0.111	0.11	1.1	1.137	1.191	0.116	0.111	0.112	1.226	1.274	1.266	0.096	0.095	0.095	0.317	0.317	0.328	0.962	1.049	1.032	0.095	0.096	0.1	0.09	0.091	0.094	0.566	0.554	0.575	0.215	0.208	0.217	1.282	1.27	1.26	0.085	0.086	0.085	0.083	0.083	0.089
33:29:10	0.95	0.946	0.959	0.095	0.092	0.094	0.392	0.382	0.369	0.189	0.189	0.186	1.087	1.094	1.089	1.055	1.068	1.068	0.088	0.086	0.085	1.118	1.134	1.097	1.069	1.089	1.079	0.09	0.093	0.091	0.164	0.16	0.153	0.091	0.097	0.09	1.017	1.045	1.082	0.271	0.08	0.26	0.563	0.551	0.56	1.003	0.995	1.005	0.282	0.385	0.362	0.966	0.953	0.969	0.11	0.111	0.111	1.111	1.148	1.202	0.116	0.112	0.112	1.22	1.263	1.256	0.097	0.096	0.097	0.336	0.336	0.347	0.971	1.056	1.04	0.093	0.097	0.1	0.092	0.089	0.094	0.585	0.574	0.593	0.222	0.216	0.224	1.297	1.286	1.275	0.085	0.087	0.086	0.083	0.084	0.089
33:59:10	0.959	0.958	0.97	0.094	0.093	0.092	0.41	0.375	0.373	0.197	0.196	0.193	1.095	1.101	1.095	1.059	1.071	1.072	0.088	0.086	0.085	1.075	1.09	1.053	1.064	1.076	1.065	0.091	0.092	0.093	0.167	0.162	0.156	0.092	0.097	0.091	1.023	1.046	1.088	0.279	0.08	0.273	0.589	0.58	0.582	1.001	0.993	1.006	0.296	0.396	0.373	0.961	0.953	0.963	0.111	0.11	0.111	1.121	1.157	1.226	0.118	0.113	0.114	1.182	1.225	1.217	0.099	0.098	0.098	0.362	0.359	0.368	0.981	1.057	1.042	0.094	0.097	0.1	0.092	0.09	0.095	0.614	0.6	0.618	0.228	0.223	0.232	1.307	1.299	1.288	0.085	0.087	0.088	0.083	0.083	0.089
34:29:10	0.971	0.972	0.983	0.092	0.094	0.094	0.394	0.365	0.36	0.202	0.201	0.198	1.107	1.111	1.105	1.07	1.085	1.087	0.087	0.085	0.086	1.1	1.114	1.08	1.074	1.086	1.074	0.092	0.086	0.092	0.172	0.167	0.161	0.092	0.097	0.09	1.033	1.053	1.098	0.286	0.08	0.277	0.593	0.581	0.589	1.008	1.001	1.015	0.299	0.408	0.385	0.983	0.974	0.987	0.111	0.112	0.112	1.134	1.184	1.219	0.117	0.114	0.114	1.192	1.236	1.227	0.101	0.1	0.1	0.379	0.376	0.388	0.993	1.064	1.05	0.093	0.095	0.1	0.092	0.09	0.095	0.629	0.616	0.633	0.235	0.23	0.239	1.323	1.315	1.303	0.087	0.086	0.087	0.083	0.084	0.089
34:59:10	0.974	0.976	0.986	0.092	0.093	0.092	0.39	0.362	0.377	0.21	0.209	0.205	1.109	1.114	1.109	1.068	1.081	1.085	0.088	0.086	0.086	1.039	1.053	1.021	1.06	1.061	1.049	0.092	0.091	0.093	0.172	0.169	0.162	0.09	0.097	0.092	1.035	1.052	1.101	0.296	0.08	0.298	0.631	0.617	0.618	1.002	0.994	1.011	0.317	0.417	0.397	0.964	0.961	0.969	0.113	0.111	0.113	1.147	1.147	1.176	0.119	0.116	0.117	1.143	1.181	1.173	0.104	0.102	0.102	0.402	0.399	0.416	0.997	1.06	1.046	0.093	0.097	0.1	0.091	0.091	0.094	0.714	0.668	0.717	0.243	0.238	0.248	1.323	1.319	1.305	0.088	0.087	0.087	0.083	0.083	0.089
35:29:10	0.986	0.991	1	0.095	0.092	0.094	0.39	0.357	0.376	0.215	0.214	0.211	1.125	1.129	1.123	1.081	1.097	1.101	0.087	0.084	0.086	1.082	1.095	1.06	1.076	1.077	1.065	0.095	0.093	0.093	0.177	0.174	0.166	0.092	0.098	0.091	1.048	1.064	1.112	0.302	0.08	0.295	0.636	0.616	0.623	1.01	1.005	1.022	0.321	0.428	0.407	0.991	0.986	0.999	0.115	0.114	0.112	1.15	1.146	1.174	0.119	0.117	0.118	1.166	1.207	1.2	0.106	0.105	0.105	0.428	0.423	0.43	1.01	1.069	1.057	0.094	0.097	0.101	0.092	0.09	0.095	0.776	0.7	0.79	0.25	0.245	0.256	1.348	1.341	1.326	0.088	0.087	0.087	0.084	0.084	0.089
35:59:10	0.993	0.999	1.009	0.093	0.095	0.093	0.407	0.376	0.393	0.223	0.222	0.219	1.135	1.138	1.132	1.087	1.104	1.108	0.087	0.086	0.084	1.065	1.078	1.041	1.077	1.076	1.063	0.095	0.093	0.093	0.181	0.178	0.17	0.092	0.098	0.091	1.055	1.069	1.119	0.311	0.08	0.307	0.649	0.631	0.639	1.013	1.007	1.026	0.331	0.438	0.418	0.999	0.995	1.007	0.114	0.115	0.115	1.127	1.121	1.145	0.12	0.119	0.119	1.15	1.185	1.176	0.109	0.108	0.108	0.451	0.446	0.458	1.018	1.073	1.061	0.097	0.097	0.1	0.094	0.093	0.095	0.83	0.757	0.854	0.259	0.253	0.264	1.339	1.354	1.335	0.087	0.089	0.087	0.084	0.084	0.089
36:29:10	1.001	1.008	1.018	0.093	0.093	0.092	0.411	0.381	0.363	0.23	0.228	0.225	1.148	1.149	1.143	1.093	1.112	1.116	0.088	0.084	0.084	1.081	1.094	1.054	1.082	1.079	1.066	0.095	0.094	0.091	0.185	0.181	0.174	0.091	0.098	0.091	1.066	1.077	1.127	0.319	0.08	0.311	0.657	0.632	0.646	1.017	1.012	1.033	0.338	0.448	0.427	1.011	1.007	1.02	0.116	0.115	0.114	1.118	1.115	1.135	0.12	0.119	0.12	1.15	1.188	1.177	0.112	0.11	0.11	0.47	0.469	0.483	1.026	1.076	1.065	0.095	0.096	0.101	0.094	0.093	0.095	0.881	0.808	0.897	0.267	0.262	0.273	1.325	1.349	1.342	0.085	0.088	0.085	0.084	0.086	0.089
36:59:10	1.011	1.02	1.03	0.095	0.094	0.095	0.381	0.376	0.375	0.237	0.236	0.232	1.162	1.162	1.155	1.1	1.122	1.124	0.088	0.085	0.084	1.09	1.102	1.065	1.091	1.089	1.074	0.096	0.09	0.093	0.189	0.186	0.178	0.092	0.098	0.091	1.078	1.088	1.137	0.327	0.08	0.318	0.656	0.636	0.655	1.024	1.019	1.04	0.343	0.457	0.437	1.03	1.026	1.04	0.115	0.117	0.116	1.112	1.11	1.125	0.121	0.119	0.121	1.154	1.179	1.173	0.115	0.113	0.113	0.533	0.518	0.524	1.037	1.082	1.073	0.096	0.097	0.1	0.094	0.093	0.095	0.926	0.854	0.94	0.276	0.27	0.281	1.314	1.34	1.331	0.084	0.087	0.088	0.083	0.084	0.089
37:29:10	1.021	1.031	1.042	0.096	0.094	0.094	0.399	0.357	0.374	0.246	0.244	0.24	1.177	1.175	1.168	1.106	1.129	1.131	0.088	0.085	0.086	1.079	1.089	1.053	1.097	1.091	1.077	0.094	0.091	0.091	0.194	0.19	0.181	0.092	0.099	0.092	1.088	1.1	1.146	0.336	0.08	0.329	0.678	0.655	0.674	1.029	1.023	1.046	0.354	0.464	0.445	1.039	1.036	1.051	0.116	0.118	0.117	1.096	1.091	1.102	0.121	0.121	0.123	1.138	1.158	1.151	0.119	0.117	0.117	0.646	0.632	0.608	1.046	1.087	1.079	0.096	0.094	0.101	0.094	0.094	0.095	0.972	0.899	0.989	0.286	0.28	0.292	1.297	1.324	1.312	0.087	0.088	0.087	0.084	0.084	0.089
37:59:10	1.032	1.045	1.056	0.096	0.095	0.095	0.402	0.375	0.378	0.254	0.252	0.248	1.194	1.19	1.183	1.113	1.139	1.139	0.087	0.085	0.084	1.089	1.099	1.061	1.108	1.101	1.087	0.094	0.091	0.091	0.197	0.193	0.183	0.091	0.099	0.092	1.102	1.115	1.163	0.344	0.08	0.335	0.679	0.661	0.684	1.036	1.031	1.054	0.361	0.465	0.446	1.058	1.055	1.071	0.119	0.118	0.117	1.091	1.081	1.085	0.122	0.122	0.124	1.14	1.153	1.148	0.121	0.119	0.119	0.722	0.713	0.695	1.057	1.095	1.087	0.098	0.096	0.1	0.094	0.093	0.095	1.018	0.938	1.033	0.297	0.29	0.305	1.284	1.311	1.297	0.087	0.088	0.087	0.083	0.084	0.089
38:29:10	1.039	1.052	1.062	0.096	0.093	0.096	0.412	0.378	0.373	0.263	0.26	0.257	1.205	1.2	1.193	1.114	1.139	1.139	0.089	0.085	0.086	1.06	1.07	1.034	1.102	1.09	1.076	0.094	0.09	0.091	0.201	0.195	0.186	0.092	0.099	0.092	1.108	1.119	1.168	0.355	0.08	0.346	0.712	0.685	0.709	1.036	1.031	1.056	0.376	0.469	0.453	1.05	1.052	1.066	0.12	0.12	0.119	1.064	1.053	1.051	0.123	0.123	0.126	1.106	1.115	1.107	0.125	0.123	0.123	0.741	0.723	0.712	1.063	1.095	1.088	0.096	0.098	0.101	0.095	0.094	0.096	1.046	0.977	1.062	0.309	0.302	0.316	1.259	1.288	1.272	0.085	0.088	0.087	0.083	0.084	0.089
38:59:10	1.049	1.064	1.075	0.094	0.093	0.096	0.4	0.372	0.371	0.271	0.269	0.265	1.221	1.218	1.21	1.122	1.148	1.149	0.086	0.085	0.084	1.071	1.078	1.042	1.109	1.097	1.082	0.095	0.093	0.092	0.205	0.199	0.19	0.093	0.099	0.093	1.117	1.127	1.191	0.364	0.08	0.353	0.728	0.694	0.715	1.043	1.038	1.063	0.384	0.474	0.458	1.065	1.066	1.081	0.121	0.121	0.117	1.057	1.044	1.044	0.124	0.125	0.128	1.106	1.111	1.105	0.129	0.127	0.127	0.785	0.774	0.756	1.072	1.103	1.097	0.092	0.098	0.101	0.094	0.094	0.096	1.091	1.019	1.096	0.318	0.311	0.326	1.248	1.277	1.259	0.086	0.088	0.085	0.083	0.084	0.089
39:29:10	1.056	1.069	1.079	0.097	0.095	0.093	0.411	0.371	0.351	0.282	0.279	0.275	1.236	1.232	1.231	1.124	1.149	1.15	0.089	0.086	0.088	1.048	1.058	1.022	1.106	1.089	1.074	0.093	0.094	0.094	0.208	0.203	0.193	0.093	0.099	0.092	1.123	1.131	1.214	0.376	0.08	0.363	0.756	0.716	0.739	1.044	1.04	1.066	0.399	0.482	0.463	1.062	1.066	1.079	0.122	0.121	0.116	1.033	1.025	1.03	0.125	0.127	0.129	1.075	1.075	1.066	0.134	0.132	0.131	0.806	0.799	0.784	1.08	1.105	1.099	0.092	0.097	0.101	0.096	0.094	0.096	1.101	1.038	1.109	0.333	0.323	0.339	1.224	1.254	1.236	0.085	0.086	0.087	0.083	0.084	0.089
39:59:10	1.063	1.081	1.092	0.096	0.094	0.095	0.397	0.362	0.385	0.29	0.287	0.283	1.241	1.24	1.244	1.133	1.159	1.16	0.089	0.086	0.088	1.078	1.088	1.049	1.118	1.103	1.087	0.094	0.093	0.092	0.214	0.208	0.198	0.093	0.099	0.093	1.133	1.14	1.231	0.383	0.08	0.368	0.757	0.722	0.742	1.053	1.049	1.075	0.404	0.482	0.463	1.086	1.087	1.105	0.123	0.12	0.117	1.034	1.034	1.047	0.125	0.128	0.13	1.093	1.087	1.081	0.135	0.133	0.133	0.838	0.832	0.818	1.091	1.113	1.109	0.098	0.097	0.101	0.097	0.094	0.097	1.157	1.075	1.14	0.344	0.335	0.351	1.222	1.25	1.232	0.085	0.088	0.086	0.084	0.084	0.089
40:29:10	1.07	1.092	1.118	0.095	0.095	0.096	0.385	0.37	0.357	0.3	0.297	0.293	1.235	1.237	1.244	1.139	1.165	1.167	0.086	0.088	0.085	1.089	1.102	1.058	1.126	1.109	1.092	0.093	0.093	0.09	0.219	0.212	0.2	0.093	0.1	0.093	1.145	1.148	1.237	0.392	0.08	0.378	0.77	0.733	0.76	1.061	1.056	1.082	0.415	0.479	0.458	1.099	1.1	1.117	0.124	0.121	0.123	1.03	1.04	1.052	0.126	0.129	0.131	1.089	1.085	1.077	0.138	0.136	0.136	0.86	0.854	0.844	1.101	1.12	1.117	0.091	0.098	0.101	0.094	0.094	0.097	1.184	1.105	1.16	0.355	0.347	0.362	1.21	1.239	1.22	0.085	0.087	0.086	0.083	0.084	0.089
40:59:10	1.086	1.132	1.166	0.098	0.096	0.096	0.396	0.376	0.371	0.312	0.308	0.304	1.227	1.227	1.234	1.144	1.169	1.17	0.089	0.086	0.085	1.074	1.085	1.046	1.129	1.11	1.095	0.092	0.088	0.089	0.222	0.217	0.202	0.093	0.1	0.093	1.156	1.155	1.236	0.403	0.08	0.387	0.781	0.74	0.77	1.065	1.061	1.087	0.427	0.474	0.451	1.106	1.109	1.126	0.125	0.121	0.122	1.02	1.032	1.039	0.127	0.13	0.133	1.066	1.056	1.048	0.141	0.14	0.14	0.877	0.873	0.865	1.11	1.125	1.123	0.09	0.095	0.1	0.095	0.094	0.097	1.195	1.122	1.173	0.368	0.357	0.377	1.192	1.223	1.203	0.085	0.088	0.085	0.083	0.084	0.089
41:29:10	1.11	1.154	1.173	0.098	0.093	0.096	0.406	0.363	0.384	0.329	0.323	0.319	1.208	1.206	1.214	1.145	1.167	1.169	0.089	0.088	0.086	1.036	1.047	1.012	1.125	1.103	1.087	0.09	0.093	0.092	0.224	0.219	0.205	0.093	0.1	0.094	1.162	1.159	1.211	0.417	0.08	0.399	0.807	0.765	0.795	1.065	1.062	1.089	0.443	0.483	0.457	1.101	1.107	1.121	0.127	0.123	0.124	1.004	1.01	1.019	0.127	0.132	0.135	1.026	1.01	1.003	0.146	0.145	0.145	0.888	0.884	0.879	1.116	1.127	1.126	0.095	0.097	0.101	0.097	0.094	0.097	1.19	1.123	1.175	0.385	0.374	0.393	1.159	1.195	1.174	0.088	0.089	0.088	0.083	0.084	0.089
41:59:10	1.113	1.16	1.173	0.097	0.095	0.097	0.385	0.357	0.382	0.342	0.338	0.334	1.197	1.194	1.202	1.147	1.169	1.17	0.086	0.086	0.087	1.021	1.033	0.999	1.125	1.097	1.082	0.089	0.089	0.093	0.227	0.223	0.208	0.093	0.1	0.094	1.18	1.186	1.194	0.428	0.08	0.41	0.83	0.782	0.822	1.066	1.064	1.109	0.457	0.497	0.467	1.101	1.124	1.143	0.128	0.125	0.124	0.997	0.998	1.01	0.128	0.134	0.136	1.003	0.985	0.974	0.151	0.149	0.149	0.9	0.896	0.895	1.123	1.131	1.131	0.091	0.097	0.101	0.096	0.095	0.097	1.195	1.133	1.18	0.4	0.388	0.408	1.138	1.175	1.154	0.086	0.088	0.087	0.083	0.084	0.089
42:29:10	1.129	1.212	1.234	0.096	0.097	0.097	0.395	0.359	0.375	0.346	0.342	0.338	1.212	1.222	1.229	1.162	1.185	1.187	0.088	0.087	0.088	1.085	1.098	1.061	1.147	1.125	1.107	0.093	0.092	0.09	0.229	0.227	0.198	0.094	0.1	0.094	1.214	1.202	1.228	0.435	0.08	0.415	0.84	0.802	0.827	1.082	1.104	1.125	0.463	0.489	0.456	1.163	1.189	1.208	0.129	0.126	0.125	1.017	1.01	1.023	0.123	0.135	0.138	1.049	1.037	1.025	0.152	0.15	0.151	0.927	0.924	0.921	1.14	1.147	1.148	0.096	0.098	0.101	0.097	0.094	0.097	1.261	1.183	1.208	0.409	0.401	0.416	1.147	1.185	1.163	0.086	0.088	0.086	0.084	0.084	0.089
42:59:10	1.131	1.215	1.235	0.097	0.097	0.098	0.402	0.372	0.386	0.362	0.355	0.352	1.196	1.204	1.213	1.164	1.186	1.188	0.087	0.087	0.085	1.071	1.083	1.046	1.149	1.126	1.109	0.093	0.091	0.092	0.222	0.223	0.173	0.093	0.101	0.094	1.208	1.199	1.185	0.448	0.08	0.428	0.879	0.862	0.841	1.11	1.108	1.112	0.478	0.495	0.459	1.179	1.18	1.194	0.13	0.127	0.126	1.001	0.994	1.013	0.128	0.136	0.139	1.021	1.023	1.012	0.157	0.155	0.155	0.939	0.937	0.936	1.148	1.151	1.153	0.097	0.097	0.101	0.097	0.095	0.097	1.274	1.194	1.22	0.423	0.411	0.436	1.122	1.163	1.141	0.087	0.089	0.086	0.083	0.084	0.089
43:29:10	1.131	1.207	1.223	0.097	0.097	0.098	0.394	0.355	0.374	0.375	0.372	0.37	1.177	1.181	1.191	1.166	1.187	1.19	0.089	0.085	0.087	1.048	1.061	1.022	1.151	1.125	1.108	0.093	0.091	0.091	0.222	0.224	0.164	0.093	0.101	0.095	1.197	1.196	1.142	0.461	0.08	0.439	0.903	0.895	0.866	1.108	1.098	1.102	0.493	0.507	0.476	1.169	1.17	1.177	0.132	0.129	0.128	0.984	0.98	1.001	0.129	0.139	0.141	0.99	1.001	0.99	0.161	0.159	0.16	0.951	0.948	0.95	1.156	1.157	1.159	0.093	0.096	0.101	0.098	0.095	0.097	1.276	1.199	1.225	0.44	0.426	0.45	1.106	1.14	1.122	0.087	0.089	0.086	0.083	0.084	0.089
43:59:10	1.132	1.206	1.222	0.098	0.096	0.097	0.409	0.375	0.377	0.389	0.386	0.383	1.164	1.169	1.18	1.17	1.19	1.193	0.088	0.088	0.086	1.056	1.068	1.025	1.153	1.125	1.107	0.09	0.092	0.092	0.223	0.226	0.157	0.094	0.101	0.095	1.191	1.199	1.123	0.473	0.08	0.45	0.919	0.91	0.884	1.106	1.097	1.096	0.508	0.516	0.486	1.173	1.176	1.183	0.133	0.13	0.13	0.982	0.983	1.003	0.13	0.14	0.143	0.984	1.004	0.996	0.166	0.164	0.165	0.963	0.96	0.966	1.175	1.162	1.175	0.094	0.097	0.101	0.098	0.095	0.098	1.288	1.21	1.23	0.454	0.44	0.465	1.119	1.126	1.116	0.086	0.088	0.086	0.083	0.084	0.089
44:29:10	1.129	1.192	1.203	0.098	0.096	0.097	0.389	0.358	0.388	0.403	0.398	0.396	1.145	1.143	1.157	1.172	1.191	1.195	0.086	0.085	0.084	1.029	1.041	1.005	1.154	1.121	1.104	0.095	0.093	0.095	0.224	0.228	0.154	0.094	0.101	0.095	1.181	1.191	1.099	0.486	0.08	0.463	0.918	0.921	0.902	1.101	1.091	1.087	0.525	0.534	0.501	1.158	1.163	1.158	0.135	0.132	0.131	0.967	0.972	0.995	0.129	0.141	0.144	0.957	0.981	0.975	0.171	0.169	0.17	0.975	0.972	0.979	1.177	1.172	1.177	0.094	0.096	0.1	0.097	0.095	0.098	1.289	1.216	1.232	0.503	0.456	0.481	1.126	1.115	1.107	0.085	0.088	0.087	0.083	0.084	0.089
44:59:10	1.139	1.212	1.223	0.097	0.097	0.097	0.407	0.368	0.382	0.416	0.412	0.411	1.142	1.139	1.162	1.198	1.219	1.229	0.089	0.085	0.089	1.064	1.075	1.031	1.164	1.133	1.115	0.094	0.093	0.094	0.22	0.227	0.146	0.094	0.101	0.095	1.186	1.206	1.106	0.498	0.08	0.474	0.925	0.935	0.911	1.121	1.108	1.09	0.538	0.544	0.508	1.185	1.187	1.187	0.137	0.133	0.133	0.975	0.983	1.004	0.129	0.143	0.147	0.97	1.005	1	0.176	0.174	0.175	0.99	0.987	0.997	1.177	1.192	1.179	0.095	0.096	0.101	0.098	0.095	0.098	1.312	1.236	1.241	0.577	0.474	0.495	1.134	1.13	1.128	0.088	0.088	0.086	0.083	0.084	0.089
45:29:10	1.136	1.198	1.196	0.098	0.098	0.097	0.407	0.363	0.394	0.43	0.429	0.427	1.108	1.1	1.117	1.198	1.218	1.214	0.089	0.085	0.086	1.03	1.042	1.006	1.167	1.135	1.118	0.093	0.093	0.091	0.212	0.225	0.134	0.095	0.1	0.095	1.172	1.19	1.078	0.512	0.08	0.487	0.928	0.948	0.924	1.111	1.095	1.077	0.556	0.56	0.524	1.159	1.162	1.152	0.138	0.135	0.134	0.959	0.969	0.992	0.128	0.144	0.148	0.942	0.981	0.978	0.182	0.18	0.181	1.002	0.999	1.011	1.168	1.182	1.167	0.097	0.093	0.101	0.099	0.095	0.098	1.321	1.248	1.248	0.568	0.491	0.515	1.118	1.133	1.127	0.087	0.09	0.086	0.083	0.084	0.089
45:59:10	1.152	1.206	1.201	0.099	0.097	0.097	0.397	0.37	0.399	0.447	0.441	0.439	1.113	1.114	1.114	1.209	1.23	1.23	0.088	0.087	0.085	1.059	1.073	1.035	1.179	1.151	1.134	0.09	0.089	0.091	0.158	0.162	0.121	0.095	0.102	0.096	1.173	1.188	1.081	0.523	0.08	0.498	0.935	0.956	0.917	1.126	1.107	1.079	0.569	0.568	0.533	1.176	1.169	1.162	0.139	0.136	0.135	0.965	0.976	1	0.129	0.145	0.15	0.964	1.002	0.999	0.188	0.185	0.186	1.018	1.015	1.031	1.171	1.182	1.175	0.091	0.096	0.101	0.098	0.094	0.098	1.353	1.276	1.265	0.67	0.508	0.534	1.116	1.142	1.132	0.088	0.089	0.087	0.083	0.084	0.089
46:29:10	1.138	1.17	1.164	0.099	0.098	0.097	0.394	0.368	0.39	0.464	0.46	0.46	1.117	1.12	1.11	1.206	1.225	1.228	0.089	0.089	0.087	1.046	1.06	1.017	1.181	1.151	1.134	0.094	0.092	0.094	0.157	0.147	0.123	0.094	0.102	0.096	1.142	1.147	1.069	0.538	0.08	0.512	0.95	0.969	0.937	1.115	1.093	1.065	0.587	0.588	0.549	1.157	1.149	1.145	0.14	0.137	0.137	0.965	0.975	0.997	0.129	0.147	0.152	0.95	0.995	0.99	0.193	0.192	0.193	1.03	1.026	1.046	1.16	1.169	1.164	0.097	0.096	0.101	0.098	0.094	0.098	1.357	1.284	1.272	0.718	0.534	0.559	1.108	1.135	1.123	0.088	0.089	0.087	0.083	0.084	0.089
46:59:10	1.131	1.15	1.144	0.099	0.098	0.098	0.41	0.361	0.39	0.512	0.496	0.522	1.127	1.129	1.121	1.219	1.233	1.234	0.089	0.088	0.088	1.046	1.058	1.017	1.183	1.155	1.137	0.092	0.091	0.093	0.157	0.139	0.126	0.095	0.102	0.097	1.116	1.119	1.064	0.552	0.08	0.526	0.958	0.988	0.957	1.11	1.086	1.055	0.605	0.606	0.565	1.142	1.137	1.137	0.142	0.139	0.138	0.963	0.974	0.996	0.13	0.149	0.154	0.951	0.989	0.986	0.2	0.198	0.199	1.042	1.038	1.062	1.154	1.165	1.161	0.096	0.092	0.101	0.099	0.092	0.098	1.365	1.297	1.281	0.75	0.655	0.609	1.103	1.128	1.114	0.088	0.088	0.088	0.083	0.084	0.089
47:29:10	1.117	1.129	1.125	0.099	0.098	0.099	0.398	0.355	0.385	0.599	0.555	0.643	1.12	1.119	1.123	1.212	1.226	1.222	0.088	0.086	0.084	1.037	1.05	1.009	1.185	1.159	1.142	0.091	0.089	0.092	0.153	0.129	0.126	0.094	0.103	0.097	1.092	1.098	1.057	0.566	0.08	0.54	0.962	1.002	0.971	1.094	1.067	1.035	0.623	0.625	0.583	1.123	1.123	1.128	0.143	0.141	0.14	0.958	0.968	0.992	0.131	0.151	0.156	0.944	0.981	0.977	0.207	0.205	0.206	1.054	1.051	1.076	1.145	1.158	1.149	0.092	0.097	0.101	0.098	0.096	0.098	1.376	1.312	1.29	0.775	0.705	0.678	1.096	1.116	1.103	0.087	0.089	0.088	0.083	0.084	0.089
47:59:10	1.095	1.106	1.104	0.099	0.098	0.096	0.408	0.362	0.398	0.678	0.654	0.734	1.115	1.112	1.118	1.21	1.225	1.216	0.09	0.088	0.085	1.037	1.047	1.007	1.184	1.161	1.143	0.093	0.091	0.094	0.154	0.128	0.128	0.095	0.103	0.097	1.087	1.091	1.057	0.582	0.08	0.554	0.982	1.018	0.993	1.081	1.054	1.021	0.642	0.645	0.603	1.115	1.12	1.126	0.145	0.143	0.141	0.96	0.97	0.992	0.132	0.152	0.158	0.946	0.982	0.976	0.214	0.212	0.214	1.065	1.063	1.092	1.133	1.149	1.137	0.095	0.098	0.101	0.099	0.096	0.099	1.381	1.322	1.298	0.796	0.735	0.703	1.094	1.112	1.099	0.088	0.089	0.087	0.083	0.084	0.089
48:29:10	1.076	1.095	1.096	0.098	0.099	0.099	0.406	0.371	0.396	0.735	0.718	0.79	1.103	1.101	1.105	1.179	1.2	1.187	0.088	0.085	0.088	1.034	1.046	1.003	1.179	1.165	1.148	0.091	0.094	0.095	0.153	0.127	0.128	0.095	0.102	0.098	1.08	1.079	1.051	0.596	0.08	0.569	0.999	1.032	1.009	1.063	1.036	1.018	0.66	0.665	0.621	1.112	1.118	1.121	0.147	0.144	0.143	0.956	0.966	0.988	0.133	0.154	0.16	0.941	0.973	0.97	0.222	0.22	0.222	1.078	1.076	1.107	1.115	1.135	1.115	0.093	0.095	0.101	0.099	0.096	0.098	1.393	1.335	1.308	0.813	0.761	0.742	1.089	1.105	1.09	0.088	0.089	0.089	0.083	0.084	0.089
48:59:10	1.092	1.142	1.153	0.099	0.1	0.1	0.402	0.362	0.387	0.783	0.763	0.85	1.115	1.121	1.124	1.197	1.22	1.221	0.09	0.087	0.088	1.091	1.107	1.055	1.2	1.188	1.171	0.095	0.091	0.095	0.152	0.123	0.127	0.094	0.103	0.099	1.094	1.099	1.075	0.61	0.08	0.581	1.018	1.032	1.012	1.082	1.068	1.053	0.677	0.676	0.627	1.165	1.159	1.171	0.147	0.145	0.143	0.973	0.985	1.004	0.133	0.154	0.162	0.973	1.011	1.008	0.228	0.226	0.228	1.095	1.093	1.126	1.103	1.146	1.101	0.097	0.095	0.101	0.099	0.096	0.099	1.427	1.364	1.325	0.837	0.794	0.786	1.101	1.113	1.099	0.089	0.09	0.088	0.083	0.084	0.089
49:29:10	1.083	1.135	1.144	0.099	0.099	0.099	0.398	0.376	0.395	0.818	0.787	0.896	1.105	1.11	1.111	1.175	1.203	1.205	0.088	0.088	0.086	1.082	1.097	1.046	1.194	1.198	1.182	0.092	0.092	0.095	0.15	0.134	0.125	0.096	0.104	0.099	1.081	1.082	1.052	0.625	0.08	0.596	1.03	1.04	1.034	1.065	1.068	1.05	0.698	0.697	0.647	1.165	1.152	1.172	0.148	0.146	0.144	0.967	0.979	1	0.134	0.155	0.164	0.966	1.004	1.001	0.237	0.235	0.239	1.109	1.107	1.141	1.077	1.105	1.083	0.099	0.097	0.101	0.098	0.095	0.098	1.446	1.382	1.342	0.855	0.818	0.819	1.097	1.106	1.091	0.089	0.089	0.088	0.083	0.084	0.089
49:59:10	1.04	1.067	1.069	0.099	0.098	0.098	0.401	0.368	0.403	0.844	0.818	0.921	1.087	1.086	1.085	1.118	1.142	1.147	0.091	0.086	0.088	1.017	1.03	0.991	1.158	1.183	1.168	0.095	0.093	0.094	0.157	0.14	0.126	0.096	0.104	0.1	1.055	1.047	1.045	0.644	0.08	0.616	1.038	1.073	1.059	1.024	1.037	1.021	0.725	0.73	0.685	1.104	1.107	1.118	0.151	0.148	0.146	0.95	0.96	0.982	0.136	0.158	0.165	0.929	0.966	0.963	0.251	0.247	0.257	1.117	1.116	1.153	1.05	1.056	1.044	0.093	0.096	0.101	0.098	0.095	0.099	1.434	1.378	1.35	0.864	0.828	0.836	1.085	1.095	1.078	0.088	0.089	0.089	0.083	0.084	0.089
50:29:10	1.055	1.086	1.09	0.1	0.1	0.1	0.409	0.366	0.387	0.875	0.847	0.952	1.091	1.094	1.093	1.126	1.15	1.163	0.09	0.086	0.088	1.048	1.062	1.014	1.159	1.194	1.178	0.093	0.091	0.096	0.151	0.136	0.126	0.096	0.104	0.101	1.058	1.052	1.048	0.659	0.08	0.63	1.063	1.107	1.051	1.045	1.045	1.017	0.743	0.749	0.697	1.127	1.121	1.143	0.152	0.15	0.147	0.955	0.966	0.987	0.136	0.159	0.168	0.941	0.978	0.976	0.258	0.254	0.261	1.131	1.129	1.168	1.054	1.048	1.044	0.091	0.097	0.101	0.099	0.095	0.099	1.453	1.414	1.364	0.88	0.849	0.859	1.088	1.098	1.081	0.089	0.089	0.089	0.083	0.084	0.089
50:59:10	1.034	1.044	1.046	0.1	0.1	0.1	0.415	0.372	0.386	0.888	0.865	0.967	1.081	1.081	1.081	1.091	1.115	1.126	0.089	0.086	0.089	1.009	1.017	0.982	1.128	1.185	1.17	0.096	0.093	0.096	0.152	0.137	0.127	0.097	0.105	0.1	1.045	1.037	1.029	0.684	0.08	0.652	1.069	1.147	1.036	1.025	1.011	1	0.77	0.778	0.733	1.087	1.088	1.103	0.154	0.152	0.15	0.945	0.954	0.974	0.139	0.162	0.169	0.921	0.952	0.951	0.27	0.266	0.276	1.141	1.139	1.191	1.053	1.027	1.035	0.097	0.094	0.101	0.099	0.096	0.099	1.485	1.434	1.372	0.89	0.86	0.87	1.08	1.091	1.074	0.089	0.089	0.089	0.083	0.084	0.089
51:29:10	1.062	1.085	1.09	0.101	0.101	0.1	0.403	0.379	0.389	0.915	0.893	0.995	1.095	1.101	1.101	1.131	1.158	1.167	0.091	0.09	0.087	1.067	1.077	1.018	1.138	1.206	1.191	0.095	0.093	0.095	0.149	0.134	0.127	0.097	0.105	0.102	1.058	1.054	1.043	0.691	0.08	0.662	1.104	1.159	1.019	1.037	1.016	1.01	0.785	0.794	0.743	1.135	1.124	1.151	0.155	0.153	0.15	0.959	0.97	0.99	0.138	0.162	0.172	0.943	0.98	0.979	0.277	0.274	0.279	1.155	1.155	1.211	1.064	1.051	1.056	0.096	0.095	0.101	0.1	0.096	0.099	1.52	1.458	1.388	0.905	0.879	0.891	1.09	1.1	1.085	0.089	0.089	0.089	0.083	0.084	0.089
51:59:10	1.053	1.07	1.075	0.102	0.102	0.101	0.412	0.379	0.387	0.93	0.907	1.013	1.092	1.099	1.098	1.133	1.161	1.165	0.089	0.086	0.09	1.056	1.068	1.017	1.121	1.206	1.197	0.095	0.093	0.096	0.146	0.135	0.126	0.098	0.106	0.103	1.054	1.051	1.054	0.708	0.08	0.678	1.131	1.153	0.996	1.017	1	1.004	0.806	0.822	0.771	1.133	1.123	1.155	0.157	0.156	0.152	0.958	0.967	0.983	0.139	0.165	0.175	0.939	0.978	0.973	0.288	0.284	0.289	1.18	1.186	1.207	1.056	1.057	1.049	0.096	0.099	0.102	0.1	0.096	0.099	1.527	1.458	1.414	0.918	0.892	0.905	1.088	1.097	1.083	0.09	0.089	0.09	0.083	0.084	0.089
52:29:10	1.048	1.062	1.067	0.102	0.101	0.101	0.412	0.378	0.38	0.945	0.92	1.03	1.091	1.097	1.096	1.133	1.158	1.16	0.088	0.089	0.09	1.063	1.065	1.016	1.109	1.209	1.203	0.093	0.094	0.095	0.144	0.136	0.126	0.099	0.107	0.104	1.053	1.05	1.048	0.725	0.08	0.696	1.163	1.146	0.993	1	0.993	1.001	0.832	0.858	0.798	1.127	1.112	1.15	0.158	0.157	0.153	0.956	0.966	0.984	0.14	0.165	0.177	0.939	0.974	0.969	0.299	0.295	0.299	1.197	1.188	1.209	1.048	1.05	1.042	0.095	0.098	0.102	0.1	0.095	0.099	1.531	1.462	1.442	0.93	0.905	0.918	1.088	1.096	1.082	0.089	0.09	0.09	0.084	0.084	0.089
52:59:10	1.053	1.069	1.077	0.104	0.102	0.102	0.399	0.369	0.377	0.965	0.939	1.053	1.094	1.103	1.102	1.154	1.175	1.178	0.089	0.087	0.087	1.078	1.086	1.039	1.104	1.221	1.221	0.096	0.093	0.096	0.137	0.135	0.125	0.1	0.108	0.106	1.053	1.056	1.05	0.742	0.08	0.711	1.203	1.12	0.989	0.999	0.996	1.004	0.855	0.883	0.811	1.138	1.119	1.16	0.159	0.157	0.153	0.961	0.972	0.988	0.14	0.165	0.178	0.95	0.98	0.979	0.307	0.305	0.307	1.204	1.201	1.21	1.044	1.046	1.04	0.098	0.098	0.101	0.1	0.096	0.099	1.548	1.474	1.459	0.944	0.92	0.932	1.09	1.099	1.085	0.089	0.09	0.089	0.084	0.084	0.089
53:29:10	1.023	1.026	1.035	0.104	0.102	0.101	0.411	0.381	0.385	0.972	0.946	1.063	1.083	1.086	1.085	1.109	1.127	1.133	0.089	0.088	0.089	1.036	1.047	1.006	1.069	1.187	1.2	0.096	0.092	0.097	0.135	0.135	0.124	0.101	0.109	0.107	1.043	1.039	1.046	0.766	0.08	0.731	1.191	1.117	0.994	0.985	0.984	0.992	0.914	0.924	0.849	1.107	1.097	1.131	0.16	0.159	0.154	0.949	0.958	0.975	0.145	0.168	0.18	0.936	0.96	0.955	0.32	0.318	0.319	1.186	1.184	1.178	1.033	1.031	1.028	0.098	0.097	0.101	0.1	0.097	0.099	1.52	1.45	1.46	0.954	0.929	0.94	1.082	1.09	1.076	0.089	0.09	0.09	0.084	0.084	0.089
53:59:10	1.028	1.038	1.052	0.104	0.102	0.102	0.398	0.373	0.386	0.985	0.959	1.079	1.088	1.095	1.095	1.128	1.15	1.164	0.091	0.088	0.089	1.057	1.065	1.014	1.079	1.19	1.208	0.095	0.094	0.095	0.133	0.134	0.125	0.103	0.111	0.108	1.048	1.04	1.059	0.78	0.08	0.746	1.198	1.093	0.994	0.995	0.991	0.996	0.936	0.953	0.883	1.128	1.108	1.151	0.162	0.161	0.155	0.953	0.962	0.979	0.143	0.169	0.182	0.943	0.968	0.963	0.33	0.329	0.329	1.197	1.183	1.147	1.033	1.034	1.031	0.093	0.098	0.101	0.101	0.097	0.1	1.531	1.452	1.47	0.966	0.94	0.951	1.086	1.093	1.078	0.089	0.089	0.09	0.083	0.084	0.089
54:29:10	1.011	1.016	1.025	0.104	0.103	0.102	0.402	0.376	0.384	0.993	0.967	1.089	1.081	1.085	1.083	1.098	1.121	1.134	0.089	0.087	0.088	1.035	1.044	0.999	1.064	1.159	1.183	0.096	0.095	0.096	0.132	0.135	0.125	0.106	0.112	0.11	1.037	1.029	1.038	0.823	0.08	0.786	1.189	1.081	0.992	0.984	0.982	0.99	0.956	0.975	0.915	1.099	1.087	1.123	0.163	0.162	0.157	0.945	0.954	0.97	0.155	0.171	0.184	0.93	0.952	0.955	0.343	0.341	0.342	1.175	1.149	1.142	1.027	1.027	1.024	0.096	0.1	0.102	0.1	0.096	0.1	1.501	1.431	1.468	0.975	0.949	0.958	1.081	1.089	1.073	0.089	0.09	0.09	0.084	0.084	0.089
54:59:10	1.025	1.041	1.055	0.105	0.103	0.102	0.397	0.364	0.391	1.009	0.984	1.108	1.09	1.098	1.097	1.132	1.157	1.171	0.089	0.087	0.084	1.072	1.078	1.024	1.066	1.175	1.204	0.097	0.095	0.096	0.13	0.133	0.125	0.108	0.114	0.112	1.046	1.05	1.046	0.812	0.08	0.78	1.206	1.073	0.975	0.995	0.992	0.998	0.948	0.973	0.933	1.12	1.098	1.149	0.164	0.163	0.157	0.955	0.964	0.98	0.148	0.171	0.187	0.944	0.968	0.964	0.355	0.353	0.353	1.174	1.151	1.149	1.03	1.033	1.031	0.097	0.099	0.101	0.1	0.096	0.1	1.517	1.448	1.479	0.988	0.961	0.97	1.087	1.094	1.079	0.09	0.09	0.09	0.083	0.084	0.089
55:29:10	1.008	1.022	1.034	0.105	0.103	0.103	0.401	0.377	0.383	1.017	0.992	1.118	1.083	1.086	1.085	1.105	1.125	1.136	0.089	0.089	0.087	1.045	1.056	1.01	1.046	1.142	1.178	0.095	0.095	0.096	0.129	0.132	0.125	0.109	0.116	0.113	1.036	1.043	1.037	0.834	0.08	0.801	1.199	1.069	0.977	0.982	0.981	0.99	0.968	0.985	0.954	1.099	1.08	1.127	0.165	0.165	0.157	0.946	0.955	0.972	0.155	0.172	0.188	0.93	0.955	0.952	0.37	0.366	0.367	1.148	1.136	1.137	1.024	1.024	1.022	0.093	0.099	0.102	0.101	0.097	0.099	1.491	1.436	1.464	0.999	0.97	0.976	1.081	1.089	1.074	0.09	0.09	0.09	0.083	0.084	0.089
55:59:10	1.011	1.031	1.044	0.106	0.103	0.104	0.406	0.37	0.381	1.025	1.001	1.127	1.089	1.097	1.096	1.119	1.144	1.157	0.09	0.086	0.086	1.069	1.071	1.014	1.051	1.128	1.175	0.097	0.094	0.096	0.128	0.131	0.125	0.11	0.121	0.115	1.045	1.043	1.04	0.855	0.08	0.82	1.207	1.062	0.971	0.992	0.99	0.995	0.994	0.98	0.962	1.113	1.088	1.144	0.167	0.167	0.159	0.952	0.961	0.977	0.154	0.173	0.19	0.941	0.962	0.962	0.382	0.379	0.379	1.146	1.135	1.134	1.025	1.03	1.028	0.093	0.1	0.101	0.101	0.096	0.1	1.5	1.448	1.444	1.009	0.979	0.985	1.085	1.093	1.078	0.09	0.09	0.09	0.083	0.084	0.089
56:29:10	0.998	1.01	1.022	0.105	0.104	0.104	0.404	0.378	0.377	1.031	1.009	1.135	1.081	1.086	1.085	1.094	1.118	1.132	0.088	0.089	0.088	1.045	1.052	0.998	1.037	1.092	1.141	0.097	0.095	0.097	0.127	0.131	0.125	0.112	0.127	0.117	1.033	1.032	1.052	0.891	0.08	0.853	1.202	1.059	0.969	0.982	0.98	0.988	1.016	0.986	0.969	1.089	1.07	1.118	0.17	0.169	0.161	0.944	0.953	0.969	0.159	0.175	0.192	0.927	0.949	0.948	0.4	0.393	0.393	1.132	1.121	1.125	1.02	1.023	1.02	0.092	0.097	0.102	0.101	0.097	0.1	1.474	1.435	1.417	1.018	0.987	0.992	1.079	1.087	1.074	0.09	0.09	0.09	0.084	0.084	0.089
56:59:10	0.997	1.009	1.021	0.106	0.104	0.104	0.399	0.37	0.377	1.039	1.018	1.146	1.082	1.087	1.086	1.092	1.116	1.129	0.09	0.089	0.085	1.051	1.056	1.001	1.039	1.088	1.119	0.095	0.095	0.098	0.127	0.13	0.125	0.114	0.132	0.119	1.034	1.038	1.082	0.917	0.08	0.888	1.207	1.046	0.967	0.983	0.981	0.989	1.031	0.992	0.981	1.089	1.07	1.115	0.17	0.17	0.161	0.944	0.953	0.97	0.161	0.175	0.194	0.928	0.947	0.948	0.416	0.409	0.409	1.133	1.121	1.125	1.021	1.022	1.02	0.095	0.099	0.102	0.101	0.097	0.1	1.474	1.433	1.405	1.029	0.997	1	1.08	1.089	1.075	0.09	0.09	0.09	0.084	0.084	0.089
57:29:10	0.989	0.996	1.004	0.106	0.103	0.102	0.407	0.379	0.394	1.043	1.023	1.152	1.079	1.081	1.08	1.075	1.101	1.111	0.09	0.087	0.084	1.028	1.041	0.985	1.033	1.072	1.087	0.096	0.094	0.097	0.127	0.13	0.126	0.116	0.13	0.121	1.029	1.023	1.069	0.977	0.08	0.947	1.2	1.054	0.973	0.978	0.976	0.985	1.051	1.007	0.992	1.07	1.056	1.097	0.173	0.172	0.163	0.94	0.949	0.965	0.162	0.177	0.196	0.917	0.938	0.937	0.431	0.428	0.427	1.118	1.11	1.115	1.018	1.019	1.017	0.095	0.1	0.101	0.1	0.097	0.1	1.462	1.426	1.391	1.038	1.004	1.007	1.078	1.086	1.072	0.09	0.09	0.09	0.083	0.084	0.089
57:59:10	1	1.017	1.027	0.106	0.104	0.106	0.407	0.378	0.376	1.055	1.035	1.165	1.085	1.092	1.091	1.097	1.123	1.135	0.09	0.09	0.087	1.064	1.07	1.01	1.041	1.079	1.098	0.096	0.096	0.096	0.127	0.129	0.125	0.118	0.128	0.124	1.034	1.029	1.036	0.974	0.08	0.965	1.218	1.034	0.96	0.986	0.985	0.992	1.045	1.001	0.988	1.086	1.07	1.115	0.172	0.172	0.161	0.948	0.957	0.974	0.163	0.176	0.199	0.931	0.952	0.956	0.444	0.44	0.44	1.144	1.131	1.125	1.022	1.024	1.022	0.093	0.102	0.102	0.101	0.097	0.1	1.502	1.447	1.408	1.05	1.015	1.016	1.084	1.09	1.076	0.089	0.09	0.091	0.084	0.084	0.089
58:29:10	0.979	0.981	0.989	0.107	0.105	0.105	0.409	0.379	0.395	1.055	1.036	1.164	1.074	1.075	1.073	1.062	1.083	1.093	0.088	0.09	0.084	1.015	1.025	0.973	1.025	1.04	1.055	0.096	0.095	0.097	0.127	0.129	0.126	0.121	0.13	0.126	1.024	1.016	1.023	0.993	0.08	1.016	1.203	1.043	0.965	0.972	0.97	0.981	1.065	1.018	1.008	1.053	1.041	1.079	0.175	0.175	0.164	0.933	0.941	0.961	0.164	0.179	0.2	0.908	0.932	0.928	0.466	0.463	0.459	1.111	1.098	1.101	1.014	1.013	1.011	0.092	0.101	0.102	0.101	0.097	0.1	1.461	1.415	1.381	1.058	1.021	1.021	1.074	1.081	1.066	0.09	0.09	0.091	0.083	0.084	0.089
58:59:10	0.982	0.985	0.994	0.108	0.106	0.106	0.406	0.38	0.379	1.061	1.042	1.171	1.077	1.081	1.08	1.069	1.092	1.102	0.09	0.088	0.085	1.023	1.036	0.975	1.031	1.044	1.054	0.097	0.095	0.098	0.128	0.129	0.126	0.123	0.132	0.129	1.023	1.026	1.016	0.998	0.08	1.039	1.213	1.032	0.963	0.977	0.975	0.984	1.083	1.022	1.017	1.057	1.046	1.086	0.177	0.177	0.166	0.937	0.944	0.963	0.165	0.18	0.203	0.912	0.936	0.93	0.478	0.478	0.479	1.114	1.099	1.099	1.015	1.016	1.014	0.096	0.1	0.102	0.102	0.097	0.101	1.465	1.416	1.377	1.067	1.029	1.029	1.076	1.083	1.068	0.09	0.091	0.091	0.084	0.084	0.089
59:29:10	0.975	0.973	0.981	0.109	0.105	0.107	0.405	0.386	0.382	1.065	1.047	1.174	1.072	1.072	1.071	1.053	1.075	1.083	0.088	0.086	0.086	1.01	1.017	0.966	1.024	1.03	1.033	0.098	0.095	0.098	0.128	0.13	0.127	0.126	0.134	0.131	1.016	1.012	1.013	1.001	0.08	1.036	1.207	1.026	0.966	0.968	0.967	0.979	1.095	1.021	1.02	1.038	1.028	1.065	0.178	0.179	0.167	0.931	0.938	0.959	0.165	0.182	0.204	0.9	0.925	0.918	0.496	0.496	0.492	1.103	1.087	1.09	1.012	1.011	1.008	0.095	0.102	0.102	0.102	0.098	0.101	1.447	1.402	1.367	1.075	1.036	1.036	1.072	1.08	1.064	0.09	0.09	0.091	0.083	0.084	0.089
59:59:10	0.977	0.975	0.982	0.109	0.107	0.107	0.401	0.367	0.379	1.068	1.051	1.179	1.075	1.076	1.075	1.057	1.079	1.088	0.089	0.089	0.088	1.008	1.015	0.966	1.029	1.037	1.036	0.097	0.096	0.097	0.128	0.131	0.127	0.128	0.136	0.133	1.019	1.011	1.014	1.006	0.08	1.046	1.212	1.027	0.969	0.972	0.971	0.98	1.107	1.032	1.032	1.042	1.03	1.068	0.181	0.181	0.169	0.932	0.94	0.958	0.165	0.184	0.206	0.903	0.926	0.919	0.517	0.51	0.511	1.1	1.082	1.085	1.014	1.012	1.01	0.096	0.101	0.102	0.102	0.098	0.101	1.446	1.403	1.358	1.084	1.044	1.044	1.073	1.081	1.065	0.09	0.091	0.091	0.083	0.084	0.089
60:29:10	0.992	1	1.01	0.11	0.108	0.108	0.393	0.367	0.37	1.077	1.06	1.187	1.083	1.089	1.089	1.076	1.1	1.113	0.091	0.091	0.087	1.057	1.052	0.987	1.041	1.055	1.054	0.098	0.095	0.098	0.128	0.131	0.127	0.13	0.138	0.137	1.025	1.021	1.027	0.994	0.08	1.04	1.23	1.006	0.965	0.983	0.982	0.989	1.119	1.03	1.033	1.053	1.041	1.081	0.183	0.183	0.169	0.942	0.951	0.968	0.166	0.184	0.21	0.917	0.941	0.936	0.532	0.524	0.532	1.123	1.101	1.094	1.018	1.02	1.018	0.096	0.102	0.102	0.103	0.099	0.101	1.47	1.417	1.367	1.093	1.054	1.054	1.08	1.087	1.072	0.09	0.091	0.091	0.084	0.084	0.089
60:59:10	1.001	1.011	1.022	0.11	0.108	0.107	0.401	0.377	0.37	1.087	1.073	1.197	1.085	1.094	1.094	1.08	1.106	1.117	0.09	0.09	0.086	1.07	1.067	1.008	1.046	1.06	1.059	0.099	0.096	0.098	0.128	0.129	0.126	0.132	0.141	0.143	1.031	1.031	1.037	0.978	0.08	1.024	1.239	0.997	0.963	0.987	0.987	0.993	1.125	1.012	1.017	1.06	1.047	1.088	0.183	0.184	0.168	0.946	0.955	0.973	0.167	0.184	0.212	0.926	0.959	0.949	0.551	0.547	0.549	1.135	1.111	1.099	1.021	1.022	1.021	0.093	0.101	0.102	0.102	0.098	0.101	1.482	1.424	1.368	1.104	1.065	1.062	1.082	1.09	1.075	0.09	0.091	0.091	0.084	0.084	0.089
61:29:10	0.972	0.968	0.973	0.11	0.108	0.108	0.397	0.372	0.394	1.083	1.068	1.19	1.07	1.071	1.07	1.04	1.06	1.069	0.09	0.091	0.088	1.011	1.008	0.965	1.024	1.033	1.031	0.099	0.096	0.098	0.128	0.129	0.127	0.136	0.144	0.148	1.013	1.009	1.013	0.981	0.08	1.032	1.212	1.006	0.964	0.968	0.967	0.977	1.127	1.023	1.029	1.018	1.013	1.044	0.185	0.186	0.17	0.928	0.936	0.956	0.166	0.187	0.213	0.898	0.929	0.917	0.567	0.566	0.565	1.088	1.074	1.074	1.01	1.009	1.007	0.092	0.1	0.102	0.103	0.099	0.101	1.432	1.392	1.339	1.111	1.069	1.066	1.07	1.078	1.064	0.09	0.09	0.09	0.084	0.084	0.089
61:59:10	0.969	0.963	0.967	0.111	0.108	0.108	0.41	0.371	0.384	1.086	1.071	1.187	1.07	1.071	1.07	1.039	1.059	1.067	0.089	0.091	0.09	1.006	0.998	0.966	1.024	1.033	1.031	0.099	0.096	0.098	0.128	0.129	0.127	0.138	0.147	0.151	1.014	1.008	1.012	0.98	0.08	1.028	1.216	1	0.965	0.967	0.967	0.977	1.133	1.031	1.036	1.016	1.011	1.041	0.187	0.188	0.171	0.927	0.935	0.955	0.167	0.188	0.215	0.894	0.925	0.914	0.592	0.586	0.583	1.083	1.07	1.07	1.009	1.008	1.006	0.092	0.1	0.102	0.103	0.098	0.101	1.425	1.385	1.332	1.12	1.077	1.073	1.07	1.078	1.064	0.09	0.091	0.091	0.084	0.084	0.089
62:29:10	0.986	0.989	1	0.112	0.109	0.11	0.395	0.372	0.376	1.095	1.08	1.187	1.079	1.086	1.085	1.062	1.084	1.094	0.088	0.09	0.086	1.046	1.05	0.987	1.038	1.052	1.051	0.099	0.097	0.098	0.128	0.129	0.127	0.141	0.149	0.158	1.022	1.017	1.025	0.978	0.08	1.019	1.235	0.994	0.97	0.981	0.979	0.986	1.141	1.034	1.037	1.037	1.028	1.063	0.188	0.19	0.171	0.938	0.946	0.966	0.167	0.188	0.219	0.911	0.942	0.933	0.607	0.607	0.602	1.108	1.089	1.077	1.015	1.016	1.015	0.091	0.101	0.102	0.103	0.099	0.101	1.452	1.403	1.341	1.13	1.087	1.083	1.079	1.084	1.071	0.09	0.09	0.091	0.084	0.084	0.089
62:59:10	0.956	0.948	0.952	0.112	0.109	0.109	0.393	0.371	0.385	1.086	1.071	1.176	1.065	1.063	1.062	1.026	1.045	1.051	0.089	0.091	0.088	0.971	0.966	0.943	1.017	1.026	1.026	0.098	0.097	0.099	0.129	0.129	0.128	0.145	0.153	0.162	1.005	0.997	1.002	0.983	0.08	1.033	1.194	1.008	0.977	0.962	0.961	0.97	1.131	1.049	1.051	0.998	0.992	1.022	0.191	0.193	0.175	0.92	0.927	0.949	0.167	0.192	0.22	0.886	0.911	0.903	0.636	0.632	0.643	1.063	1.051	1.054	1.004	1.003	1.001	0.096	0.098	0.102	0.104	0.099	0.102	1.396	1.363	1.313	1.136	1.091	1.104	1.066	1.073	1.059	0.09	0.091	0.091	0.084	0.084	0.089
63:29:10	0.978	0.976	0.984	0.113	0.11	0.11	0.389	0.379	0.392	1.092	1.079	1.184	1.075	1.08	1.08	1.049	1.07	1.08	0.091	0.087	0.086	1.028	1.024	0.978	1.032	1.047	1.046	0.1	0.096	0.099	0.129	0.129	0.127	0.147	0.155	0.159	1.015	1.012	1.019	0.981	0.08	1.023	1.23	0.997	0.972	0.975	0.975	0.982	1.143	1.053	1.06	1.023	1.015	1.046	0.193	0.195	0.174	0.932	0.941	0.961	0.167	0.192	0.223	0.905	0.934	0.924	0.655	0.65	0.646	1.091	1.075	1.065	1.012	1.012	1.011	0.091	0.1	0.102	0.104	0.1	0.102	1.431	1.387	1.329	1.147	1.127	1.122	1.073	1.08	1.066	0.09	0.091	0.091	0.084	0.084	0.089
63:59:10	0.966	0.958	0.965	0.112	0.111	0.11	0.401	0.377	0.385	1.088	1.074	1.177	1.069	1.071	1.069	1.034	1.053	1.061	0.089	0.089	0.09	1.006	1.002	0.957	1.024	1.036	1.035	0.1	0.096	0.099	0.129	0.129	0.128	0.15	0.158	0.161	1.009	1.006	1.006	0.982	0.08	1.024	1.219	0.998	0.977	0.968	0.967	0.975	1.141	1.058	1.068	1.004	1	1.028	0.195	0.198	0.176	0.925	0.933	0.954	0.167	0.194	0.225	0.893	0.921	0.912	0.706	0.7	0.731	1.072	1.059	1.055	1.007	1.007	1.005	0.098	0.094	0.102	0.104	0.1	0.102	1.41	1.368	1.316	1.166	1.126	1.121	1.069	1.076	1.061	0.09	0.091	0.091	0.084	0.084	0.089
64:29:10	0.962	0.95	0.953	0.114	0.111	0.112	0.406	0.371	0.383	1.088	1.075	1.178	1.065	1.065	1.065	1.026	1.043	1.05	0.09	0.091	0.089	0.99	0.987	0.953	1.019	1.03	1.029	0.099	0.096	0.099	0.129	0.129	0.128	0.154	0.162	0.164	1.005	1.002	1.001	0.979	0.08	1.015	1.217	0.997	0.981	0.964	0.963	0.972	1.143	1.063	1.069	0.994	0.991	1.017	0.197	0.2	0.178	0.922	0.929	0.951	0.168	0.196	0.228	0.888	0.912	0.903	0.84	0.824	0.85	1.06	1.049	1.049	1.005	1.004	1.002	0.092	0.095	0.102	0.103	0.1	0.102	1.395	1.356	1.308	1.171	1.124	1.128	1.066	1.073	1.058	0.09	0.091	0.091	0.084	0.084	0.089
64:59:10	0.975	0.967	0.974	0.115	0.111	0.111	0.399	0.357	0.386	1.095	1.083	1.183	1.071	1.075	1.075	1.038	1.058	1.065	0.089	0.091	0.087	1.027	1.014	0.971	1.028	1.042	1.041	0.1	0.098	0.099	0.128	0.128	0.127	0.156	0.164	0.164	1.011	1.012	1.015	0.972	0.08	1.017	1.234	0.98	0.979	0.971	0.97	0.978	1.151	1.064	1.072	1.008	1.005	1.032	0.198	0.202	0.175	0.928	0.937	0.957	0.168	0.195	0.231	0.9	0.934	0.934	0.928	0.92	0.933	1.073	1.061	1.056	1.009	1.009	1.007	0.091	0.099	0.102	0.103	0.1	0.102	1.413	1.369	1.317	1.169	1.141	1.142	1.07	1.077	1.062	0.09	0.091	0.091	0.084	0.084	0.089
65:29:10	0.987	0.981	0.99	0.115	0.112	0.112	0.399	0.365	0.382	1.101	1.092	1.186	1.077	1.085	1.086	1.05	1.072	1.082	0.09	0.089	0.09	1.058	1.036	0.989	1.037	1.058	1.059	0.1	0.096	0.099	0.128	0.128	0.127	0.159	0.167	0.165	1.016	1.02	1.024	0.969	0.08	1.017	1.246	0.971	0.98	0.981	0.979	0.984	1.155	1.053	1.07	1.026	1.018	1.048	0.198	0.202	0.173	0.935	0.945	0.963	0.169	0.194	0.234	0.92	0.947	0.938	1.01	1.001	0.999	1.086	1.07	1.061	1.013	1.014	1.012	0.093	0.098	0.102	0.103	0.1	0.102	1.438	1.383	1.323	1.171	1.15	1.139	1.075	1.082	1.067	0.09	0.091	0.091	0.084	0.084	0.089
65:59:10	0.965	0.947	0.953	0.114	0.113	0.112	0.405	0.364	0.385	1.093	1.085	1.176	1.065	1.066	1.065	1.023	1.04	1.047	0.091	0.089	0.089	1.008	0.994	0.955	1.02	1.034	1.034	0.1	0.097	0.099	0.128	0.129	0.127	0.162	0.172	0.17	1.005	1.004	1.003	0.968	0.08	1.017	1.228	0.989	0.977	0.965	0.963	0.971	1.146	1.054	1.063	0.994	0.991	1.015	0.2	0.205	0.175	0.92	0.929	0.948	0.169	0.197	0.235	0.895	0.922	0.911	1.021	1.01	1.014	1.055	1.043	1.045	1.005	1.003	1.001	0.097	0.096	0.102	0.104	0.1	0.102	1.399	1.353	1.306	1.165	1.125	1.122	1.065	1.073	1.058	0.09	0.091	0.091	0.084	0.084	0.089
66:29:10	0.982	0.971	0.982	0.117	0.114	0.114	0.388	0.363	0.387	1.101	1.095	1.183	1.074	1.08	1.081	1.042	1.064	1.071	0.09	0.091	0.091	1.047	1.028	0.98	1.033	1.053	1.054	0.1	0.097	0.099	0.128	0.128	0.127	0.165	0.174	0.171	1.012	1.016	1.018	0.962	0.08	1.011	1.244	0.976	0.969	0.978	0.976	0.98	1.152	1.058	1.069	1.014	1.008	1.038	0.2	0.206	0.174	0.932	0.941	0.959	0.169	0.196	0.238	0.904	0.942	0.931	1.059	1.051	1.052	1.073	1.059	1.055	1.01	1.01	1.009	0.092	0.096	0.102	0.103	0.1	0.102	1.426	1.371	1.319	1.168	1.123	1.131	1.073	1.079	1.066	0.09	0.092	0.091	0.084	0.084	0.089
66:59:10	0.969	0.961	0.971	0.118	0.114	0.115	0.39	0.362	0.386	1.095	1.088	1.176	1.071	1.077	1.077	1.039	1.058	1.067	0.089	0.091	0.085	1.02	1.018	0.969	1.028	1.049	1.051	0.101	0.098	0.098	0.129	0.129	0.127	0.169	0.178	0.174	1.007	1.01	1.013	0.963	0.08	1.013	1.238	0.974	0.964	0.974	0.972	0.976	1.147	1.068	1.075	1.007	1.003	1.029	0.202	0.209	0.176	0.928	0.936	0.955	0.17	0.198	0.24	0.904	0.942	0.92	1.069	1.062	1.063	1.064	1.052	1.049	1.006	1.008	1.007	0.092	0.096	0.102	0.103	0.1	0.102	1.416	1.362	1.312	1.15	1.106	1.118	1.071	1.077	1.064	0.09	0.092	0.091	0.084	0.084	0.089
67:29:10	0.97	0.962	0.97	0.118	0.114	0.115	0.389	0.364	0.385	1.097	1.09	1.176	1.071	1.077	1.077	1.038	1.059	1.065	0.091	0.088	0.089	1.024	1.021	0.967	1.029	1.05	1.052	0.101	0.098	0.099	0.129	0.129	0.127	0.172	0.181	0.177	1.007	1.011	1.01	0.96	0.08	1.008	1.238	0.968	0.957	0.975	0.973	0.978	1.149	1.072	1.082	1.005	0.999	1.029	0.203	0.211	0.177	0.927	0.936	0.955	0.17	0.198	0.243	0.902	0.945	0.928	1.088	1.082	1.083	1.061	1.05	1.047	1.007	1.009	1.007	0.092	0.098	0.102	0.104	0.1	0.102	1.41	1.359	1.31	1.137	1.099	1.114	1.07	1.077	1.063	0.09	0.092	0.091	0.084	0.084	0.089
67:59:10	0.96	0.95	0.954	0.119	0.116	0.115	0.384	0.37	0.382	1.092	1.086	1.169	1.065	1.067	1.067	1.026	1.044	1.05	0.088	0.086	0.086	0.992	0.995	0.953	1.02	1.036	1.039	0.101	0.099	0.1	0.129	0.13	0.128	0.176	0.186	0.181	1	1.002	0.999	0.962	0.08	1.015	1.225	0.965	0.958	0.967	0.965	0.972	1.14	1.083	1.092	0.986	0.984	1.009	0.205	0.214	0.178	0.919	0.928	0.949	0.171	0.201	0.245	0.889	0.929	0.911	1.095	1.091	1.093	1.042	1.035	1.038	1.002	1.003	1.001	0.096	0.103	0.102	0.104	0.1	0.102	1.385	1.341	1.299	1.122	1.083	1.1	1.065	1.073	1.057	0.091	0.092	0.092	0.084	0.084	0.089
68:29:10	0.967	0.965	0.969	0.119	0.116	0.117	0.398	0.361	0.395	1.096	1.092	1.173	1.07	1.076	1.077	1.038	1.058	1.065	0.091	0.091	0.09	1.016	1.018	0.969	1.028	1.049	1.052	0.103	0.1	0.1	0.129	0.129	0.127	0.178	0.188	0.184	1.006	1.011	1.008	0.958	0.08	1.025	1.241	0.955	0.957	0.974	0.972	0.977	1.149	1.097	1.107	0.998	0.994	1.021	0.207	0.216	0.179	0.926	0.934	0.955	0.171	0.2	0.248	0.903	0.943	0.922	1.12	1.115	1.116	1.051	1.042	1.044	1.006	1.007	1.006	0.099	0.096	0.102	0.104	0.1	0.103	1.397	1.35	1.305	1.116	1.08	1.105	1.069	1.077	1.061	0.091	0.092	0.091	0.084	0.084	0.089
68:59:10	0.974	0.973	0.979	0.121	0.117	0.117	0.4	0.365	0.376	1.103	1.099	1.177	1.074	1.081	1.083	1.047	1.067	1.074	0.089	0.087	0.091	1.038	1.031	0.986	1.034	1.058	1.062	0.104	0.1	0.1	0.129	0.129	0.127	0.181	0.192	0.187	1.01	1.015	1.016	0.954	0.08	1.015	1.25	0.944	0.936	0.981	0.978	0.982	1.154	1.097	1.113	1.008	1.003	1.03	0.206	0.217	0.178	0.931	0.94	0.96	0.172	0.2	0.251	0.908	0.949	0.933	1.146	1.141	1.142	1.058	1.048	1.049	1.009	1.011	1.01	0.092	0.099	0.102	0.105	0.101	0.103	1.412	1.355	1.311	1.11	1.079	1.109	1.073	1.079	1.065	0.091	0.093	0.091	0.084	0.084	0.089
69:29:10	0.962	0.957	0.958	0.121	0.117	0.117	0.389	0.369	0.388	1.098	1.095	1.165	1.066	1.07	1.071	1.03	1.049	1.054	0.089	0.087	0.088	0.996	1.003	0.966	1.022	1.042	1.046	0.104	0.1	0.101	0.129	0.129	0.128	0.186	0.196	0.191	1.004	1.006	1.003	0.954	0.08	1.014	1.239	0.941	0.93	0.971	0.968	0.973	1.145	1.103	1.117	0.988	0.987	1.01	0.208	0.22	0.179	0.921	0.932	0.952	0.173	0.202	0.253	0.895	0.947	0.918	1.157	1.153	1.154	1.037	1.032	1.038	1.005	1.005	1.003	0.093	0.095	0.102	0.104	0.101	0.102	1.387	1.338	1.298	1.094	1.066	1.095	1.066	1.073	1.059	0.091	0.093	0.091	0.084	0.084	0.089
69:59:10	0.964	0.957	0.962	0.122	0.119	0.117	0.397	0.367	0.392	1.1	1.097	1.165	1.068	1.073	1.074	1.035	1.054	1.061	0.09	0.091	0.085	1.01	1.007	0.973	1.025	1.047	1.05	0.105	0.1	0.102	0.129	0.129	0.127	0.19	0.2	0.194	1.005	1.008	1.006	0.951	0.08	1.009	1.242	0.938	0.928	0.974	0.971	0.976	1.149	1.109	1.124	0.991	0.989	1.014	0.209	0.221	0.18	0.924	0.934	0.954	0.174	0.202	0.255	0.897	0.954	0.924	1.177	1.172	1.174	1.039	1.033	1.041	1.005	1.006	1.005	0.092	0.096	0.103	0.105	0.1	0.102	1.389	1.34	1.299	1.087	1.06	1.091	1.068	1.075	1.06	0.091	0.094	0.091	0.084	0.084	0.089
70:29:10	0.956	0.945	0.95	0.123	0.119	0.118	0.393	0.367	0.382	1.097	1.094	1.158	1.064	1.067	1.068	1.028	1.046	1.05	0.092	0.091	0.09	0.987	0.992	0.959	1.02	1.038	1.042	0.105	0.101	0.102	0.129	0.129	0.128	0.194	0.205	0.198	1	1.002	1	0.951	0.08	1.01	1.234	0.938	0.923	0.968	0.966	0.972	1.144	1.11	1.124	0.981	0.98	1.002	0.21	0.223	0.181	0.917	0.928	0.948	0.175	0.203	0.257	0.89	0.941	0.918	1.192	1.186	1.189	1.03	1.025	1.035	1.003	1.003	1.001	0.097	0.098	0.103	0.104	0.101	0.103	1.375	1.328	1.293	1.076	1.049	1.079	1.065	1.072	1.058	0.091	0.095	0.092	0.084	0.084	0.088
70:59:10	0.963	0.959	0.963	0.124	0.12	0.119	0.393	0.364	0.383	1.098	1.097	1.156	1.068	1.074	1.075	1.038	1.057	1.063	0.088	0.089	0.089	1.006	1.011	0.957	1.026	1.048	1.053	0.106	0.102	0.101	0.13	0.13	0.128	0.197	0.208	0.202	1.002	1.006	1.005	0.952	0.08	1.014	1.241	0.93	0.925	0.974	0.972	0.977	1.146	1.124	1.135	0.988	0.987	1.011	0.211	0.226	0.182	0.924	0.933	0.953	0.176	0.204	0.26	0.898	0.95	0.927	1.21	1.205	1.207	1.036	1.031	1.037	1.005	1.006	1.005	0.094	0.101	0.103	0.105	0.1	0.103	1.381	1.334	1.295	1.069	1.043	1.075	1.069	1.076	1.061	0.09	0.095	0.092	0.084	0.084	0.089
71:29:10	0.972	0.959	0.972	0.125	0.121	0.121	0.387	0.37	0.389	1.098	1.099	1.152	1.07	1.077	1.079	1.045	1.064	1.071	0.09	0.091	0.088	1.016	1.021	0.966	1.028	1.054	1.059	0.106	0.102	0.101	0.129	0.13	0.128	0.201	0.211	0.205	1.004	1.009	1.007	0.95	0.08	1.026	1.242	0.926	0.925	0.978	0.975	0.979	1.145	1.132	1.144	0.993	0.991	1.014	0.212	0.228	0.183	0.926	0.936	0.956	0.177	0.204	0.263	0.904	0.96	0.934	1.227	1.222	1.223	1.039	1.033	1.041	1.006	1.008	1.007	0.102	0.095	0.103	0.104	0.101	0.103	1.381	1.334	1.295	1.063	1.038	1.069	1.07	1.077	1.062	0.091	0.096	0.091	0.084	0.084	0.089
71:59:10	0.96	0.949	0.952	0.126	0.121	0.122	0.396	0.364	0.398	1.1	1.101	1.146	1.064	1.068	1.069	1.032	1.05	1.055	0.089	0.091	0.088	0.998	1.007	0.96	1.021	1.041	1.045	0.107	0.103	0.102	0.129	0.129	0.127	0.205	0.217	0.21	1	1.002	1.003	0.946	0.08	1.02	1.237	0.924	0.922	0.97	0.968	0.974	1.145	1.136	1.159	0.98	0.98	1.001	0.213	0.229	0.183	0.919	0.928	0.951	0.178	0.204	0.265	0.895	0.943	0.926	1.246	1.241	1.243	1.024	1.022	1.034	1.003	1.003	1.002	0.095	0.097	0.103	0.104	0.101	0.103	1.368	1.324	1.287	1.057	1.034	1.067	1.065	1.072	1.057	0.091	0.097	0.092	0.084	0.084	0.088
72:29:10	0.957	0.941	0.94	0.127	0.123	0.122	0.394	0.363	0.388	1.097	1.1	1.127	1.062	1.064	1.065	1.026	1.043	1.048	0.089	0.09	0.087	0.983	0.992	0.951	1.016	1.036	1.04	0.108	0.104	0.103	0.129	0.129	0.127	0.21	0.222	0.214	0.996	0.999	0.998	0.946	0.08	1.018	1.23	0.924	0.921	0.967	0.964	0.969	1.139	1.138	1.157	0.972	0.973	0.993	0.215	0.232	0.184	0.915	0.925	0.946	0.179	0.206	0.267	0.889	0.931	0.919	1.261	1.256	1.259	1.016	1.016	1.03	1.002	1.001	0.999	0.103	0.103	0.103	0.104	0.101	0.103	1.358	1.314	1.281	1.046	1.026	1.059	1.062	1.07	1.055	0.091	0.099	0.092	0.084	0.084	0.089
72:59:10	0.954	0.937	0.937	0.127	0.123	0.122	0.4	0.365	0.395	1.097	1.101	1.123	1.061	1.063	1.065	1.026	1.042	1.047	0.093	0.089	0.09	0.98	0.994	0.952	1.016	1.036	1.04	0.108	0.105	0.103	0.129	0.129	0.127	0.214	0.226	0.218	0.995	0.999	0.998	0.943	0.08	1.018	1.229	0.92	0.916	0.967	0.964	0.97	1.138	1.138	1.156	0.969	0.971	0.989	0.215	0.233	0.185	0.914	0.924	0.945	0.18	0.206	0.269	0.895	0.928	0.919	1.277	1.274	1.276	1.014	1.013	1.029	1.001	1	0.999	0.095	0.099	0.103	0.105	0.101	0.103	1.353	1.31	1.279	1.04	1.022	1.055	1.062	1.069	1.054	0.091	0.101	0.092	0.084	0.084	0.089
73:29:10	0.952	0.937	0.933	0.128	0.123	0.123	0.398	0.365	0.383	1.084	1.085	1.119	1.06	1.062	1.063	1.025	1.042	1.046	0.089	0.089	0.089	0.966	0.982	0.948	1.014	1.034	1.037	0.109	0.105	0.104	0.129	0.129	0.128	0.218	0.232	0.223	0.992	0.995	0.994	0.946	0.08	1.019	1.224	0.92	0.916	0.966	0.964	0.969	1.13	1.136	1.151	0.964	0.965	0.984	0.216	0.235	0.186	0.913	0.922	0.943	0.181	0.207	0.271	0.888	0.924	0.918	1.288	1.284	1.288	1.01	1.011	1.026	1	0.999	0.998	0.094	0.099	0.103	0.104	0.101	0.103	1.344	1.303	1.274	1.031	1.013	1.044	1.061	1.068	1.054	0.091	0.103	0.092	0.084	0.084	0.089
73:59:10	0.948	0.928	0.928	0.128	0.124	0.124	0.392	0.368	0.384	1.064	1.066	1.118	1.058	1.059	1.06	1.023	1.039	1.043	0.093	0.087	0.088	0.971	0.974	0.94	1.011	1.029	1.032	0.11	0.106	0.105	0.13	0.131	0.129	0.224	0.237	0.229	0.989	0.991	0.989	0.949	0.08	1.033	1.217	0.92	0.917	0.963	0.961	0.968	1.122	1.134	1.148	0.957	0.961	0.977	0.218	0.237	0.187	0.91	0.92	0.941	0.183	0.21	0.273	0.886	0.912	0.913	1.3	1.301	1.3	1.006	1.008	1.022	0.998	0.998	0.996	0.094	0.103	0.103	0.105	0.102	0.103	1.332	1.294	1.27	1.024	1.005	1.035	1.059	1.067	1.052	0.092	0.107	0.092	0.084	0.084	0.089
74:29:10	0.949	0.929	0.93	0.13	0.125	0.125	0.396	0.37	0.396	1.062	1.069	1.134	1.059	1.061	1.062	1.024	1.041	1.046	0.093	0.087	0.088	0.98	0.979	0.947	1.012	1.031	1.035	0.11	0.107	0.105	0.13	0.13	0.128	0.228	0.24	0.233	0.99	0.994	0.994	0.948	0.08	1.037	1.226	0.919	0.918	0.965	0.962	0.969	1.124	1.143	1.166	0.959	0.963	0.979	0.218	0.238	0.188	0.909	0.92	0.943	0.183	0.21	0.276	0.887	0.922	0.919	1.329	1.326	1.33	1.005	1.008	1.024	1	0.998	0.996	0.101	0.097	0.102	0.106	0.102	0.103	1.332	1.294	1.268	1.025	1.006	1.04	1.06	1.067	1.053	0.091	0.112	0.092	0.084	0.084	0.089
74:59:10	0.953	0.936	0.933	0.131	0.126	0.126	0.396	0.361	0.374	1.071	1.083	1.146	1.063	1.065	1.066	1.031	1.049	1.053	0.09	0.087	0.088	0.988	0.994	0.954	1.016	1.038	1.042	0.111	0.107	0.105	0.129	0.129	0.128	0.232	0.242	0.237	0.993	0.998	0.996	0.946	0.08	1.035	1.23	0.905	0.917	0.969	0.966	0.972	1.128	1.151	1.174	0.966	0.97	0.985	0.219	0.24	0.189	0.913	0.924	0.946	0.184	0.209	0.28	0.897	0.928	0.929	1.334	1.326	1.333	1.009	1.013	1.027	1.003	1	0.999	0.093	0.099	0.103	0.106	0.102	0.103	1.339	1.298	1.271	1.026	1.007	1.042	1.061	1.069	1.054	0.091	0.117	0.091	0.084	0.084	0.089
75:29:10	0.942	0.919	0.914	0.133	0.127	0.127	0.401	0.363	0.38	1.049	1.063	1.13	1.057	1.057	1.058	1.02	1.036	1.039	0.09	0.091	0.088	0.959	0.945	0.931	1.008	1.027	1.03	0.112	0.108	0.106	0.13	0.13	0.128	0.238	0.251	0.245	0.985	0.985	0.983	0.945	0.08	1.04	1.207	0.901	0.915	0.962	0.959	0.966	1.112	1.141	1.158	0.951	0.956	0.969	0.222	0.243	0.19	0.907	0.916	0.938	0.186	0.213	0.282	0.88	0.908	0.911	1.313	1.301	1.308	0.996	1.001	1.017	1	0.996	0.994	0.101	0.1	0.103	0.106	0.102	0.104	1.314	1.281	1.259	1.017	0.992	1.023	1.056	1.064	1.049	0.092	0.12	0.092	0.084	0.084	0.089